CLV,Total_Bookings,Average_distance,Recency_Months,Booking_Trend,Accumulation_Trend,Redemption_Trend,Seasonality_Index,Actual_Churn,Churn_Probability,Risk_Level,Customer_Segment,Recommended_Action
8672.19,24,1734.9166666666667,0.0,-0.3076923076923077,-0.37,-0.95,8.67,0,0.002830463,Low Risk,Active Regular Customers,No immediate action
5013.14,29,1596.4166666666667,8.0,-0.6170212765957447,-1.0,-0.98,14.25,0,0.8605242,High Risk,Dormant Customers,30% bonus miles + reactivation email
21172.39,54,3282.125,0.0,0.2545454545454547,0.76,-0.99,5.67,0,0.0029833552,Low Risk,Active Regular Customers,No immediate action
17771.55,3,229.91666666666666,0.0,0.5,919.67,0.0,0.92,0,0.00231444,Low Risk,Occasional Flyers,No immediate action
2734.51,37,2618.625,2.0,0.4634146341463416,1.54,-0.99,22.92,0,0.017421152,Low Risk,Active Regular Customers,No immediate action
5304.54,41,2317.875,0.0,0.06249999999999994,-0.01,0.94,12.92,0,0.0018499336,Low Risk,Active Regular Customers,No immediate action
49221.43,0,0.0,0.0,0.0,0.0,0.0,0.0,1,0.47304964,Medium Risk,Occasional Flyers,Double miles campaign
2880.35,43,2813.2083333333335,0.0,-0.058823529411764656,-0.06,0.91,78.25,0,0.011233195,Low Risk,Active Regular Customers,No immediate action
13450.96,37,2508.7083333333335,3.0,-0.4117647058823529,-0.66,-0.99,6.25,0,0.047181796,Low Risk,Active Regular Customers,No immediate action
4506.58,0,0.0,0.0,0.0,0.0,0.0,0.0,1,0.61384726,Medium Risk,Occasional Flyers,Double miles campaign
8624.92,45,3118.9583333333335,0.0,0.5000000000000001,0.54,-0.98,2.25,0,0.003547843,Low Risk,Active Regular Customers,No immediate action
2863.31,0,0.0,0.0,0.0,0.0,0.0,0.0,1,0.5471998,Medium Risk,Occasional Flyers,Double miles campaign
3934.71,25,2023.7916666666667,1.0,-0.4146341463414634,-0.68,-0.98,7.58,0,0.00712558,Low Risk,Active Regular Customers,No immediate action
3567.5,43,2701.75,0.0,0.10204081632653057,0.3,1.56,16.25,0,0.0035277922,Low Risk,Active Regular Customers,No immediate action
6005.21,13,423.1666666666667,1.0,1.5499999999999998,24.33,0.0,8.92,0,0.007900741,Low Risk,Occasional Flyers,No immediate action
12779.06,51,3309.25,0.0,0.16666666666666666,-0.03,-0.96,4.92,0,0.0035064947,Low Risk,Active Regular Customers,No immediate action
11447.51,26,1524.7916666666667,0.0,-0.15384615384615385,-0.65,-0.99,1.67,0,0.0029320843,Low Risk,Active Regular Customers,No immediate action
9298.89,25,1374.7916666666667,0.0,0.5937499999999999,0.19,280.17,11.58,0,0.0012242893,Low Risk,Occasional Flyers,No immediate action
51337.91,4,365.0,0.0,0.6666666666666666,1460.0,0.0,4.0,0,0.002264389,Low Risk,Occasional Flyers,No immediate action
3964.73,46,2845.0416666666665,2.0,0.1176470588235294,0.75,0.0,11.67,0,0.017788328,Low Risk,Active Regular Customers,No immediate action
6966.69,32,2291.5416666666665,0.0,0.42105263157894735,0.78,2.18,28.0,0,0.0010435783,Low Risk,Active Regular Customers,No immediate action
27789.69,28,1468.25,13.0,-0.6086956521739131,-1.0,-0.98,3.33,1,0.7787354,Medium Risk,Dormant Customers,Double miles campaign
2639.98,35,2241.5416666666665,0.0,-0.23404255319148937,-0.22,-0.95,26.92,0,0.001893853,Low Risk,Active Regular Customers,No immediate action
16464.37,7,668.625,1.0,1.1666666666666667,2674.5,0.0,12.25,0,0.009022662,Low Risk,Occasional Flyers,No immediate action
10852.96,36,2484.25,2.0,0.5,0.05,0.0,23.33,0,0.024592618,Low Risk,Active Regular Customers,No immediate action
2520.03,17,1185.5416666666667,0.0,0.5555555555555555,3.61,131.67,16.25,0,0.0022357681,Low Risk,Occasional Flyers,No immediate action
4541.26,25,1496.5,0.0,0.3235294117647059,1.75,103.17,8.92,0,0.0031414395,Low Risk,Occasional Flyers,No immediate action
2842.03,40,4757.909090909091,0.0,2.193548387096774,10.49,-0.97,22.0,0,0.028565824,Low Risk,Active Regular Customers,No immediate action
4100.47,49,2707.0,0.0,-0.08928571428571433,0.46,1.3,16.92,0,0.0035440489,Low Risk,Active Regular Customers,No immediate action
8059.89,41,2958.5833333333335,0.0,0.06249999999999994,-0.0,0.0,4.25,0,0.0046362183,Low Risk,Active Regular Customers,No immediate action
2593.82,26,1574.2083333333333,0.0,0.41176470588235303,0.92,0.03,4.33,0,0.0053726397,Low Risk,Active Regular Customers,No immediate action
8547.59,38,2073.625,1.0,0.22727272727272727,0.17,116.67,23.0,0,0.005037631,Low Risk,Active Regular Customers,No immediate action
7919.83,28,2040.75,1.0,0.10526315789473678,-0.18,-0.99,6.67,0,0.0050870865,Low Risk,Active Regular Customers,No immediate action
5352.19,50,3456.9166666666665,0.0,0.11111111111111116,0.21,1.59,1.0,0,0.007539373,Low Risk,Active Regular Customers,No immediate action
14914.53,34,2255.0416666666665,0.0,0.8333333333333333,0.9,-0.95,15.0,0,0.001618358,Low Risk,Active Regular Customers,No immediate action
6947.84,5,412.2083333333333,22.0,-0.2173913043478261,-1.0,0.0,6.25,1,0.8514028,High Risk,Dormant Customers,30% bonus miles + reactivation email
8271.91,33,2553.0833333333335,1.0,-0.3617021276595745,-0.61,-0.96,4.92,0,0.0063872286,Low Risk,Active Regular Customers,No immediate action
4932.92,34,2007.5833333333333,5.0,-0.52,-0.87,3.32,24.33,1,0.12128888,Low Risk,Active Regular Customers,No immediate action
3744.58,1,79.25,1.0,0.16666666666666666,317.0,0.0,0.25,0,0.0071819597,Low Risk,Occasional Flyers,No immediate action
17817.46,34,2538.2916666666665,0.0,0.4615384615384614,0.98,-0.96,3.67,0,0.0019045044,Low Risk,Active Regular Customers,No immediate action
10097.69,65,4074.6666666666665,0.0,0.17187500000000003,-0.1,-0.98,46.92,0,0.005394649,Low Risk,Active Regular Customers,No immediate action
6537.05,32,4097.0,1.0,4.4,46.67,0.0,98.67,0,0.09957573,Low Risk,Champions / Premium Travelers,Exclusive loyalty rewards
4105.58,9,1470.3636363636363,1.0,0.7142857142857143,4.7,0.0,8.25,0,0.010584282,Low Risk,Occasional Flyers,No immediate action
2616.41,48,3439.9583333333335,0.0,-0.3389830508474576,-0.38,-0.96,40.67,0,0.0016867458,Low Risk,Active Regular Customers,No immediate action
7425.85,79,2552.5625,0.0,0.6119402985074627,1.01,-0.99,132.92,0,0.0028674463,Low Risk,Active Regular Customers,No immediate action
2551.23,45,2633.0,0.0,0.13999999999999999,0.09,-0.99,10.25,0,0.0008523356,Low Risk,Active Regular Customers,No immediate action
4177.7,25,1672.0416666666667,1.0,-0.23076923076923078,-0.58,-0.97,28.92,0,0.013250113,Low Risk,Active Regular Customers,No immediate action
2886.45,31,1577.0,1.0,0.8529411764705883,1.12,-0.97,8.25,0,0.010477532,Low Risk,Active Regular Customers,No immediate action
11154.68,9,618.3333333333334,1.0,1.5,2473.33,0.0,20.25,0,0.007289764,Low Risk,Occasional Flyers,No immediate action
4962.21,42,2495.2083333333335,0.0,-0.1176470588235294,-0.05,-0.98,14.33,0,0.0016397911,Low Risk,Active Regular Customers,No immediate action
8640.75,41,3188.25,1.0,0.23913043478260865,0.3,2.84,44.25,0,0.021698993,Low Risk,Active Regular Customers,No immediate action
8954.84,40,2954.75,0.0,-0.16,-0.32,0.07,15.33,0,0.0033220379,Low Risk,Active Regular Customers,No immediate action
7434.68,34,2035.75,2.0,-0.2978723404255319,-0.55,-0.98,27.0,0,0.016867854,Low Risk,Active Regular Customers,No immediate action
12904.94,46,2782.875,2.0,0.03846153846153848,0.29,0.08,19.67,0,0.039306268,Low Risk,Active Regular Customers,No immediate action
4471.78,30,1418.3333333333333,0.0,0.5,1.59,0.0,72.33,0,0.0052505317,Low Risk,Active Regular Customers,No immediate action
5158.58,47,2556.4166666666665,0.0,0.34693877551020397,-0.02,1.86,14.92,0,0.0010437792,Low Risk,Active Regular Customers,No immediate action
4305.79,34,1781.0,0.0,0.4615384615384614,1.27,-0.99,3.0,0,0.0015029637,Low Risk,Active Regular Customers,No immediate action
22762.21,2,86.41666666666667,0.0,0.3333333333333333,345.67,0.0,1.0,0,0.0026731002,Low Risk,Occasional Flyers,No immediate action
2688.86,2,135.75,23.0,-0.09999999999999999,-0.99,0.0,1.0,1,0.88491946,High Risk,Dormant Customers,30% bonus miles + reactivation email
6183.11,22,1640.9583333333333,16.0,-0.55,-1.0,-0.98,16.33,1,0.77532077,Medium Risk,Dormant Customers,Double miles campaign
2315.09,0,0.0,0.0,0.0,0.0,0.0,0.0,1,0.45779398,Medium Risk,Occasional Flyers,Double miles campaign
7832.57,33,1669.8333333333333,1.0,-0.3617021276595745,-0.64,0.66,7.58,0,0.0048192157,Low Risk,Active Regular Customers,No immediate action
4567.87,34,2302.75,3.0,-0.52,-0.78,0.59,7.0,0,0.01884435,Low Risk,Active Regular Customers,No immediate action
8151.72,23,1237.75,0.0,1.2222222222222223,6.03,209.5,4.92,0,0.002788852,Low Risk,Occasional Flyers,No immediate action
6081.48,29,1868.9166666666667,0.0,-0.02500000000000001,0.43,-0.98,20.25,0,0.0020051845,Low Risk,Active Regular Customers,No immediate action
5218.97,21,1364.875,0.0,0.8214285714285714,3.04,89.0,1.58,0,0.0014551654,Low Risk,Occasional Flyers,No immediate action
7296.49,29,1683.8333333333333,0.0,0.07692307692307684,-0.49,2.56,14.92,0,0.0023923682,Low Risk,Active Regular Customers,No immediate action
2609.88,4,147.66666666666666,1.0,0.6666666666666666,590.67,0.0,4.0,0,0.0064285444,Low Risk,Occasional Flyers,No immediate action
9180.15,39,2908.0416666666665,0.0,0.10869565217391301,0.83,0.0,10.25,0,0.0049254196,Low Risk,Active Regular Customers,No immediate action
35984.1,15,940.7083333333334,2.0,0.5000000000000001,1.53,0.0,11.58,0,0.06990137,Low Risk,Occasional Flyers,No immediate action
24278.1,23,1436.75,10.0,-0.5609756097560975,-1.0,-0.98,20.92,1,0.84262294,High Risk,Dormant Customers,30% bonus miles + reactivation email
4949.8,0,0.0,0.0,0.0,0.0,0.0,0.0,0,0.61171925,Medium Risk,Occasional Flyers,Double miles campaign
9259.72,46,2333.5833333333335,2.0,-0.18181818181818177,-0.3,-0.99,39.0,0,0.009779789,Low Risk,Active Regular Customers,No immediate action
18370.57,9,462.2916666666667,0.0,1.2105263157894737,10.08,0.0,4.25,0,0.004696671,Low Risk,Occasional Flyers,No immediate action
3455.17,37,2515.875,0.0,-0.02173913043478262,0.06,0.0,6.92,0,0.0031358718,Low Risk,Active Regular Customers,No immediate action
13727.8,36,1830.25,0.0,0.2857142857142858,0.17,-0.97,17.33,0,0.001928619,Low Risk,Active Regular Customers,No immediate action
4838.98,19,1276.7916666666667,1.0,0.9615384615384616,2.74,0.0,8.25,0,0.00768536,Low Risk,Occasional Flyers,No immediate action
4655.21,31,1826.7083333333333,2.0,-0.07142857142857137,-0.63,-0.99,6.25,0,0.011094733,Low Risk,Active Regular Customers,No immediate action
13024.13,34,2165.0,0.0,-0.2173913043478261,-0.29,0.01,11.0,0,0.0021916076,Low Risk,Active Regular Customers,No immediate action
5050.83,23,1330.7916666666667,0.0,0.5483870967741936,1.06,-0.95,5.58,0,0.0029559503,Low Risk,Active Regular Customers,No immediate action
7610.2,15,1017.9166666666666,0.0,0.68,3.02,-0.99,1.58,0,0.003217206,Low Risk,Occasional Flyers,No immediate action
3494.15,6,336.5833333333333,2.0,0.0909090909090909,0.35,0.0,5.67,0,0.07571054,Low Risk,Occasional Flyers,No immediate action
3245.33,41,2648.9583333333335,0.0,0.06249999999999994,0.24,-0.99,40.92,0,0.0010176076,Low Risk,Active Regular Customers,No immediate action
7180.28,30,2210.1666666666665,0.0,0.1538461538461538,-0.21,0.0,17.0,0,0.002468948,Low Risk,Active Regular Customers,No immediate action
7048.38,0,0.0,0.0,0.0,0.0,0.0,0.0,0,0.6793221,Medium Risk,Occasional Flyers,Double miles campaign
3230.58,15,758.9166666666666,0.0,2.5,3035.67,0.0,14.25,0,0.00959355,Low Risk,Occasional Flyers,No immediate action
5926.73,38,2557.8333333333335,1.0,0.04347826086956524,0.1,-0.99,17.0,0,0.0038210591,Low Risk,Active Regular Customers,No immediate action
5274.2,32,1878.625,0.0,-0.1818181818181818,-0.62,1.33,7.33,0,0.0022245222,Low Risk,Active Regular Customers,No immediate action
35850.6,5,328.875,0.0,0.8333333333333334,1315.5,0.0,2.25,0,0.0025527112,Low Risk,Occasional Flyers,No immediate action
5783.18,18,955.9166666666666,0.0,3.0,3823.67,0.0,21.67,0,0.008212544,Low Risk,Occasional Flyers,No immediate action
5737.23,36,2332.625,0.0,-0.4705882352941177,-0.74,1.64,35.33,0,0.000734952,Low Risk,Active Regular Customers,No immediate action
4282.95,4,371.5833333333333,0.0,0.6666666666666666,1486.33,228.17,2.0,0,0.0027495944,Low Risk,Occasional Flyers,No immediate action
4270.03,20,1259.2916666666667,0.0,3.3333333333333335,5037.17,0.0,15.33,0,0.008937122,Low Risk,Occasional Flyers,No immediate action
5380.9,7,366.6666666666667,1.0,0.42857142857142855,12.43,135.5,4.25,0,0.004244555,Low Risk,Occasional Flyers,No immediate action
4957.16,17,898.375,8.0,-0.4857142857142857,-1.0,0.0,9.58,1,0.9359453,High Risk,Dormant Customers,30% bonus miles + reactivation email
3688.11,45,2997.5,0.0,0.4042553191489361,0.8,-0.98,3.58,0,0.0031771183,Low Risk,Active Regular Customers,No immediate action
41787.9,30,1704.0416666666667,2.0,-0.3181818181818182,-0.74,-0.99,30.33,0,0.014941751,Low Risk,Active Regular Customers,No immediate action
8377.5,36,2005.2083333333333,0.0,0.09090909090909094,0.4,113.0,42.0,0,0.001210238,Low Risk,Active Regular Customers,No immediate action
5123.2,37,2434.25,0.0,-0.4117647058823529,-0.6,-0.98,30.92,0,0.002476796,Low Risk,Active Regular Customers,No immediate action
13869.93,37,2292.3333333333335,0.0,0.4634146341463416,1.13,184.5,38.25,0,0.0009757743,Low Risk,Active Regular Customers,No immediate action
3109.01,40,2520.7916666666665,0.0,1.0526315789473684,1.95,-0.97,11.33,0,0.0033377477,Low Risk,Active Regular Customers,No immediate action
3647.25,43,3354.0416666666665,0.0,0.1874999999999999,0.07,0.0,38.25,0,0.0033395563,Low Risk,Active Regular Customers,No immediate action
8028.18,49,3425.2083333333335,0.0,-0.01818181818181812,-0.27,-0.14,4.25,0,0.0034585225,Low Risk,Active Regular Customers,No immediate action
13117.52,36,2440.5,0.0,0.0,-0.17,-0.97,4.67,0,0.0028213528,Low Risk,Active Regular Customers,No immediate action
11003.02,38,2309.2916666666665,0.0,-0.27999999999999997,-0.09,-0.98,20.33,0,0.001586138,Low Risk,Active Regular Customers,No immediate action
5012.18,0,0.0,0.0,0.0,0.0,0.0,0.0,0,0.61171925,Medium Risk,Occasional Flyers,Double miles campaign
4883.81,43,2922.7083333333335,0.0,-0.27777777777777773,-0.66,-0.97,32.25,0,0.004408238,Low Risk,Active Regular Customers,No immediate action
15025.19,29,1346.8333333333333,1.0,-0.21428571428571427,0.12,119.0,16.25,0,0.0037118807,Low Risk,Active Regular Customers,No immediate action
2222.87,34,2138.0416666666665,2.0,0.046511627906976764,0.13,-0.96,11.0,0,0.021466944,Low Risk,Active Regular Customers,No immediate action
5049.69,29,1320.625,7.0,-0.6170212765957447,-1.0,-0.96,18.25,1,0.807685,High Risk,Active Regular Customers,Personalized route discount
2452.36,0,0.0,0.0,0.0,0.0,0.0,0.0,1,0.5885664,Medium Risk,Occasional Flyers,Double miles campaign
12052.98,33,2423.2916666666665,1.0,-0.2,-0.23,2.18,7.58,0,0.0036914903,Low Risk,Active Regular Customers,No immediate action
12877.78,0,0.0,0.0,0.0,0.0,0.0,0.0,1,0.6085993,Medium Risk,Occasional Flyers,Double miles campaign
2414.77,14,521.375,1.0,1.7,13.56,0.0,11.67,0,0.00914433,Low Risk,Occasional Flyers,No immediate action
2615.91,28,1545.7083333333333,0.0,0.8750000000000002,1.54,0.59,46.0,0,0.0026125347,Low Risk,Active Regular Customers,No immediate action
8834.32,3,164.75,1.0,0.5,659.0,0.0,0.92,0,0.0036341422,Low Risk,Occasional Flyers,No immediate action
3713.8,2,189.75,2.0,0.3333333333333333,759.0,0.0,1.0,0,0.016499344,Low Risk,Occasional Flyers,No immediate action
13295.6,5,358.5416666666667,20.0,-0.2173913043478261,-1.0,-0.99,3.58,1,0.9304756,High Risk,Dormant Customers,30% bonus miles + reactivation email
10484.92,11,725.8333333333334,18.0,-0.37931034482758624,-1.0,-0.97,4.25,1,0.9609546,High Risk,Dormant Customers,30% bonus miles + reactivation email
6446.71,81,11633.09090909091,1.0,0.5652173913043478,0.03,126.17,261.58,0,0.033524532,Low Risk,Champions / Premium Travelers,Exclusive loyalty rewards
9344.43,17,1114.2916666666667,0.0,0.10000000000000005,0.52,-0.97,17.58,0,0.010310908,Low Risk,Occasional Flyers,No immediate action
5113.9,30,1613.125,0.0,0.37837837837837834,1.31,4.12,35.67,0,0.0022918284,Low Risk,Active Regular Customers,No immediate action
4327.1,29,1342.1666666666667,0.0,-0.3023255813953488,-0.33,-0.97,6.25,0,0.0022803587,Low Risk,Active Regular Customers,No immediate action
8798.31,46,3054.2083333333335,1.0,-0.18181818181818177,-0.05,-0.99,19.0,0,0.0077050948,Low Risk,Active Regular Customers,No immediate action
2840.85,41,2246.5,4.0,-0.32075471698113206,-0.32,-0.96,42.92,0,0.05394189,Low Risk,Active Regular Customers,No immediate action
5534.82,0,0.0,0.0,0.0,0.0,0.0,0.0,0,0.61171925,Medium Risk,Occasional Flyers,Double miles campaign
9404.45,38,2386.375,5.0,-0.35294117647058826,-0.21,-0.99,46.33,0,0.10857673,Low Risk,Active Regular Customers,No immediate action
22332.44,39,2448.875,1.0,-0.21999999999999995,-0.78,0.55,24.25,0,0.0045118975,Low Risk,Active Regular Customers,No immediate action
4786.05,36,2203.9583333333335,0.0,0.7368421052631577,1.02,0.0,54.67,0,0.0030520295,Low Risk,Active Regular Customers,No immediate action
4770.55,65,9419.636363636364,0.0,1.6808510638297873,1.01,78.0,448.25,0,0.04649684,Low Risk,Champions / Premium Travelers,Exclusive loyalty rewards
9067.66,5,488.125,0.0,0.8333333333333334,1952.5,0.0,6.25,0,0.0050663785,Low Risk,Occasional Flyers,No immediate action
4935.19,11,838.125,11.0,-0.37931034482758624,-1.0,-0.96,11.58,1,0.95781946,High Risk,Dormant Customers,30% bonus miles + reactivation email
4013.95,0,0.0,0.0,0.0,0.0,0.0,0.0,1,0.61384726,Medium Risk,Occasional Flyers,Double miles campaign
7771.16,25,1518.6666666666667,2.0,0.3235294117647059,1.2,0.0,10.92,0,0.020522008,Low Risk,Active Regular Customers,No immediate action
5479.56,42,3308.3333333333335,2.0,0.7142857142857144,1.12,-0.97,33.67,0,0.060188327,Low Risk,Active Regular Customers,No immediate action
3086.72,16,1071.0833333333333,0.0,-0.12903225806451613,-0.48,-0.97,10.0,0,0.01767699,Low Risk,Occasional Flyers,No immediate action
6515.03,36,2113.1666666666665,1.0,0.7368421052631577,0.77,0.98,6.0,0,0.0048522456,Low Risk,Active Regular Customers,No immediate action
4908.21,8,685.125,2.0,1.3333333333333333,2740.5,0.0,11.33,0,0.036967274,Low Risk,Occasional Flyers,No immediate action
7639.67,0,0.0,0.0,0.0,0.0,0.0,0.0,1,0.5989688,Medium Risk,Occasional Flyers,Double miles campaign
14260.91,27,1484.5833333333333,0.0,0.9354838709677419,3.49,-0.95,4.92,0,0.0036426645,Low Risk,Active Regular Customers,No immediate action
16473.17,28,1723.125,0.0,1.3793103448275863,3.46,0.0,22.0,0,0.008059212,Low Risk,Active Regular Customers,No immediate action
2004.35,29,1717.4583333333333,6.0,-0.6170212765957447,-1.0,-0.97,24.25,1,0.8097328,High Risk,Active Regular Customers,Personalized route discount
9032.37,55,4186.333333333333,0.0,0.38888888888888884,0.74,1.38,47.58,0,0.0042334185,Low Risk,Active Regular Customers,No immediate action
5278.65,44,2846.3333333333335,0.0,0.5333333333333334,0.58,1.59,16.67,0,0.0029323392,Low Risk,Active Regular Customers,No immediate action
44468.02,46,2915.9166666666665,0.0,0.46808510638297873,1.34,-0.98,11.0,0,0.0025111865,Low Risk,Active Regular Customers,No immediate action
8265.38,3,234.08333333333334,1.0,0.5,936.33,0.0,2.25,0,0.003596221,Low Risk,Occasional Flyers,No immediate action
13736.13,52,3744.0,3.0,0.07142857142857145,0.05,-0.98,28.67,0,0.11661008,Low Risk,Active Regular Customers,No immediate action
4053.37,29,1400.0833333333333,0.0,0.07692307692307684,-0.03,2.12,25.58,0,0.00092143536,Low Risk,Active Regular Customers,No immediate action
10839.51,0,0.0,0.0,0.0,0.0,0.0,0.0,1,0.6085993,Medium Risk,Occasional Flyers,Double miles campaign
6819.23,31,1890.6666666666667,5.0,-0.4130434782608696,-0.7,-0.98,6.92,0,0.5083388,Medium Risk,Active Regular Customers,Double miles campaign
11516.41,19,1179.5833333333333,1.0,1.375,6.65,-0.96,14.25,0,0.006301799,Low Risk,Occasional Flyers,No immediate action
2974.31,37,2298.625,0.0,0.15909090909090906,-0.16,-0.99,16.25,0,0.0011624625,Low Risk,Active Regular Customers,No immediate action
7285.03,31,1891.2916666666667,1.0,0.9999999999999998,1.41,-0.99,18.25,0,0.00732919,Low Risk,Active Regular Customers,No immediate action
5350.21,1,94.25,21.0,-0.05263157894736842,-0.99,0.0,0.25,1,0.8911783,High Risk,Dormant Customers,30% bonus miles + reactivation email
6503.4,38,2206.7083333333335,0.0,0.5365853658536586,0.38,-0.97,48.33,0,0.0011098805,Low Risk,Active Regular Customers,No immediate action
10960.94,3,115.5,0.0,0.5,462.0,0.0,0.92,0,0.0023202223,Low Risk,Occasional Flyers,No immediate action
9031.21,42,2734.2916666666665,0.0,0.21276595744680843,0.4,0.0,23.0,0,0.0020631116,Low Risk,Active Regular Customers,No immediate action
12487.58,39,3040.5,0.0,0.6097560975609756,0.99,0.0,23.58,0,0.0030621588,Low Risk,Active Regular Customers,No immediate action
2227.07,25,1600.8333333333333,2.0,-0.325,-0.66,1.31,2.25,0,0.014560066,Low Risk,Active Regular Customers,No immediate action
5607.25,40,2617.0833333333335,0.0,-0.08163265306122452,-0.12,-0.99,10.0,0,0.00096786756,Low Risk,Active Regular Customers,No immediate action
2423.76,39,2509.5416666666665,0.0,-0.06250000000000001,-0.26,81.5,2.92,0,0.0009930435,Low Risk,Active Regular Customers,No immediate action
3883.4,36,1970.9583333333333,1.0,0.2857142857142858,0.69,104.83,18.0,0,0.0070510875,Low Risk,Active Regular Customers,No immediate action
14024.36,45,2621.5,1.0,-0.0943396226415094,0.11,1.66,22.92,0,0.00471156,Low Risk,Active Regular Customers,No immediate action
3486.7,39,2382.9583333333335,0.0,0.2,0.38,-0.98,18.92,0,0.0014399594,Low Risk,Active Regular Customers,No immediate action
2893.74,63,4853.454545454545,0.0,2.525,5.33,-0.98,161.58,0,0.044017766,Low Risk,Champions / Premium Travelers,Exclusive loyalty rewards
6862.87,36,2391.375,0.0,0.09090909090909094,0.73,155.0,4.67,0,0.0013328793,Low Risk,Active Regular Customers,No immediate action
13024.13,26,1726.8333333333333,0.0,-0.15384615384615385,-0.03,0.25,16.33,0,0.0020500245,Low Risk,Active Regular Customers,No immediate action
7432.2,27,1639.5,0.0,-0.17500000000000002,0.01,85.5,8.92,0,0.0020430058,Low Risk,Active Regular Customers,No immediate action
3975.32,44,3038.0833333333335,1.0,0.43478260869565216,0.02,0.0,14.0,0,0.010596758,Low Risk,Active Regular Customers,No immediate action
3000.44,23,1440.0,0.0,0.5483870967741936,1.92,96.17,23.58,0,0.0030749957,Low Risk,Occasional Flyers,No immediate action
7630.35,31,1991.4166666666667,4.0,-0.4130434782608696,-0.71,0.0,44.92,0,0.094484925,Low Risk,Active Regular Customers,No immediate action
23893.3,30,1901.625,0.0,0.6285714285714286,2.04,-0.96,16.33,0,0.001219241,Low Risk,Active Regular Customers,No immediate action
4165.25,39,2180.125,0.0,0.29545454545454536,0.65,0.0,28.92,0,0.0025928335,Low Risk,Active Regular Customers,No immediate action
2939.94,28,1595.9583333333333,0.0,0.45714285714285713,0.18,1.6,10.0,0,0.004907524,Low Risk,Active Regular Customers,No immediate action
4931.26,34,2043.1666666666667,0.0,0.24390243902439027,0.14,88.67,17.67,0,0.0015473755,Low Risk,Active Regular Customers,No immediate action
2628.47,32,1934.8333333333333,0.0,0.19999999999999998,0.46,1.67,22.67,0,0.0011562929,Low Risk,Active Regular Customers,No immediate action
2335.88,44,2938.625,0.0,0.3404255319148936,0.08,-0.96,3.33,0,0.001526963,Low Risk,Active Regular Customers,No immediate action
4347.16,39,1969.4166666666667,0.0,-0.06250000000000001,-0.48,-0.98,26.92,0,0.0019041299,Low Risk,Active Regular Customers,No immediate action
5757.44,2,111.66666666666667,0.0,0.3333333333333333,446.67,0.0,1.0,0,0.0024763236,Low Risk,Occasional Flyers,No immediate action
7556.51,35,2316.1666666666665,0.0,-0.0666666666666667,-0.34,-0.98,18.25,0,0.0017757296,Low Risk,Active Regular Customers,No immediate action
20096.89,25,1676.625,1.0,-0.325,-0.73,0.0,4.92,0,0.006464274,Low Risk,Active Regular Customers,No immediate action
14158.61,29,1829.5416666666667,2.0,-0.12195121951219508,0.26,160.33,30.92,0,0.011498812,Low Risk,Active Regular Customers,No immediate action
7809.86,0,0.0,0.0,0.0,0.0,0.0,0.0,0,0.5989688,Medium Risk,Occasional Flyers,Double miles campaign
2417.76,0,0.0,0.0,0.0,0.0,0.0,0.0,1,0.4995626,Medium Risk,Occasional Flyers,Double miles campaign
7980.49,21,1590.375,0.0,2.4285714285714284,18.19,97.83,16.92,0,0.0051327767,Low Risk,Occasional Flyers,No immediate action
2893.81,45,2553.625,2.0,-0.16666666666666666,-0.34,-0.98,15.58,0,0.01335489,Low Risk,Active Regular Customers,No immediate action
2484.75,26,1735.875,0.0,0.8387096774193546,1.76,-0.97,4.33,0,0.0017720786,Low Risk,Active Regular Customers,No immediate action
5764.65,0,0.0,0.0,0.0,0.0,0.0,0.0,1,0.631931,Medium Risk,Occasional Flyers,Double miles campaign
3580.08,35,2410.1666666666665,0.0,-0.0666666666666667,0.04,1.26,2.25,0,0.0023247402,Low Risk,Active Regular Customers,No immediate action
13352.56,62,9027.636363636364,0.0,5.923076923076923,13.64,219.5,267.67,0,0.008562224,Low Risk,Champions / Premium Travelers,Exclusive loyalty rewards
4334.06,37,2538.0,1.0,0.4634146341463416,1.54,0.0,54.25,0,0.014642869,Low Risk,Active Regular Customers,No immediate action
19393.21,16,1026.0,0.0,1.0000000000000002,5.66,75.17,0.67,0,0.0011771668,Low Risk,Occasional Flyers,No immediate action
4904.89,50,3335.875,0.0,-0.10526315789473682,-0.18,0.01,3.0,0,0.0056092087,Low Risk,Active Regular Customers,No immediate action
4787.47,39,2479.25,0.0,-0.1428571428571429,-0.26,-0.99,14.25,0,0.00093359617,Low Risk,Active Regular Customers,No immediate action
8400.79,34,2282.5416666666665,0.0,-0.04545454545454547,0.17,-0.96,29.67,0,0.0025997038,Low Risk,Active Regular Customers,No immediate action
2582.41,31,1857.6666666666667,0.0,0.3421052631578947,0.59,0.0,17.58,0,0.0044766325,Low Risk,Active Regular Customers,No immediate action
3886.65,26,1780.5416666666667,0.0,0.28571428571428575,1.2,0.0,9.0,0,0.003140505,Low Risk,Active Regular Customers,No immediate action
7706.03,45,2305.9166666666665,0.0,0.4042553191489361,1.12,97.5,24.25,0,0.0017666774,Low Risk,Active Regular Customers,No immediate action
6112.76,0,0.0,0.0,0.0,0.0,0.0,0.0,0,0.6084303,Medium Risk,Occasional Flyers,Double miles campaign
8009.47,0,0.0,0.0,0.0,0.0,0.0,0.0,1,0.5989688,Medium Risk,Occasional Flyers,Double miles campaign
12741.85,39,2571.0,0.0,-0.21999999999999995,-0.2,-0.96,8.25,0,0.002036993,Low Risk,Active Regular Customers,No immediate action
8767.63,37,2529.6666666666665,0.0,0.0666666666666667,0.01,0.35,14.25,0,0.0025688466,Low Risk,Active Regular Customers,No immediate action
7236.13,37,2296.9583333333335,1.0,-0.1063829787234043,-0.07,0.48,10.92,0,0.005677631,Low Risk,Active Regular Customers,No immediate action
22261.02,31,1967.2916666666667,1.0,0.3421052631578947,0.18,-0.99,14.25,0,0.0034119226,Low Risk,Active Regular Customers,No immediate action
5096.67,0,0.0,0.0,0.0,0.0,0.0,0.0,1,0.61171925,Medium Risk,Occasional Flyers,Double miles campaign
34039.06,18,1088.625,0.0,1.04,3.18,73.83,8.33,0,0.0071112067,Low Risk,Occasional Flyers,No immediate action
6743.12,40,2386.0833333333335,0.0,-0.3773584905660377,-0.59,-0.97,36.67,0,0.001569165,Low Risk,Active Regular Customers,No immediate action
8207.78,33,1956.3333333333333,0.0,-0.2,-0.42,-0.95,30.25,0,0.0023841679,Low Risk,Active Regular Customers,No immediate action
7720.16,39,2307.625,0.0,0.10869565217391301,-0.43,0.0,0.92,0,0.0025863883,Low Risk,Active Regular Customers,No immediate action
7850.13,46,3368.9583333333335,0.0,0.3749999999999999,0.99,-0.28,1.67,0,0.004409657,Low Risk,Active Regular Customers,No immediate action
15727.13,54,3365.5833333333335,0.0,-0.10000000000000003,-0.22,4.78,9.67,0,0.0029061493,Low Risk,Active Regular Customers,No immediate action
23594.68,41,2919.7916666666665,0.0,0.8749999999999999,3.17,-0.98,16.25,0,0.0020171392,Low Risk,Active Regular Customers,No immediate action
7993.0,36,2644.875,1.0,0.3902439024390244,0.51,-0.98,6.0,0,0.005053669,Low Risk,Active Regular Customers,No immediate action
2685.18,44,2279.7083333333335,0.0,-0.35714285714285715,-0.63,101.67,21.33,0,0.0017396566,Low Risk,Active Regular Customers,No immediate action
6488.9,46,2743.4166666666665,0.0,0.3749999999999999,1.68,85.67,21.67,0,0.0016318946,Low Risk,Active Regular Customers,No immediate action
8487.24,10,949.875,8.0,-0.35714285714285715,-1.0,0.0,3.67,1,0.9288216,High Risk,Dormant Customers,30% bonus miles + reactivation email
8609.16,59,7964.181818181818,0.0,5.222222222222222,12.61,112.5,44.92,0,0.020261487,Low Risk,Champions / Premium Travelers,Exclusive loyalty rewards
8901.68,34,2070.625,0.0,-0.04545454545454547,0.25,67.5,5.67,0,0.0026817801,Low Risk,Active Regular Customers,No immediate action
5791.61,47,3438.8333333333335,1.0,0.018867924528301893,-0.25,0.0,16.92,0,0.013384422,Low Risk,Active Regular Customers,No immediate action
5981.38,32,1649.0833333333333,3.0,-0.26666666666666666,-0.54,69.5,14.67,0,0.018387686,Low Risk,Active Regular Customers,No immediate action
2497.53,25,1554.4583333333333,0.0,-0.23076923076923078,-0.52,-0.99,0.92,0,0.0023630485,Low Risk,Active Regular Customers,No immediate action
8476.08,19,1197.875,0.0,0.6071428571428571,0.84,0.0,4.92,0,0.0062890053,Low Risk,Occasional Flyers,No immediate action
6521.37,38,5456.181818181818,1.0,0.04347826086956524,0.17,0.0,110.33,0,0.03855127,Low Risk,Active Regular Customers,No immediate action
14208.51,40,2592.125,0.0,-0.08163265306122452,-0.16,175.67,16.67,0,0.0010178083,Low Risk,Active Regular Customers,No immediate action
6395.35,41,2912.125,0.0,0.23913043478260865,0.18,0.0,5.58,0,0.0036098475,Low Risk,Active Regular Customers,No immediate action
20774.02,19,1222.8333333333333,1.0,0.3000000000000001,-0.17,2.59,7.58,0,0.01979538,Low Risk,Occasional Flyers,No immediate action
7434.27,0,0.0,0.0,0.0,0.0,0.0,0.0,0,0.5961869,Medium Risk,Occasional Flyers,Double miles campaign
5879.18,45,3107.3333333333335,0.0,-0.30357142857142855,-0.63,-0.99,48.92,0,0.005049818,Low Risk,Active Regular Customers,No immediate action
2409.76,3,239.125,23.0,-0.14285714285714285,-1.0,0.0,2.25,1,0.92938894,High Risk,Dormant Customers,30% bonus miles + reactivation email
36707.43,72,13245.818181818182,4.0,2.2608695652173916,4.99,0.0,1112.67,0,0.3565487,Low Risk,Champions / Premium Travelers,Exclusive loyalty rewards
32069.88,49,3215.5416666666665,0.0,-0.35000000000000003,-0.45,-0.99,16.25,0,0.001484726,Low Risk,Active Regular Customers,No immediate action
4582.69,42,2922.8333333333335,0.0,-0.03999999999999994,-0.24,0.0,25.67,0,0.0032308348,Low Risk,Active Regular Customers,No immediate action
7439.98,55,3938.2916666666665,0.0,-0.050000000000000086,-0.28,-0.98,30.92,0,0.0017866248,Low Risk,Active Regular Customers,No immediate action
10623.41,49,3414.875,1.0,-0.4098360655737705,-0.62,-0.96,28.25,0,0.013148034,Low Risk,Active Regular Customers,No immediate action
4734.26,40,2294.9166666666665,0.0,0.7999999999999999,1.1,-0.98,12.67,0,0.0013200131,Low Risk,Active Regular Customers,No immediate action
8520.15,31,2148.5,0.0,0.5833333333333333,0.48,3.87,28.92,0,0.0022959088,Low Risk,Active Regular Customers,No immediate action
10972.07,0,0.0,0.0,0.0,0.0,0.0,0.0,1,0.6085993,Medium Risk,Occasional Flyers,Double miles campaign
5480.07,0,0.0,0.0,0.0,0.0,0.0,0.0,0,0.61171925,Medium Risk,Occasional Flyers,Double miles campaign
5580.96,0,0.0,0.0,0.0,0.0,0.0,0.0,1,0.61171925,Medium Risk,Occasional Flyers,Double miles campaign
9472.97,31,2415.5,4.0,-0.4130434782608696,-0.59,-0.99,68.25,0,0.123468354,Low Risk,Active Regular Customers,No immediate action
9080.64,38,3025.2083333333335,0.0,0.8947368421052632,1.48,-0.98,45.67,0,0.0037845045,Low Risk,Active Regular Customers,No immediate action
18680.99,35,2170.125,0.0,-0.5294117647058824,-0.81,74.33,6.25,0,0.002994366,Low Risk,Active Regular Customers,No immediate action
8283.07,32,2110.6666666666665,1.0,0.42105263157894735,-0.02,0.0,24.0,0,0.008625259,Low Risk,Active Regular Customers,No immediate action
5845.43,35,2428.375,0.0,0.6578947368421052,0.77,1.96,6.92,0,0.0014743058,Low Risk,Active Regular Customers,No immediate action
8923.11,13,730.6666666666666,0.0,2.1666666666666665,2922.67,0.0,15.58,0,0.0045430614,Low Risk,Occasional Flyers,No immediate action
3591.07,39,2506.5416666666665,0.0,0.3953488372093024,0.95,-0.99,6.25,0,0.0010664425,Low Risk,Active Regular Customers,No immediate action
4422.88,6,230.25,0.0,1.0,921.0,0.0,3.67,0,0.0020973624,Low Risk,Occasional Flyers,No immediate action
2941.83,31,1687.9166666666667,0.0,-0.4130434782608696,-0.75,-0.97,2.92,0,0.003846516,Low Risk,Active Regular Customers,No immediate action
11131.57,37,1990.5,0.0,0.0666666666666667,0.46,-0.95,8.25,0,0.0020797758,Low Risk,Active Regular Customers,No immediate action
4475.05,44,2624.9583333333335,0.0,0.08000000000000004,0.09,-0.98,16.67,1,0.0017827011,Low Risk,Active Regular Customers,No immediate action
15984.53,38,2037.9166666666667,2.0,-0.20408163265306123,-0.08,-0.97,6.33,0,0.019889463,Low Risk,Active Regular Customers,No immediate action
5181.62,0,0.0,0.0,0.0,0.0,0.0,0.0,0,0.61171925,Medium Risk,Occasional Flyers,Double miles campaign
5945.62,34,2243.8333333333335,0.0,0.046511627906976764,-0.05,93.83,9.67,0,0.0015597392,Low Risk,Active Regular Customers,No immediate action
17349.03,11,972.0416666666666,5.0,0.5652173913043479,3.54,-0.97,6.25,0,0.83989936,High Risk,Occasional Flyers,Weekend fare promotion
8663.36,0,0.0,0.0,0.0,0.0,0.0,0.0,0,0.5989688,Medium Risk,Occasional Flyers,Double miles campaign
7663.51,27,1651.75,2.0,-0.4418604651162791,-0.76,-0.97,10.92,0,0.011672814,Low Risk,Active Regular Customers,No immediate action
7344.84,12,426.25,0.0,2.0,1705.0,0.0,6.67,0,0.0029371865,Low Risk,Occasional Flyers,No immediate action
22256.69,29,1732.2916666666667,0.0,-0.4666666666666667,-0.89,0.0,18.92,0,0.0014302357,Low Risk,Active Regular Customers,No immediate action
2360.6,38,2383.4583333333335,0.0,0.5365853658536586,1.25,1.25,78.33,0,0.0013891866,Low Risk,Active Regular Customers,No immediate action
6290.7,56,3698.0416666666665,0.0,0.21052631578947378,0.55,7.87,8.67,0,0.003795292,Low Risk,Active Regular Customers,No immediate action
7948.54,45,3165.4166666666665,0.0,0.8139534883720931,1.05,0.0,10.92,0,0.0035443725,Low Risk,Active Regular Customers,No immediate action
5536.39,29,1373.375,0.0,0.07692307692307684,0.08,-0.98,1.58,0,0.002205795,Low Risk,Active Regular Customers,No immediate action
2430.48,38,2417.0833333333335,0.0,0.04347826086956524,0.16,1.54,3.67,0,0.0011186342,Low Risk,Active Regular Customers,No immediate action
11003.02,32,1653.5833333333333,1.0,-0.425531914893617,-0.72,-0.98,20.67,0,0.008322053,Low Risk,Active Regular Customers,No immediate action
4984.62,31,1916.25,1.0,0.23076923076923073,0.24,-0.99,14.92,0,0.0044673746,Low Risk,Active Regular Customers,No immediate action
4163.79,25,1355.5416666666667,0.0,-0.23076923076923078,-0.47,2.06,9.58,0,0.0011227252,Low Risk,Active Regular Customers,No immediate action
5267.85,36,2117.2083333333335,0.0,0.5,0.9,-0.96,16.0,0,0.0013904712,Low Risk,Active Regular Customers,No immediate action
12519.8,34,2280.2916666666665,1.0,-0.2173913043478261,-0.02,0.0,23.0,0,0.008749895,Low Risk,Active Regular Customers,No immediate action
4654.84,0,0.0,0.0,0.0,0.0,0.0,0.0,0,0.61384726,Medium Risk,Occasional Flyers,Double miles campaign
10003.25,36,2218.9583333333335,1.0,0.0,-0.17,2.07,2.0,0,0.0075576236,Low Risk,Active Regular Customers,No immediate action
8842.65,33,2044.2083333333333,1.0,0.3846153846153845,1.45,1.24,15.58,0,0.0061303535,Low Risk,Active Regular Customers,No immediate action
2311.21,40,2396.2916666666665,1.0,0.17391304347826086,0.09,0.61,32.67,0,0.004420596,Low Risk,Active Regular Customers,No immediate action
22658.54,0,0.0,0.0,0.0,0.0,0.0,0.0,1,0.5882705,Medium Risk,Occasional Flyers,Double miles campaign
8447.89,24,1715.1818181818182,7.0,-0.5714285714285715,-1.0,0.0,144.0,0,0.8183114,High Risk,Active Regular Customers,Personalized route discount
2520.3,4,166.66666666666666,0.0,0.6666666666666666,666.67,0.0,4.0,0,0.0019576363,Low Risk,Occasional Flyers,No immediate action
2004.35,31,1973.9166666666667,1.0,-0.24999999999999994,-0.18,-0.99,6.25,0,0.018946946,Low Risk,Active Regular Customers,No immediate action
4242.69,15,1096.5833333333333,6.0,-0.45454545454545453,-1.0,-0.99,6.92,1,0.7584999,Medium Risk,Occasional Flyers,Double miles campaign
2580.85,18,1260.1666666666667,0.0,0.20000000000000004,0.61,-0.95,9.67,0,0.0119659295,Low Risk,Occasional Flyers,No immediate action
4890.11,46,2624.0416666666665,0.0,0.6666666666666666,1.55,-0.96,72.33,0,0.0030589406,Low Risk,Active Regular Customers,No immediate action
19323.24,33,1925.625,0.0,-0.023255813953488382,-0.32,119.0,4.25,0,0.0014717256,Low Risk,Active Regular Customers,No immediate action
10759.4,35,2249.25,0.0,0.022727272727272735,-0.31,1.81,9.58,0,0.0011800246,Low Risk,Active Regular Customers,No immediate action
11971.98,7,423.9166666666667,19.0,-0.28,-1.0,0.0,12.25,1,0.95525295,High Risk,Dormant Customers,30% bonus miles + reactivation email
2504.91,24,1129.9583333333333,1.0,0.0,0.09,-0.99,18.0,0,0.0036440766,Low Risk,Active Regular Customers,No immediate action
6005.21,8,298.75,0.0,1.3333333333333333,1195.0,85.0,11.33,0,0.0042549144,Low Risk,Occasional Flyers,No immediate action
8376.33,41,5563.636363636364,0.0,4.125,18.41,0.0,37.58,0,0.02401321,Low Risk,Champions / Premium Travelers,Exclusive loyalty rewards
2866.6,47,3035.2916666666665,0.0,0.4375,0.29,0.7,34.25,0,0.0023877125,Low Risk,Active Regular Customers,No immediate action
8696.91,49,2265.4583333333335,0.0,-0.01818181818181812,0.15,2.03,8.25,0,0.0021655674,Low Risk,Active Regular Customers,No immediate action
10552.88,34,1822.7083333333333,0.0,-0.2173913043478261,-0.33,-0.98,19.67,0,0.0016377331,Low Risk,Active Regular Customers,No immediate action
10272.61,0,0.0,0.0,0.0,0.0,0.0,0.0,0,0.6085993,Medium Risk,Occasional Flyers,Double miles campaign
4627.09,20,1285.125,0.0,1.5,10.94,0.0,4.67,0,0.004559002,Low Risk,Occasional Flyers,No immediate action
5641.36,30,1867.875,0.0,-0.14285714285714285,0.24,0.0,29.67,0,0.0028659008,Low Risk,Active Regular Customers,No immediate action
2748.8,47,2972.5416666666665,0.0,0.09615384615384612,0.03,6.65,24.92,0,0.0020278657,Low Risk,Active Regular Customers,No immediate action
2771.05,0,0.0,0.0,0.0,0.0,0.0,0.0,1,0.58610946,Medium Risk,Occasional Flyers,Double miles campaign
14014.1,26,1751.75,0.0,0.054054054054054085,0.61,-0.96,1.67,0,0.0023585362,Low Risk,Active Regular Customers,No immediate action
11925.72,28,1644.9166666666667,2.0,-0.19512195121951215,0.02,91.5,19.33,0,0.011187422,Low Risk,Active Regular Customers,No immediate action
13478.8,33,1774.7916666666667,0.0,-0.023255813953488382,0.31,-0.96,5.58,0,0.0025057408,Low Risk,Active Regular Customers,No immediate action
3844.57,86,2887.4166666666665,0.0,-0.2921348314606742,-0.52,0.29,51.0,0,0.011571498,Low Risk,Active Regular Customers,No immediate action
5181.62,42,1985.125,2.0,-0.03999999999999994,-0.1,-0.95,12.33,0,0.009097387,Low Risk,Active Regular Customers,No immediate action
6762.08,57,3750.6666666666665,0.0,0.4181818181818183,0.98,1.1,34.25,0,0.003749759,Low Risk,Active Regular Customers,No immediate action
23706.11,51,8148.0,0.0,6.227272727272727,60.97,74.67,104.92,0,0.019455433,Low Risk,Champions / Premium Travelers,Exclusive loyalty rewards
6162.2,21,1574.0,14.0,-0.5384615384615384,-1.0,0.0,4.92,1,0.84321886,High Risk,Dormant Customers,30% bonus miles + reactivation email
5379.48,12,700.9166666666666,0.0,2.0,2803.67,108.33,12.67,0,0.006445583,Low Risk,Occasional Flyers,No immediate action
12157.33,0,0.0,0.0,0.0,0.0,0.0,0.0,1,0.6085993,Medium Risk,Occasional Flyers,Double miles campaign
2872.98,38,1830.2083333333333,1.0,0.3255813953488372,0.05,0.0,19.67,0,0.0056989505,Low Risk,Active Regular Customers,No immediate action
5577.94,33,5391.363636363636,0.0,1.0294117647058825,1.7,0.0,10.92,0,0.031797595,Low Risk,Active Regular Customers,No immediate action
2909.55,33,2059.2083333333335,0.0,0.17073170731707327,0.73,-0.99,12.25,0,0.0011828172,Low Risk,Active Regular Customers,No immediate action
5570.18,28,1620.25,4.0,0.10526315789473678,-0.02,1.3,23.33,0,0.05418145,Low Risk,Active Regular Customers,No immediate action
3954.34,0,0.0,0.0,0.0,0.0,0.0,0.0,1,0.61384726,Medium Risk,Occasional Flyers,Double miles campaign
2721.59,23,1535.25,1.0,0.40625,1.51,-0.99,10.92,0,0.00541228,Low Risk,Active Regular Customers,No immediate action
4834.71,39,2830.2916666666665,0.0,0.3953488372093024,0.5,-0.03,10.92,0,0.0019235829,Low Risk,Active Regular Customers,No immediate action
20998.26,36,2221.875,2.0,-0.08695652173913047,0.21,-0.98,30.0,0,0.01613073,Low Risk,Active Regular Customers,No immediate action
6948.33,50,3499.25,0.0,-0.035714285714285726,-0.17,0.6,29.67,0,0.0019213979,Low Risk,Active Regular Customers,No immediate action
6277.01,0,0.0,0.0,0.0,0.0,0.0,0.0,1,0.6084303,Medium Risk,Occasional Flyers,Double miles campaign
17776.82,35,2188.7083333333335,0.0,0.5384615384615384,0.81,-0.96,39.58,0,0.0011885834,Low Risk,Active Regular Customers,No immediate action
5843.61,44,2860.3333333333335,1.0,0.0,-0.08,-0.99,12.0,0,0.00602425,Low Risk,Active Regular Customers,No immediate action
4002.86,33,1689.1666666666667,0.0,-0.2,-0.51,-0.98,5.58,0,0.0025354647,Low Risk,Active Regular Customers,No immediate action
2191.13,0,0.0,0.0,0.0,0.0,0.0,0.0,1,0.52972466,Medium Risk,Occasional Flyers,Double miles campaign
8458.91,46,2872.6666666666665,0.0,0.03846153846153848,0.32,0.87,29.67,0,0.003015583,Low Risk,Active Regular Customers,No immediate action
11747.65,13,491.0416666666667,0.0,1.8421052631578947,10.92,97.83,10.92,0,0.0043256143,Low Risk,Occasional Flyers,No immediate action
4540.38,25,1450.7083333333333,0.0,0.5937499999999999,1.41,-0.97,6.92,0,0.0022515634,Low Risk,Active Regular Customers,No immediate action
6143.9,0,0.0,0.0,0.0,0.0,0.0,0.0,1,0.6084303,Medium Risk,Occasional Flyers,Double miles campaign
6674.45,3,262.5,23.0,-0.14285714285714285,-1.0,0.0,2.25,1,0.9289605,High Risk,Dormant Customers,30% bonus miles + reactivation email
7218.02,28,1925.375,0.0,-0.45454545454545453,-0.81,-0.99,2.67,0,0.005041251,Low Risk,Active Regular Customers,No immediate action
4462.45,35,2575.7083333333335,0.0,-0.0666666666666667,-0.19,7.07,4.92,0,0.0021209528,Low Risk,Active Regular Customers,No immediate action
2332.1,0,0.0,0.0,0.0,0.0,0.0,0.0,1,0.45779398,Medium Risk,Occasional Flyers,Double miles campaign
6005.21,40,2497.9166666666665,1.0,0.3636363636363637,0.5,1.23,32.67,0,0.0077591995,Low Risk,Active Regular Customers,No immediate action
4918.92,0,0.0,0.0,0.0,0.0,0.0,0.0,0,0.61171925,Medium Risk,Occasional Flyers,Double miles campaign
8819.02,21,1266.125,0.0,0.3548387096774193,0.45,-0.96,8.25,0,0.002948922,Low Risk,Occasional Flyers,No immediate action
7294.58,29,5063.545454545455,0.0,2.1153846153846154,10.47,230.83,26.25,0,0.01116313,Low Risk,Active Regular Customers,No immediate action
3469.84,0,0.0,0.0,0.0,0.0,0.0,0.0,0,0.63413346,Medium Risk,Occasional Flyers,Double miles campaign
9095.74,56,8515.636363636364,0.0,1.2173913043478264,1.33,-0.95,61.33,0,0.012476715,Low Risk,Champions / Premium Travelers,Exclusive loyalty rewards
4118.59,20,3183.090909090909,0.0,2.285714285714286,29.39,0.0,36.0,0,0.046698004,Low Risk,Active Regular Customers,No immediate action
4883.55,14,779.5,3.0,0.07142857142857138,0.1,0.24,3.0,0,0.1416415,Low Risk,Occasional Flyers,No immediate action
2491.26,41,2828.75,0.0,0.33333333333333337,0.69,-0.98,12.25,0,0.0008988308,Low Risk,Active Regular Customers,No immediate action
22940.38,41,2262.4583333333335,0.0,-0.09999999999999996,-0.17,-0.98,2.25,0,0.0019492222,Low Risk,Active Regular Customers,No immediate action
5244.4,28,1800.0416666666667,9.0,-0.6086956521739131,-1.0,-0.96,14.0,1,0.93627024,High Risk,Dormant Customers,30% bonus miles + reactivation email
4046.94,9,410.7916666666667,19.0,-0.3333333333333333,-1.0,-0.98,8.25,1,0.94123864,High Risk,Dormant Customers,30% bonus miles + reactivation email
3944.23,33,2204.5416666666665,1.0,-0.2,-0.18,-0.96,10.25,0,0.0073977807,Low Risk,Active Regular Customers,No immediate action
23207.27,29,1769.25,0.0,-0.02500000000000001,-0.24,-0.98,6.25,0,0.002420552,Low Risk,Active Regular Customers,No immediate action
2430.51,32,2060.7083333333335,1.0,0.19999999999999998,0.28,-0.99,17.33,0,0.013209794,Low Risk,Active Regular Customers,No immediate action
2860.75,33,1750.8333333333333,1.0,0.6216216216216217,1.82,86.67,2.92,0,0.007778777,Low Risk,Active Regular Customers,No immediate action
5677.31,27,1630.125,2.0,-0.5227272727272726,-0.83,1.47,6.25,0,0.01404269,Low Risk,Active Regular Customers,No immediate action
4428.04,45,2665.0,0.0,-0.3684210526315789,-0.64,-0.96,2.92,0,0.004229436,Low Risk,Active Regular Customers,No immediate action
4520.34,37,1961.5,0.0,-0.02173913043478262,-0.02,1.73,6.25,0,0.0015932325,Low Risk,Active Regular Customers,No immediate action
20239.38,45,2540.0,1.0,-0.16666666666666666,-0.2,-0.96,18.92,0,0.0049185646,Low Risk,Active Regular Customers,No immediate action
24709.6,28,1819.7083333333333,0.0,0.45714285714285713,0.26,0.0,4.67,0,0.004381694,Low Risk,Active Regular Customers,No immediate action
4372.49,5,167.5625,0.0,0.8333333333333334,1340.5,67.0,3.58,0,0.002786564,Low Risk,Occasional Flyers,No immediate action
13061.52,39,2808.8333333333335,2.0,-0.43396226415094336,-0.85,-0.98,16.92,0,0.04131227,Low Risk,Active Regular Customers,No immediate action
11158.13,47,2797.9166666666665,0.0,0.6304347826086957,1.01,-0.16,24.92,0,0.0016287636,Low Risk,Active Regular Customers,No immediate action
3230.58,40,2702.375,0.0,0.7999999999999999,1.46,99.5,42.0,0,0.0033403453,Low Risk,Active Regular Customers,No immediate action
7286.16,40,2509.8333333333335,3.0,0.17391304347826086,0.38,-0.98,12.67,0,0.06354405,Low Risk,Active Regular Customers,No immediate action
4727.83,0,0.0,0.0,0.0,0.0,0.0,0.0,1,0.61384726,Medium Risk,Occasional Flyers,Double miles campaign
4869.24,1,84.41666666666667,0.0,0.16666666666666666,337.67,0.0,0.25,0,0.0040840297,Low Risk,Occasional Flyers,No immediate action
15374.18,44,3033.3333333333335,0.0,-0.07692307692307689,0.04,1.98,22.0,0,0.001694797,Low Risk,Active Regular Customers,No immediate action
3708.81,38,2446.3333333333335,0.0,-0.35294117647058826,-0.39,-0.97,17.67,0,0.0019300892,Low Risk,Active Regular Customers,No immediate action
7511.66,0,0.0,0.0,0.0,0.0,0.0,0.0,1,0.5989688,Medium Risk,Occasional Flyers,Double miles campaign
3546.4,18,871.5833333333334,1.0,-0.18181818181818182,-0.3,0.0,9.67,0,0.029458113,Low Risk,Occasional Flyers,No immediate action
2435.54,36,2451.5416666666665,2.0,-0.5384615384615384,-0.72,0.0,13.33,0,0.01516157,Low Risk,Active Regular Customers,No immediate action
8323.07,31,1928.3333333333333,0.0,-0.1627906976744186,-0.44,2.57,4.25,0,0.0031506289,Low Risk,Active Regular Customers,No immediate action
8012.84,36,2088.2083333333335,0.0,0.6153846153846153,0.87,0.8,23.33,0,0.0014957265,Low Risk,Active Regular Customers,No immediate action
4834.71,10,825.375,19.0,-0.35714285714285715,-1.0,-0.96,14.33,1,0.9751815,High Risk,Dormant Customers,30% bonus miles + reactivation email
5372.91,52,3494.75,1.0,0.0,-0.18,-0.97,82.0,0,0.008494391,Low Risk,Active Regular Customers,No immediate action
7275.89,37,2319.75,0.0,-0.1063829787234043,-0.1,1.28,10.92,0,0.0014793031,Low Risk,Active Regular Customers,No immediate action
28486.07,16,973.5,2.0,1.217391304347826,6.43,-0.96,6.0,1,0.12137277,Low Risk,Occasional Flyers,No immediate action
2446.91,33,1955.4583333333333,0.0,0.8857142857142857,4.19,-0.97,26.92,0,0.0026189375,Low Risk,Active Regular Customers,No immediate action
5568.95,61,8937.818181818182,0.0,2.7105263157894735,2.57,4.65,171.58,0,0.028237449,Low Risk,Champions / Premium Travelers,Exclusive loyalty rewards
6361.85,10,467.7916666666667,2.0,0.25,2.63,0.0,3.67,0,0.036105767,Low Risk,Occasional Flyers,No immediate action
10171.48,39,2518.0416666666665,0.0,0.29545454545454536,-0.01,0.0,30.25,0,0.0030372562,Low Risk,Active Regular Customers,No immediate action
4463.0,51,2911.25,0.0,0.16666666666666666,0.21,-0.98,12.92,0,0.0024320486,Low Risk,Active Regular Customers,No immediate action
6997.83,34,1839.2083333333333,0.0,0.046511627906976764,0.03,81.83,7.0,0,0.002412671,Low Risk,Active Regular Customers,No immediate action
6747.52,7,395.4583333333333,1.0,1.1666666666666667,1581.83,0.0,12.25,0,0.0041843075,Low Risk,Occasional Flyers,No immediate action
19160.99,36,2464.0833333333335,1.0,-0.1702127659574468,-0.21,0.0,20.67,0,0.006387437,Low Risk,Active Regular Customers,No immediate action
2168.52,47,3289.875,0.0,0.5319148936170213,0.85,-0.27,14.92,0,0.0010538358,Low Risk,Active Regular Customers,No immediate action
5316.76,40,2695.125,0.0,0.0,-0.16,-0.99,2.0,0,0.002106151,Low Risk,Active Regular Customers,No immediate action
4325.49,23,1323.5,0.0,0.40625,0.93,0.0,14.92,0,0.0039030972,Low Risk,Active Regular Customers,No immediate action
5097.32,29,1855.4166666666667,0.0,0.29729729729729737,1.62,-0.98,6.25,0,0.0018993781,Low Risk,Active Regular Customers,No immediate action
5744.23,33,2015.125,0.0,0.17073170731707327,0.23,0.0,10.92,0,0.0023342918,Low Risk,Active Regular Customers,No immediate action
4829.57,34,2161.9583333333335,3.0,-0.2978723404255319,-0.41,89.5,15.0,0,0.015384832,Low Risk,Active Regular Customers,No immediate action
8481.31,26,1154.3333333333333,1.0,0.8387096774193546,2.13,2.41,35.0,0,0.0049038045,Low Risk,Active Regular Customers,No immediate action
8178.52,41,2419.4166666666665,0.0,0.43181818181818177,0.46,-0.97,12.25,0,0.0013658096,Low Risk,Active Regular Customers,No immediate action
5971.31,27,1616.1666666666667,0.0,0.25,0.33,-0.99,2.92,0,0.0015301141,Low Risk,Active Regular Customers,No immediate action
4250.28,36,2165.1666666666665,3.0,-0.1702127659574468,-0.45,-0.99,23.33,0,0.026732026,Low Risk,Active Regular Customers,No immediate action
8692.28,39,2039.9583333333333,2.0,-0.29411764705882354,-0.67,-0.98,14.92,0,0.01083157,Low Risk,Active Regular Customers,No immediate action
5078.45,17,1101.875,4.0,-0.032258064516129045,0.76,0.0,7.58,0,0.52649426,Medium Risk,Occasional Flyers,Double miles campaign
5205.75,43,2426.2083333333335,0.0,0.1874999999999999,0.69,1.23,16.25,0,0.0030437952,Low Risk,Active Regular Customers,No immediate action
4626.8,28,1896.5,1.0,0.5882352941176471,1.57,-0.96,6.0,0,0.0077735195,Low Risk,Active Regular Customers,No immediate action
2414.07,40,2346.125,2.0,-0.08163265306122452,-0.13,-0.97,2.67,0,0.0048996294,Low Risk,Active Regular Customers,No immediate action
8936.82,36,2152.0,0.0,0.2857142857142858,-0.12,132.33,3.33,0,0.0019119678,Low Risk,Active Regular Customers,No immediate action
22837.14,19,954.3333333333334,12.0,-0.5135135135135136,-1.0,-0.97,16.92,1,0.95671827,High Risk,Dormant Customers,30% bonus miles + reactivation email
13372.33,47,6449.727272727273,0.0,1.1951219512195124,2.05,0.0,93.58,0,0.029205034,Low Risk,Active Regular Customers,No immediate action
2604.85,41,3112.5833333333335,0.0,0.14893617021276592,0.67,-0.94,28.25,0,0.0030941926,Low Risk,Active Regular Customers,No immediate action
3667.37,36,6545.818181818182,1.0,2.0000000000000004,3.21,0.0,238.67,0,0.19892606,Low Risk,Champions / Premium Travelers,Exclusive loyalty rewards
4386.28,39,2496.3333333333335,0.0,0.2,0.23,0.92,34.92,0,0.003217648,Low Risk,Active Regular Customers,No immediate action
9332.49,14,989.9583333333334,2.0,0.38461538461538464,0.47,-0.99,19.67,0,0.025426516,Low Risk,Occasional Flyers,No immediate action
4524.64,30,2039.0,0.0,-0.14285714285714285,-0.27,-0.95,3.67,0,0.0022100694,Low Risk,Active Regular Customers,No immediate action
4505.85,38,2222.625,0.0,0.7692307692307692,1.78,4.16,5.67,0,0.002456052,Low Risk,Active Regular Customers,No immediate action
12285.05,29,1802.5,0.0,0.07692307692307684,0.11,-0.98,22.92,0,0.0018259499,Low Risk,Active Regular Customers,No immediate action
21639.84,15,1164.3333333333333,1.0,2.5,4657.33,0.0,20.25,0,0.011194698,Low Risk,Occasional Flyers,No immediate action
5666.7,31,1723.0416666666667,5.0,-0.5624999999999999,-0.84,0.0,14.92,0,0.15381405,Low Risk,Active Regular Customers,No immediate action
5384.53,17,1357.1666666666667,8.0,-0.4857142857142857,-1.0,0.0,18.92,1,0.9658428,High Risk,Dormant Customers,30% bonus miles + reactivation email
6342.47,27,1456.4583333333333,1.0,0.3714285714285715,0.56,0.0,20.25,0,0.008543494,Low Risk,Active Regular Customers,No immediate action
5239.89,56,3920.8333333333335,0.0,0.21052631578947378,0.15,-0.99,38.0,0,0.0012296735,Low Risk,Active Regular Customers,No immediate action
4983.18,43,2673.7083333333335,0.0,0.1874999999999999,0.81,0.82,28.92,0,0.0053953296,Low Risk,Active Regular Customers,No immediate action
3484.14,11,526.2916666666666,14.0,-0.37931034482758624,-1.0,0.0,8.92,1,0.9622629,High Risk,Dormant Customers,30% bonus miles + reactivation email
5122.72,35,2432.25,2.0,-0.15217391304347824,-0.2,73.83,26.25,0,0.009643216,Low Risk,Active Regular Customers,No immediate action
6869.19,43,2710.5,0.0,0.1874999999999999,0.01,89.83,36.25,0,0.002240882,Low Risk,Active Regular Customers,No immediate action
8838.09,26,1329.75,6.0,-0.5909090909090908,-1.0,-0.99,1.67,0,0.19246729,Low Risk,Active Regular Customers,No immediate action
27495.42,26,1609.7916666666667,0.0,0.6875000000000001,2.06,-0.96,7.0,0,0.003372265,Low Risk,Active Regular Customers,No immediate action
10148.42,49,6838.363636363636,0.0,4.4230769230769225,15.55,0.0,61.58,0,0.029422643,Low Risk,Champions / Premium Travelers,Exclusive loyalty rewards
4434.41,39,2202.75,0.0,0.10869565217391301,0.29,4.63,10.25,0,0.0015562108,Low Risk,Active Regular Customers,No immediate action
5223.43,49,2877.75,0.0,0.13207547169811326,0.07,-0.95,35.58,0,0.0038038,Low Risk,Active Regular Customers,No immediate action
2996.89,48,3025.375,0.0,0.1538461538461539,0.11,0.24,2.67,0,0.006463499,Low Risk,Active Regular Customers,No immediate action
31221.75,0,0.0,0.0,0.0,0.0,0.0,0.0,0,0.5948112,Medium Risk,Occasional Flyers,Double miles campaign
14642.14,33,2678.6666666666665,0.0,0.07142857142857147,-0.08,0.6,27.58,0,0.0012524985,Low Risk,Active Regular Customers,No immediate action
5274.43,48,3433.5833333333335,1.0,0.1538461538461539,0.35,-0.99,31.33,0,0.013551749,Low Risk,Active Regular Customers,No immediate action
8221.87,25,1620.4166666666667,7.0,-0.5813953488372093,-1.0,0.0,22.92,0,0.7494873,Medium Risk,Active Regular Customers,Double miles campaign
3741.57,23,1421.125,10.0,-0.5609756097560975,-1.0,0.0,11.58,1,0.85431355,High Risk,Dormant Customers,30% bonus miles + reactivation email
8470.04,48,3205.25,0.0,0.40816326530612246,0.79,-0.41,3.33,0,0.004178732,Low Risk,Active Regular Customers,No immediate action
10145.44,58,7816.909090909091,0.0,4.785714285714286,11.07,0.0,190.33,0,0.031810444,Low Risk,Champions / Premium Travelers,Exclusive loyalty rewards
2333.61,45,2733.875,0.0,0.5000000000000001,0.16,-0.98,26.92,0,0.0005677749,Low Risk,Active Regular Customers,No immediate action
9057.94,43,2861.5833333333335,1.0,0.2765957446808511,0.01,-0.01,34.25,0,0.008830842,Low Risk,Active Regular Customers,No immediate action
4731.37,14,1006.2916666666666,6.0,-0.43750000000000006,-1.0,0.0,11.0,1,0.82244575,High Risk,Occasional Flyers,Weekend fare promotion
8609.16,40,2536.0,0.0,0.4651162790697675,0.85,121.17,13.33,0,0.0014398634,Low Risk,Active Regular Customers,No immediate action
8837.33,22,1250.0,2.0,-0.05714285714285711,0.12,0.58,9.67,0,0.012792759,Low Risk,Active Regular Customers,No immediate action
7462.93,53,3810.9166666666665,1.0,-0.33333333333333337,-0.38,-0.96,20.25,0,0.0068296865,Low Risk,Active Regular Customers,No immediate action
5886.62,30,1776.5833333333333,0.0,-0.14285714285714285,0.26,-0.98,5.67,0,0.0024178512,Low Risk,Active Regular Customers,No immediate action
4061.59,31,1637.0,0.0,0.3421052631578947,0.56,-0.95,4.25,0,0.0020598941,Low Risk,Active Regular Customers,No immediate action
16938.3,54,3384.9583333333335,2.0,-0.34375,-0.48,-0.99,25.67,0,0.017677248,Low Risk,Active Regular Customers,No immediate action
9263.18,5,126.875,0.0,0.8333333333333334,507.5,0.0,6.25,0,0.002082833,Low Risk,Occasional Flyers,No immediate action
5431.37,30,1888.5833333333333,0.0,-0.4,-0.55,0.21,25.67,0,0.0015763412,Low Risk,Active Regular Customers,No immediate action
7455.36,31,2273.1666666666665,1.0,0.9999999999999998,2.2,-0.95,30.92,0,0.010093707,Low Risk,Active Regular Customers,No immediate action
32961.15,32,2552.1666666666665,1.0,0.19999999999999998,0.14,0.84,4.67,0,0.015258248,Low Risk,Active Regular Customers,No immediate action
7380.57,23,1219.7083333333333,0.0,1.2222222222222223,2.21,-0.98,4.92,0,0.0033002712,Low Risk,Occasional Flyers,No immediate action
2415.06,0,0.0,0.0,0.0,0.0,0.0,0.0,1,0.4995626,Medium Risk,Occasional Flyers,Double miles campaign
7432.86,32,2486.3333333333335,2.0,-0.1818181818181818,-0.48,-0.97,28.67,0,0.028156413,Low Risk,Active Regular Customers,No immediate action
2144.92,35,1851.9166666666667,0.0,0.3170731707317074,0.31,-0.98,12.25,0,0.004374033,Low Risk,Active Regular Customers,No immediate action
31410.93,33,1947.6666666666667,0.0,-0.28260869565217395,-0.64,-0.98,18.25,0,0.0014162894,Low Risk,Active Regular Customers,No immediate action
8131.78,40,2108.5833333333335,0.0,0.08510638297872336,-0.11,0.84,32.67,0,0.0016525184,Low Risk,Active Regular Customers,No immediate action
2805.29,42,2246.25,0.0,0.04081632653061218,-0.07,1.01,33.67,0,0.003077748,Low Risk,Active Regular Customers,No immediate action
6966.32,5,347.0833333333333,0.0,0.8333333333333334,1388.33,0.0,6.25,0,0.002481711,Low Risk,Occasional Flyers,No immediate action
13891.74,61,6959.727272727273,0.0,4.225806451612903,5.3,0.0,278.25,0,0.028733157,Low Risk,Champions / Premium Travelers,Exclusive loyalty rewards
4827.78,0,0.0,0.0,0.0,0.0,0.0,0.0,1,0.61171925,Medium Risk,Occasional Flyers,Double miles campaign
2478.83,45,2432.2916666666665,1.0,-0.23636363636363633,-0.27,-0.98,5.58,0,0.0026091768,Low Risk,Active Regular Customers,No immediate action
3136.08,50,2541.8333333333335,0.0,0.03636363636363638,-0.14,0.32,17.67,0,0.0031449685,Low Risk,Active Regular Customers,No immediate action
5509.38,34,2011.5416666666667,0.0,0.7027027027027027,1.37,1.57,7.0,0,0.002384835,Low Risk,Active Regular Customers,No immediate action
4868.81,36,2151.7083333333335,1.0,0.09090909090909094,0.47,-0.97,16.67,0,0.0059062964,Low Risk,Active Regular Customers,No immediate action
12176.01,11,488.1666666666667,17.0,-0.37931034482758624,-1.0,0.0,4.92,1,0.9628048,High Risk,Dormant Customers,30% bonus miles + reactivation email
8096.31,42,2939.9583333333335,2.0,0.12499999999999996,0.26,0.36,9.0,0,0.042440545,Low Risk,Active Regular Customers,No immediate action
18065.27,48,3230.875,0.0,0.1538461538461539,0.19,-0.98,22.67,0,0.0023439752,Low Risk,Active Regular Customers,No immediate action
5420.36,21,1011.5,0.0,-0.14285714285714288,-0.39,-0.98,10.92,0,0.0059579504,Low Risk,Active Regular Customers,No immediate action
9661.1,27,1647.4166666666667,0.0,0.026315789473684223,0.55,-0.98,1.58,0,0.0024022073,Low Risk,Active Regular Customers,No immediate action
2722.21,52,3607.2083333333335,0.0,0.0,-0.3,2.42,72.0,0,0.0025401032,Low Risk,Active Regular Customers,No immediate action
7408.84,46,2845.9166666666665,0.0,0.3749999999999999,0.58,-0.99,14.33,0,0.0013576852,Low Risk,Active Regular Customers,No immediate action
4484.25,30,1971.2916666666667,3.0,0.2631578947368421,0.25,0.87,16.33,0,0.03932797,Low Risk,Active Regular Customers,No immediate action
4848.9,10,510.1666666666667,2.0,1.6666666666666667,2040.67,0.0,11.0,0,0.041425012,Low Risk,Occasional Flyers,No immediate action
5963.17,33,2040.5833333333333,2.0,-0.023255813953488382,-0.33,-0.98,8.92,0,0.01682269,Low Risk,Active Regular Customers,No immediate action
3038.83,62,7491.181818181818,0.0,0.8679245283018867,4.16,-0.97,209.0,0,0.02595423,Low Risk,Champions / Premium Travelers,Exclusive loyalty rewards
4063.33,31,2006.125,0.0,-0.1627906976744186,-0.24,-0.99,12.92,0,0.0011243852,Low Risk,Active Regular Customers,No immediate action
12520.98,40,2361.5416666666665,1.0,-0.30769230769230765,-0.46,-0.99,20.67,0,0.005368941,Low Risk,Active Regular Customers,No immediate action
5217.51,0,0.0,0.0,0.0,0.0,0.0,0.0,0,0.61171925,Medium Risk,Occasional Flyers,Double miles campaign
7805.31,34,2081.8333333333335,2.0,-0.2978723404255319,-0.68,1.15,19.67,0,0.010471147,Low Risk,Active Regular Customers,No immediate action
6645.93,40,2731.125,0.0,0.5714285714285715,2.28,0.84,7.33,0,0.0027368744,Low Risk,Active Regular Customers,No immediate action
18948.35,49,3606.4583333333335,0.0,-0.4098360655737705,-0.78,-0.98,36.25,0,0.0029773656,Low Risk,Active Regular Customers,No immediate action
2393.92,43,2743.7916666666665,0.0,0.6744186046511629,1.55,-0.98,34.92,0,0.0014179264,Low Risk,Active Regular Customers,No immediate action
7942.17,27,1783.9583333333333,0.0,0.6363636363636362,1.79,1.05,47.58,0,0.0042113042,Low Risk,Active Regular Customers,No immediate action
13466.92,0,0.0,0.0,0.0,0.0,0.0,0.0,0,0.5915647,Medium Risk,Occasional Flyers,Double miles campaign
3112.05,32,2060.25,1.0,0.42105263157894735,1.2,3.08,16.0,0,0.0071679247,Low Risk,Active Regular Customers,No immediate action
4670.06,33,2389.1666666666665,1.0,-0.3617021276595745,-0.6,0.0,6.25,0,0.0068705487,Low Risk,Active Regular Customers,No immediate action
40440.76,28,1709.875,2.0,-0.45454545454545453,-0.82,2.26,16.67,0,0.0056662527,Low Risk,Active Regular Customers,No immediate action
5640.02,49,3100.9166666666665,0.0,-0.288135593220339,-0.3,1.55,29.58,0,0.0033382934,Low Risk,Active Regular Customers,No immediate action
8319.12,37,2024.125,1.0,-0.1063829787234043,0.29,0.0,18.25,0,0.0068801893,Low Risk,Active Regular Customers,No immediate action
8649.7,30,1996.4166666666667,0.0,0.04999999999999992,0.08,1.16,12.33,0,0.0024896374,Low Risk,Active Regular Customers,No immediate action
2640.59,40,2810.375,0.0,0.2666666666666666,0.13,-0.96,72.0,0,0.0033815422,Low Risk,Active Regular Customers,No immediate action
22837.14,49,3286.1666666666665,1.0,-0.01818181818181812,-0.16,10.7,50.25,0,0.016287573,Low Risk,Active Regular Customers,No immediate action
7380.09,14,945.4166666666666,0.0,0.38461538461538464,0.32,-0.96,4.33,0,0.0061963364,Low Risk,Occasional Flyers,No immediate action
6617.14,49,2982.9166666666665,0.0,0.29411764705882354,0.15,0.0,10.25,0,0.0037183387,Low Risk,Active Regular Customers,No immediate action
8364.56,28,1606.1666666666667,0.0,1.032258064516129,3.59,-0.97,22.0,0,0.0041776593,Low Risk,Active Regular Customers,No immediate action
32725.3,44,3083.8333333333335,3.0,-0.1509433962264151,0.15,0.0,76.67,0,0.029218813,Low Risk,Active Regular Customers,No immediate action
4475.42,35,1937.875,0.0,-0.0666666666666667,0.35,0.0,16.25,0,0.0022953334,Low Risk,Active Regular Customers,No immediate action
5498.94,6,706.3636363636364,3.0,0.0909090909090909,2.71,0.0,3.67,0,0.26461333,Low Risk,Occasional Flyers,No immediate action
5565.89,50,7759.090909090909,2.0,0.2692307692307692,0.62,0.0,166.33,1,0.2580954,Low Risk,Champions / Premium Travelers,Exclusive loyalty rewards
3337.98,14,790.4583333333334,1.0,0.22222222222222224,0.09,61.17,3.67,0,0.010756726,Low Risk,Occasional Flyers,No immediate action
2504.87,31,1690.5,1.0,-0.4130434782608696,-0.44,-0.98,8.25,0,0.004453313,Low Risk,Active Regular Customers,No immediate action
7714.65,40,2670.6666666666665,0.0,0.4651162790697675,1.14,3.14,42.0,0,0.0014370573,Low Risk,Active Regular Customers,No immediate action
5420.36,33,1555.1666666666667,0.0,0.3846153846153845,0.13,-0.98,2.92,0,0.0018734809,Low Risk,Active Regular Customers,No immediate action
9267.92,48,2676.4166666666665,0.0,0.0,-0.21,6.16,48.67,0,0.0037329402,Low Risk,Active Regular Customers,No immediate action
8714.92,6,480.4166666666667,0.0,1.0,1921.67,0.0,3.67,0,0.005112036,Low Risk,Occasional Flyers,No immediate action
2647.52,9,672.0,13.0,-0.3333333333333333,-1.0,0.0,10.92,1,0.9693987,High Risk,Dormant Customers,30% bonus miles + reactivation email
4776.19,32,2052.125,2.0,-0.3478260869565218,-0.46,75.83,46.0,0,0.016200112,Low Risk,Active Regular Customers,No immediate action
4729.97,63,8518.545454545454,0.0,0.6607142857142858,0.77,0.0,314.92,0,0.03748852,Low Risk,Champions / Premium Travelers,Exclusive loyalty rewards
12390.48,30,1971.9166666666667,2.0,-0.048780487804877974,0.15,-0.95,39.0,0,0.022018028,Low Risk,Active Regular Customers,No immediate action
27443.47,42,2258.7916666666665,0.0,0.21276595744680843,1.31,1.08,11.67,0,0.0022911734,Low Risk,Active Regular Customers,No immediate action
5325.72,42,2628.2916666666665,0.0,0.6046511627906977,1.13,81.67,20.33,0,0.0017152455,Low Risk,Active Regular Customers,No immediate action
18542.3,0,0.0,0.0,0.0,0.0,0.0,0.0,1,0.60075366,Medium Risk,Occasional Flyers,Double miles campaign
15265.81,52,3235.5,0.0,-0.38095238095238093,-0.56,1.95,3.33,0,0.0029973255,Low Risk,Active Regular Customers,No immediate action
8071.33,34,2729.8333333333335,0.0,0.4615384615384614,1.12,-0.98,36.33,0,0.0014329909,Low Risk,Active Regular Customers,No immediate action
5889.51,36,2352.0416666666665,0.0,-0.1702127659574468,-0.1,-0.96,6.0,0,0.0020398214,Low Risk,Active Regular Customers,No immediate action
3240.67,67,7530.090909090909,3.0,2.658536585365854,6.26,-0.95,692.92,0,0.48425382,Medium Risk,Champions / Premium Travelers,VIP upgrade and lounge voucher
7952.84,34,2025.5,0.0,0.4615384615384614,0.08,0.0,19.67,0,0.0021663362,Low Risk,Active Regular Customers,No immediate action
2425.49,40,2849.25,1.0,-0.30769230769230765,-0.67,-0.99,12.0,0,0.002851654,Low Risk,Active Regular Customers,No immediate action
5107.16,38,1959.125,0.0,0.22727272727272727,0.68,-0.98,9.0,0,0.001470609,Low Risk,Active Regular Customers,No immediate action
5396.31,21,1155.9583333333333,4.0,0.09090909090909088,0.66,99.67,32.92,1,0.093202665,Low Risk,Occasional Flyers,No immediate action
6721.89,62,1932.6666666666667,0.0,0.6071428571428571,0.68,-0.29,25.0,0,0.0026622594,Low Risk,Active Regular Customers,No immediate action
7756.44,29,2144.875,0.0,0.5428571428571429,0.8,-0.99,2.92,0,0.0013644946,Low Risk,Active Regular Customers,No immediate action
4386.28,18,1004.125,0.0,0.49999999999999994,1.91,124.33,9.67,0,0.0023090392,Low Risk,Occasional Flyers,No immediate action
7234.14,62,9662.545454545454,0.0,3.3714285714285714,5.23,-0.97,145.67,0,0.020414222,Low Risk,Champions / Premium Travelers,Exclusive loyalty rewards
5800.19,23,1276.0833333333333,0.0,0.14705882352941183,0.95,-0.94,10.92,0,0.0032381434,Low Risk,Active Regular Customers,No immediate action
2320.75,30,2387.375,0.0,0.5,1.03,-0.97,6.33,0,0.0016770501,Low Risk,Active Regular Customers,No immediate action
2714.65,39,2263.0833333333335,1.0,0.5000000000000001,0.72,0.0,28.92,0,0.00855486,Low Risk,Active Regular Customers,No immediate action
16531.7,37,2246.0833333333335,0.0,0.0666666666666667,-0.05,-0.99,6.92,0,0.0013554081,Low Risk,Active Regular Customers,No immediate action
3663.74,35,2185.0,0.0,0.2142857142857143,0.08,-0.97,49.58,0,0.0023665652,Low Risk,Active Regular Customers,No immediate action
5743.4,49,3442.25,0.0,-0.2241379310344828,-0.1,-0.98,2.25,0,0.003178346,Low Risk,Active Regular Customers,No immediate action
7680.15,27,1924.7083333333333,0.0,0.026315789473684223,-0.06,1.47,0.92,0,0.0039184457,Low Risk,Active Regular Customers,No immediate action
8564.77,22,3093.4545454545455,1.0,2.9,54.16,0.0,51.67,0,0.536868,Medium Risk,Active Regular Customers,Double miles campaign
4669.23,0,0.0,0.0,0.0,0.0,0.0,0.0,1,0.61384726,Medium Risk,Occasional Flyers,Double miles campaign
3791.55,33,2021.7916666666667,0.0,-0.2,-0.25,-0.97,10.92,0,0.0019682175,Low Risk,Active Regular Customers,No immediate action
19190.32,0,0.0,0.0,0.0,0.0,0.0,0.0,0,0.60075366,Medium Risk,Occasional Flyers,Double miles campaign
2780.2,29,1706.7083333333333,0.0,-0.3023255813953488,-0.29,2.05,11.58,0,0.0007907531,Low Risk,Active Regular Customers,No immediate action
10820.0,27,1633.375,0.0,1.8846153846153848,6.99,2.0,18.92,0,0.0029191733,Low Risk,Occasional Flyers,No immediate action
2480.39,39,2368.0833333333335,0.0,-0.21999999999999995,-0.23,-0.98,28.25,0,0.00080549315,Low Risk,Active Regular Customers,No immediate action
8920.46,42,7653.363636363636,0.0,2.8275862068965516,15.04,87.0,291.0,1,0.03504046,Low Risk,Champions / Premium Travelers,Exclusive loyalty rewards
2227.07,29,1823.5,0.0,-0.02500000000000001,0.45,-0.96,4.92,0,0.0029746308,Low Risk,Active Regular Customers,No immediate action
4831.42,39,2172.6666666666665,1.0,0.3953488372093024,0.9,0.95,34.25,0,0.009484921,Low Risk,Active Regular Customers,No immediate action
5548.03,14,944.6666666666666,4.0,0.75,2.03,-0.98,13.67,1,0.7222726,Medium Risk,Occasional Flyers,Double miles campaign
13736.13,33,1955.2083333333333,1.0,0.4999999999999999,1.04,-0.96,42.25,0,0.011904983,Low Risk,Active Regular Customers,No immediate action
3527.85,38,2119.2916666666665,0.0,0.22727272727272727,0.67,0.5,5.67,0,0.0017216654,Low Risk,Active Regular Customers,No immediate action
10620.49,37,2597.125,0.0,-0.1063829787234043,-0.17,-0.96,4.25,0,0.0019862338,Low Risk,Active Regular Customers,No immediate action
7013.44,1,21.375,1.0,0.16666666666666666,85.5,90.33,0.25,0,0.004128651,Low Risk,Occasional Flyers,No immediate action
26197.41,40,2193.0416666666665,0.0,-0.30769230769230765,-0.42,98.83,12.0,0,0.0019814388,Low Risk,Active Regular Customers,No immediate action
1994.77,58,3926.5416666666665,0.0,-0.3823529411764706,-0.44,-0.98,43.67,0,0.009307458,Low Risk,Active Regular Customers,No immediate action
2956.36,30,1743.125,0.0,-0.4,-0.39,-0.97,9.67,0,0.0037010834,Low Risk,Active Regular Customers,No immediate action
13883.33,31,2136.25,1.0,0.8529411764705883,2.28,-0.98,26.92,0,0.010497479,Low Risk,Active Regular Customers,No immediate action
11228.29,46,2493.375,1.0,0.1176470588235294,-0.08,-0.99,12.33,0,0.006344267,Low Risk,Active Regular Customers,No immediate action
17738.2,25,1849.4583333333333,2.0,-0.13157894736842105,-0.06,-0.97,12.92,0,0.015773993,Low Risk,Active Regular Customers,No immediate action
5329.13,21,1316.5833333333333,0.0,-0.029411764705882307,0.04,1.85,7.58,0,0.0020385436,Low Risk,Active Regular Customers,No immediate action
7643.07,13,811.125,6.0,-0.4193548387096774,-1.0,-0.98,6.92,1,0.7334228,Medium Risk,Occasional Flyers,Double miles campaign
2154.07,0,0.0,0.0,0.0,0.0,0.0,0.0,1,0.52972466,Medium Risk,Occasional Flyers,Double miles campaign
9161.66,47,2601.8333333333335,0.0,0.34693877551020397,1.35,-0.98,16.25,0,0.0013080606,Low Risk,Active Regular Customers,No immediate action
17263.64,0,0.0,0.0,0.0,0.0,0.0,0.0,1,0.5974888,Medium Risk,Occasional Flyers,Double miles campaign
7582.11,1,74.54166666666667,0.0,0.16666666666666666,298.17,0.0,0.25,0,0.0037381754,Low Risk,Occasional Flyers,No immediate action
2754.46,25,1392.1666666666667,2.0,1.25,4.43,95.17,54.92,0,0.11837835,Low Risk,Occasional Flyers,No immediate action
5553.52,41,2505.0416666666665,2.0,0.06249999999999994,0.31,0.0,30.92,0,0.023768703,Low Risk,Active Regular Customers,No immediate action
7488.79,5,195.625,0.0,0.8333333333333334,782.5,95.5,6.25,0,0.0032943443,Low Risk,Occasional Flyers,No immediate action
13736.13,2,121.58333333333333,0.0,0.3333333333333333,486.33,0.0,1.0,0,0.002498044,Low Risk,Occasional Flyers,No immediate action
8595.98,45,2458.2916666666665,0.0,0.05882352941176474,-0.15,0.25,48.25,0,0.0016924202,Low Risk,Active Regular Customers,No immediate action
4892.44,24,1296.9166666666667,11.0,-0.5714285714285715,-1.0,0.0,16.67,1,0.94460094,High Risk,Dormant Customers,30% bonus miles + reactivation email
2448.86,3,228.29166666666666,21.0,-0.14285714285714285,-1.0,-0.96,0.92,1,0.8985123,High Risk,Dormant Customers,30% bonus miles + reactivation email
9386.75,25,1748.0416666666667,0.0,0.7419354838709676,1.62,105.0,3.58,0,0.0034278524,Low Risk,Occasional Flyers,No immediate action
11315.2,29,1598.0833333333333,2.0,0.676470588235294,1.7,-0.1,84.25,0,0.039397758,Low Risk,Active Regular Customers,No immediate action
5329.13,37,2109.9166666666665,0.0,0.35714285714285715,1.14,16.18,32.92,0,0.0019108541,Low Risk,Active Regular Customers,No immediate action
14435.67,43,2996.4583333333335,3.0,-0.058823529411764656,0.21,65.67,94.92,0,0.06332167,Low Risk,Active Regular Customers,No immediate action
8579.89,21,1123.0,0.0,0.09090909090909088,0.33,-0.98,16.92,0,0.003703574,Low Risk,Active Regular Customers,No immediate action
8609.16,1,84.125,23.0,-0.05263157894736842,-0.99,-0.95,0.25,1,0.9022458,High Risk,Dormant Customers,30% bonus miles + reactivation email
2558.18,41,2482.125,1.0,-0.09999999999999996,0.35,0.0,12.92,0,0.003743496,Low Risk,Active Regular Customers,No immediate action
2896.92,32,1719.7916666666667,0.0,0.5405405405405405,0.26,-0.98,20.67,0,0.001930246,Low Risk,Active Regular Customers,No immediate action
4330.39,33,1878.7083333333333,1.0,-0.28260869565217395,-0.67,-0.99,18.92,0,0.0074059367,Low Risk,Active Regular Customers,No immediate action
3878.77,52,2807.4583333333335,0.0,0.07142857142857145,0.21,-0.97,48.0,0,0.0036912237,Low Risk,Active Regular Customers,No immediate action
4916.3,40,2627.25,1.0,0.2666666666666666,0.23,2.1,28.0,0,0.0035525362,Low Risk,Active Regular Customers,No immediate action
2443.93,39,2465.0,3.0,-0.29411764705882354,-0.72,0.0,38.92,0,0.015932761,Low Risk,Active Regular Customers,No immediate action
5323.87,55,3282.625,0.0,0.4716981132075472,0.73,1.67,33.58,0,0.00227538,Low Risk,Active Regular Customers,No immediate action
3214.98,13,845.375,12.0,-0.4193548387096774,-1.0,-0.96,15.58,1,0.9591001,High Risk,Dormant Customers,30% bonus miles + reactivation email
3554.85,27,2019.2083333333333,1.0,0.1351351351351351,0.43,-0.97,19.58,0,0.009893803,Low Risk,Active Regular Customers,No immediate action
2484.75,42,2378.375,0.0,-0.03999999999999994,-0.05,0.13,11.67,0,0.00082486833,Low Risk,Active Regular Customers,No immediate action
5470.06,44,2402.2083333333335,0.0,-0.07692307692307689,-0.5,0.0,30.0,0,0.0031376788,Low Risk,Active Regular Customers,No immediate action
3958.0,36,2123.25,1.0,-0.08695652173913047,0.14,-0.97,16.67,0,0.005053919,Low Risk,Active Regular Customers,No immediate action
2585.96,51,2797.375,1.0,0.326923076923077,0.18,-0.99,32.25,0,0.009079282,Low Risk,Active Regular Customers,No immediate action
7349.33,4,281.8333333333333,1.0,0.6666666666666666,1127.33,0.0,4.0,0,0.0031106598,Low Risk,Occasional Flyers,No immediate action
4463.0,61,8117.454545454545,0.0,1.7954545454545452,4.74,194.17,44.92,0,0.010000868,Low Risk,Champions / Premium Travelers,Exclusive loyalty rewards
3394.72,8,586.3333333333334,15.0,-0.30769230769230765,-1.0,-0.96,3.33,1,0.93551725,High Risk,Dormant Customers,30% bonus miles + reactivation email
5040.41,25,1781.9166666666667,0.0,0.45454545454545453,1.03,1.67,44.25,0,0.0019836598,Low Risk,Active Regular Customers,No immediate action
7188.29,43,2948.5416666666665,0.0,0.1874999999999999,0.1,-0.99,9.58,0,0.0021871056,Low Risk,Active Regular Customers,No immediate action
7805.31,50,7662.363636363636,0.0,1.0454545454545452,0.55,0.0,179.67,0,0.14730455,Low Risk,Champions / Premium Travelers,Exclusive loyalty rewards
11072.03,0,0.0,0.0,0.0,0.0,0.0,0.0,0,0.6085993,Medium Risk,Occasional Flyers,Double miles campaign
11302.6,45,2850.875,0.0,0.6,1.38,-0.98,10.92,0,0.0017846462,Low Risk,Active Regular Customers,No immediate action
11895.18,33,1801.0833333333333,0.0,0.4999999999999999,1.13,0.0,26.25,0,0.0023323481,Low Risk,Active Regular Customers,No immediate action
3129.11,51,3451.2916666666665,0.0,0.24528301886792447,0.28,8.1,17.58,0,0.0018691008,Low Risk,Active Regular Customers,No immediate action
7173.91,0,0.0,0.0,0.0,0.0,0.0,0.0,0,0.6793221,Medium Risk,Occasional Flyers,Double miles campaign
8789.88,18,1257.625,15.0,-0.5,-1.0,-0.96,3.67,1,0.7960673,Medium Risk,Dormant Customers,Double miles campaign
2762.8,5,382.9166666666667,0.0,0.8333333333333334,1531.67,0.0,6.25,0,0.0028691674,Low Risk,Occasional Flyers,No immediate action
9352.48,61,3510.0,0.0,-0.015624999999999944,0.27,-0.06,32.92,0,0.0030571553,Low Risk,Active Regular Customers,No immediate action
8247.95,40,2773.5,1.0,0.17391304347826086,0.92,-0.98,12.67,0,0.007324082,Low Risk,Active Regular Customers,No immediate action
5532.46,33,1953.3333333333333,0.0,-0.023255813953488382,-0.26,-0.95,10.25,0,0.0020034504,Low Risk,Active Regular Customers,No immediate action
29973.42,54,3088.3333333333335,0.0,0.1785714285714285,0.29,2.83,33.67,0,0.0030149294,Low Risk,Active Regular Customers,No immediate action
9421.1,56,3876.1666666666665,0.0,-0.47058823529411764,-0.55,0.71,2.0,0,0.0031158659,Low Risk,Active Regular Customers,No immediate action
4923.18,45,2877.4166666666665,0.0,0.5000000000000001,1.11,0.0,51.58,0,0.004705283,Low Risk,Active Regular Customers,No immediate action
32269.85,57,7664.909090909091,1.0,0.4181818181818183,0.71,-0.95,188.25,0,0.055336922,Low Risk,Champions / Premium Travelers,Exclusive loyalty rewards
5353.93,47,2844.2916666666665,0.0,0.018867924528301893,-0.35,-0.98,22.92,0,0.002737339,Low Risk,Active Regular Customers,No immediate action
5553.36,10,385.7916666666667,0.0,1.6666666666666667,1543.17,179.17,14.33,0,0.006954167,Low Risk,Occasional Flyers,No immediate action
7821.95,47,3321.7083333333335,0.0,0.1764705882352942,0.27,0.0,4.25,0,0.006540805,Low Risk,Active Regular Customers,No immediate action
4118.59,44,2674.0,0.0,0.16326530612244888,0.61,-0.97,14.0,0,0.0023491392,Low Risk,Active Regular Customers,No immediate action
6732.97,27,1659.4166666666667,1.0,0.1351351351351351,0.0,0.0,24.25,0,0.011233618,Low Risk,Active Regular Customers,No immediate action
1898.01,41,2823.5416666666665,2.0,-0.09999999999999996,-0.29,1.75,38.25,0,0.1580054,Low Risk,Active Regular Customers,No immediate action
7485.36,17,955.5,1.0,-0.3823529411764706,-0.93,-0.99,3.58,0,0.02196245,Low Risk,Occasional Flyers,No immediate action
7425.87,0,0.0,0.0,0.0,0.0,0.0,0.0,0,0.5961869,Medium Risk,Occasional Flyers,Double miles campaign
25030.89,46,6510.909090909091,1.0,0.2000000000000001,0.49,0.0,59.67,0,0.021664776,Low Risk,Active Regular Customers,No immediate action
7590.05,2,189.83333333333334,2.0,0.3333333333333333,759.33,0.0,1.0,0,0.014765701,Low Risk,Occasional Flyers,No immediate action
5673.84,2,103.75,0.0,0.3333333333333333,415.0,0.0,0.33,0,0.0026452546,Low Risk,Occasional Flyers,No immediate action
3087.25,34,2305.8333333333335,0.0,0.8333333333333333,1.87,123.33,9.67,0,0.0011762601,Low Risk,Active Regular Customers,No immediate action
6360.65,24,1757.2916666666667,2.0,-0.4878048780487804,-0.84,-0.99,12.0,0,0.008366156,Low Risk,Active Regular Customers,No immediate action
2701.04,38,5600.545454545455,0.0,0.1333333333333333,0.34,0.0,49.67,0,0.030859299,Low Risk,Active Regular Customers,No immediate action
3341.68,1,37.75,2.0,0.16666666666666666,151.0,0.0,0.25,0,0.031239524,Low Risk,Occasional Flyers,No immediate action
2761.69,45,2783.5,0.0,0.5000000000000001,0.43,0.85,61.58,0,0.0072638057,Low Risk,Active Regular Customers,No immediate action
2396.22,48,5189.454545454545,0.0,2.3529411764705883,11.45,62.67,32.0,0,0.010703831,Low Risk,Active Regular Customers,No immediate action
10656.88,25,1401.625,0.0,0.5937499999999999,0.46,-0.97,4.92,0,0.002254877,Low Risk,Active Regular Customers,No immediate action
18688.31,54,2828.2083333333335,1.0,-0.22580645161290325,-0.04,-0.99,65.67,0,0.004913228,Low Risk,Active Regular Customers,No immediate action
3288.21,22,1413.7083333333333,0.0,0.45161290322580644,1.34,-0.96,1.0,0,0.0028015955,Low Risk,Active Regular Customers,No immediate action
6008.18,7,338.875,0.0,1.1666666666666667,1355.5,65.5,2.92,0,0.0029235862,Low Risk,Occasional Flyers,No immediate action
8295.84,53,3563.0,2.0,-0.15000000000000005,-0.55,0.3,29.58,0,0.03348167,Low Risk,Active Regular Customers,No immediate action
9202.64,59,3373.0833333333335,0.0,-0.16923076923076924,-0.22,-0.97,1.58,0,0.005094827,Low Risk,Active Regular Customers,No immediate action
4354.4,32,2146.8333333333335,1.0,-0.1818181818181818,-0.52,1.41,6.67,0,0.0048001623,Low Risk,Active Regular Customers,No immediate action
2674.73,41,2879.9166666666665,1.0,0.14893617021276592,0.53,0.59,18.92,0,0.006951052,Low Risk,Active Regular Customers,No immediate action
20766.67,38,4112.181818181818,1.0,4.454545454545454,14.63,79.17,158.33,0,0.08322153,Low Risk,Champions / Premium Travelers,Exclusive loyalty rewards
6486.11,22,1025.25,1.0,-0.05714285714285711,0.43,-0.98,3.67,0,0.0057017505,Low Risk,Active Regular Customers,No immediate action
3588.93,33,1963.7083333333333,2.0,0.2749999999999999,0.34,-0.98,6.92,0,0.018937504,Low Risk,Active Regular Customers,No immediate action
3444.97,39,2475.2916666666665,0.0,-0.06250000000000001,-0.18,0.24,0.92,0,0.0020161336,Low Risk,Active Regular Customers,No immediate action
33279.77,4,138.33333333333334,0.0,0.6666666666666666,553.33,0.0,4.0,0,0.001993054,Low Risk,Occasional Flyers,No immediate action
8838.09,32,1823.375,0.0,0.6666666666666667,0.35,-0.99,6.0,0,0.0011596925,Low Risk,Active Regular Customers,No immediate action
10351.37,35,2159.9583333333335,0.0,0.4249999999999999,1.26,-0.97,4.92,0,0.0018789246,Low Risk,Active Regular Customers,No immediate action
2659.71,48,8609.454545454546,5.0,0.0,0.13,-0.95,288.0,1,0.6795483,Medium Risk,Champions / Premium Travelers,VIP upgrade and lounge voucher
8719.13,28,1809.0416666666667,1.0,0.45714285714285713,0.57,-0.99,36.67,0,0.0044445107,Low Risk,Active Regular Customers,No immediate action
2834.65,47,2821.625,0.0,-0.1272727272727272,0.1,-0.99,2.92,0,0.002291737,Low Risk,Active Regular Customers,No immediate action
2533.74,0,0.0,0.0,0.0,0.0,0.0,0.0,1,0.5360927,Medium Risk,Occasional Flyers,Double miles campaign
2719.26,35,2009.7083333333333,3.0,-0.3877551020408164,-0.82,-0.98,28.92,0,0.046674285,Low Risk,Active Regular Customers,No immediate action
4492.23,51,2521.75,0.0,0.017857142857142794,0.82,-0.99,21.58,0,0.0016360818,Low Risk,Active Regular Customers,No immediate action
2188.66,30,1760.875,0.0,1.2258064516129032,2.81,79.5,1.67,0,0.001717679,Low Risk,Active Regular Customers,No immediate action
3219.15,30,2140.7083333333335,2.0,0.6285714285714286,0.85,71.5,7.0,0,0.009854169,Low Risk,Active Regular Customers,No immediate action
5678.05,44,2710.7916666666665,0.0,-0.22222222222222224,-0.47,224.5,44.0,0,0.0012130978,Low Risk,Active Regular Customers,No immediate action
5555.49,42,3006.5833333333335,0.0,0.12499999999999996,0.03,0.0,5.67,0,0.007156579,Low Risk,Active Regular Customers,No immediate action
15147.93,38,2692.0833333333335,0.0,0.7692307692307692,1.5,97.5,3.67,0,0.0030968175,Low Risk,Active Regular Customers,No immediate action
4623.54,78,2788.8333333333335,0.0,-0.17500000000000007,-0.16,-0.97,52.33,0,0.00305874,Low Risk,Active Regular Customers,No immediate action
7240.66,39,2431.5,0.0,0.29545454545454536,1.59,0.0,29.58,0,0.00184667,Low Risk,Active Regular Customers,No immediate action
5392.44,0,0.0,0.0,0.0,0.0,0.0,0.0,1,0.61171925,Medium Risk,Occasional Flyers,Double miles campaign
8717.85,36,2824.7916666666665,0.0,-0.326530612244898,-0.5,4.71,60.67,0,0.009795566,Low Risk,Active Regular Customers,No immediate action
15304.52,9,590.125,0.0,1.5,2360.5,66.33,4.25,0,0.006772124,Low Risk,Occasional Flyers,No immediate action
4419.12,8,391.2083333333333,0.0,1.3333333333333333,1564.83,0.0,6.0,0,0.0027990963,Low Risk,Occasional Flyers,No immediate action
6167.85,42,2853.0833333333335,0.0,0.4,0.18,0.98,8.33,0,0.005671016,Low Risk,Active Regular Customers,No immediate action
4455.84,41,3029.125,1.0,0.5348837209302325,0.8,1.73,14.25,0,0.009528528,Low Risk,Active Regular Customers,No immediate action
11177.75,49,2698.625,0.0,0.055555555555555504,-0.34,-0.39,16.92,0,0.0024098058,Low Risk,Active Regular Customers,No immediate action
8349.52,42,2353.875,1.0,0.04081632653061218,0.05,4.93,35.67,0,0.008057996,Low Risk,Active Regular Customers,No immediate action
4883.34,29,1634.4583333333333,0.0,0.18421052631578944,1.1,-0.96,7.58,0,0.001993168,Low Risk,Active Regular Customers,No immediate action
2376.53,42,2597.5,0.0,0.12499999999999996,0.54,1.97,17.67,0,0.00074895343,Low Risk,Active Regular Customers,No immediate action
30205.01,26,1865.8333333333333,0.0,-0.052631578947368446,0.44,-0.99,19.0,0,0.0010246392,Low Risk,Active Regular Customers,No immediate action
20096.89,42,2222.3333333333335,0.0,0.4,1.18,5.4,29.67,0,0.0017823668,Low Risk,Active Regular Customers,No immediate action
2785.42,43,2868.7083333333335,1.0,-0.3454545454545454,-0.46,169.0,12.92,0,0.0038638224,Low Risk,Active Regular Customers,No immediate action
7413.42,23,1391.1666666666667,0.0,0.7,2.18,1.35,34.92,0,0.0037938212,Low Risk,Active Regular Customers,No immediate action
25805.51,0,0.0,0.0,0.0,0.0,0.0,0.0,1,0.75802594,Medium Risk,Occasional Flyers,Double miles campaign
4502.98,44,2805.9583333333335,0.0,0.0,0.07,1.84,1.33,0,0.0036932721,Low Risk,Active Regular Customers,No immediate action
3619.06,52,3587.9583333333335,0.0,-0.38095238095238093,-0.66,67.83,16.67,0,0.0011081652,Low Risk,Active Regular Customers,No immediate action
8341.62,16,808.7083333333334,0.0,1.714285714285714,7.81,6.62,20.67,0,0.005029404,Low Risk,Occasional Flyers,No immediate action
5666.87,48,3088.3333333333335,0.0,0.23529411764705888,0.49,-0.99,22.0,0,0.0012259394,Low Risk,Active Regular Customers,No immediate action
4540.99,31,4162.272727272727,4.0,0.4594594594594595,1.94,-0.97,86.92,0,0.4775765,Medium Risk,Active Regular Customers,Double miles campaign
4639.04,37,2255.6666666666665,2.0,-0.18749999999999997,-0.05,0.0,22.25,0,0.013282465,Low Risk,Active Regular Customers,No immediate action
7739.55,0,0.0,0.0,0.0,0.0,0.0,0.0,1,0.5989688,Medium Risk,Occasional Flyers,Double miles campaign
43026.52,38,2436.75,0.0,0.22727272727272727,0.06,0.0,35.67,0,0.0014645584,Low Risk,Active Regular Customers,No immediate action
5380.9,37,2191.5833333333335,0.0,-0.33999999999999997,-0.58,0.0,34.92,0,0.0025126438,Low Risk,Active Regular Customers,No immediate action
18196.64,51,3302.1666666666665,0.0,-0.3114754098360656,-0.37,-0.98,47.58,0,0.0046157637,Low Risk,Active Regular Customers,No immediate action
4717.63,31,1890.25,1.0,0.3421052631578947,0.1,0.0,49.58,0,0.013001484,Low Risk,Active Regular Customers,No immediate action
2746.92,45,2745.375,3.0,-0.4915254237288136,-0.83,-0.95,28.25,0,0.10783977,Low Risk,Active Regular Customers,No immediate action
13931.35,33,1909.2083333333333,0.0,0.07142857142857147,-0.15,1.08,3.58,0,0.002171063,Low Risk,Active Regular Customers,No immediate action
18321.87,24,1516.9166666666667,2.0,-0.3076923076923077,-0.44,1.34,12.0,0,0.009670363,Low Risk,Active Regular Customers,No immediate action
5079.83,36,1815.7916666666667,2.0,-0.08695652173913047,-0.25,0.0,112.67,0,0.033521645,Low Risk,Active Regular Customers,No immediate action
4748.79,28,1866.1666666666667,1.0,0.10526315789473678,0.55,-0.97,16.0,0,0.008236262,Low Risk,Active Regular Customers,No immediate action
14140.56,24,1038.5416666666667,0.0,2.0,4.6,0.0,11.33,0,0.004829206,Low Risk,Occasional Flyers,No immediate action
18938.54,10,501.0416666666667,0.0,1.6666666666666667,2004.17,70.83,8.33,0,0.007917435,Low Risk,Occasional Flyers,No immediate action
4159.59,30,2067.1666666666665,0.0,0.1538461538461538,0.67,0.88,7.0,0,0.003622539,Low Risk,Active Regular Customers,No immediate action
3443.3,37,2766.4166666666665,0.0,0.35714285714285715,0.77,99.33,54.25,0,0.009873798,Low Risk,Active Regular Customers,No immediate action
13466.92,19,1179.9166666666667,1.0,0.16129032258064516,-0.26,1.17,8.25,0,0.016442576,Low Risk,Occasional Flyers,No immediate action
5719.79,49,3276.5,1.0,-0.01818181818181812,-0.45,0.0,30.92,0,0.016077872,Low Risk,Active Regular Customers,No immediate action
4468.22,54,3034.2916666666665,0.0,0.68,0.76,-0.96,23.0,0,0.0018356006,Low Risk,Active Regular Customers,No immediate action
2386.2,85,11582.0,0.0,3.1086956521739135,7.36,-0.96,678.25,0,0.009299543,Low Risk,Champions / Premium Travelers,Exclusive loyalty rewards
3034.8,24,1642.75,1.0,0.3636363636363636,1.22,-0.95,2.67,0,0.010443282,Low Risk,Active Regular Customers,No immediate action
6165.56,28,2077.2083333333335,0.0,0.45714285714285713,1.69,-0.98,2.0,0,0.0019736306,Low Risk,Active Regular Customers,No immediate action
10359.02,32,4288.0,1.0,0.42105263157894735,0.06,0.0,42.67,0,0.039930962,Low Risk,Active Regular Customers,No immediate action
12880.75,50,3648.5833333333335,0.0,0.11111111111111116,-0.03,-0.15,29.67,0,0.0023944576,Low Risk,Active Regular Customers,No immediate action
7873.71,10,377.125,0.0,1.6666666666666667,1508.5,0.0,4.33,0,0.0031264827,Low Risk,Occasional Flyers,No immediate action
16005.51,23,1620.2083333333333,0.0,1.875,6.41,81.67,25.58,0,0.004408943,Low Risk,Occasional Flyers,No immediate action
9047.12,31,1573.9583333333333,0.0,0.5833333333333333,0.92,0.0,17.58,0,0.0022163412,Low Risk,Active Regular Customers,No immediate action
5080.24,26,1181.125,1.0,0.054054054054054085,-0.1,64.0,35.0,0,0.009309428,Low Risk,Active Regular Customers,No immediate action
13441.01,0,0.0,0.0,0.0,0.0,0.0,0.0,0,0.5915647,Medium Risk,Occasional Flyers,Double miles campaign
10244.24,7,555.9583333333334,2.0,1.1666666666666667,2223.83,0.0,12.25,0,0.035179272,Low Risk,Occasional Flyers,No immediate action
2648.47,0,0.0,0.0,0.0,0.0,0.0,0.0,0,0.72393084,Medium Risk,Occasional Flyers,Double miles campaign
10892.91,11,591.9583333333334,2.0,0.03846153846153848,-0.06,0.0,4.92,0,0.17515332,Low Risk,Occasional Flyers,No immediate action
10477.78,36,2162.9583333333335,0.0,-0.08695652173913047,-0.24,2.24,8.67,0,0.0011800246,Low Risk,Active Regular Customers,No immediate action
2420.71,18,1010.75,0.0,1.4782608695652175,8.4,0.0,13.67,0,0.0044716904,Low Risk,Occasional Flyers,No immediate action
5879.18,35,1959.4583333333333,0.0,0.022727272727272735,-0.34,-0.96,14.92,0,0.002058197,Low Risk,Active Regular Customers,No immediate action
3056.22,39,2741.375,1.0,0.3953488372093024,0.77,0.0,38.92,0,0.0120618,Low Risk,Active Regular Customers,No immediate action
2388.35,21,962.9166666666666,1.0,0.5000000000000001,2.03,91.83,7.58,0,0.004242125,Low Risk,Occasional Flyers,No immediate action
9043.68,23,1951.6363636363637,1.0,0.8620689655172413,1.13,0.0,22.92,1,0.014478276,Low Risk,Active Regular Customers,No immediate action
23594.68,54,3317.375,0.0,-0.2857142857142857,-0.37,-0.99,19.67,0,0.0015190997,Low Risk,Active Regular Customers,No immediate action
3343.88,30,1961.0833333333333,2.0,0.1538461538461538,0.48,-0.97,27.67,1,0.026740817,Low Risk,Active Regular Customers,No immediate action
6988.4,44,3141.2083333333335,1.0,0.0,-0.13,62.0,53.33,0,0.013454097,Low Risk,Active Regular Customers,No immediate action
2374.8,31,1958.9583333333333,0.0,-0.07142857142857137,0.24,-0.99,8.92,0,0.0013738124,Low Risk,Active Regular Customers,No immediate action
1940.98,18,933.0833333333334,7.0,-0.5,-1.0,-0.96,17.0,1,0.97275543,High Risk,Dormant Customers,30% bonus miles + reactivation email
5577.24,36,2403.1666666666665,0.0,0.6153846153846153,1.2,101.0,13.33,0,0.00243469,Low Risk,Active Regular Customers,No immediate action
5326.68,35,2453.4166666666665,0.0,0.4249999999999999,1.42,0.0,24.25,0,0.002081127,Low Risk,Active Regular Customers,No immediate action
3363.0,22,1394.75,2.0,0.7586206896551723,3.77,0.0,16.33,0,0.036114223,Low Risk,Active Regular Customers,No immediate action
7255.14,32,2050.8333333333335,0.0,0.19999999999999998,-0.3,0.0,2.0,0,0.003240322,Low Risk,Active Regular Customers,No immediate action
2721.59,5,363.3333333333333,0.0,0.8333333333333334,1453.33,0.0,6.25,0,0.0028691674,Low Risk,Occasional Flyers,No immediate action
4742.62,42,1870.4583333333333,0.0,0.8292682926829268,0.48,3.42,13.67,0,0.0016884481,Low Risk,Active Regular Customers,No immediate action
14316.85,40,2579.7916666666665,0.0,0.17391304347826086,0.18,-0.97,20.67,0,0.0018461646,Low Risk,Active Regular Customers,No immediate action
2030.78,25,1687.2916666666667,0.0,2.125,8.5,0.0,40.25,0,0.010619288,Low Risk,Occasional Flyers,No immediate action
2592.44,37,2153.375,0.0,-0.18749999999999997,-0.48,1.92,22.92,0,0.0006827423,Low Risk,Active Regular Customers,No immediate action
12500.84,29,1656.2916666666667,1.0,-0.4666666666666667,-0.71,0.0,24.25,0,0.0054431097,Low Risk,Active Regular Customers,No immediate action
11833.77,11,671.5,0.0,0.7727272727272727,17.14,-0.96,4.25,0,0.003499068,Low Risk,Occasional Flyers,No immediate action
5194.65,8,510.0833333333333,6.0,-0.30769230769230765,-1.0,-0.98,8.0,1,0.80299616,High Risk,Occasional Flyers,Weekend fare promotion
21435.88,0,0.0,0.0,0.0,0.0,0.0,0.0,1,0.77247554,Medium Risk,Occasional Flyers,Double miles campaign
5815.26,32,2112.9166666666665,0.0,0.5405405405405405,0.94,0.0,14.0,0,0.0026859832,Low Risk,Active Regular Customers,No immediate action
9048.98,27,1804.9583333333333,0.0,0.78125,0.84,0.0,2.92,0,0.0029481032,Low Risk,Active Regular Customers,No immediate action
1904.0,4,174.33333333333334,0.0,0.6666666666666666,697.33,0.0,4.0,0,0.0037209077,Low Risk,Occasional Flyers,No immediate action
5457.26,39,2032.2083333333333,0.0,0.2,0.45,0.0,32.92,0,0.0026499385,Low Risk,Active Regular Customers,No immediate action
2009.77,34,2007.4583333333333,1.0,0.14285714285714293,-0.09,-0.99,13.67,0,0.027814552,Low Risk,Active Regular Customers,No immediate action
5741.7,15,614.4583333333334,0.0,0.8750000000000001,1.79,-0.97,8.25,0,0.003510953,Low Risk,Occasional Flyers,No immediate action
3445.86,4,400.8333333333333,2.0,0.6666666666666666,1603.33,0.0,4.0,0,0.013176841,Low Risk,Occasional Flyers,No immediate action
3569.86,43,2704.1666666666665,0.0,0.10204081632653057,0.29,0.0,36.25,0,0.0049238726,Low Risk,Active Regular Customers,No immediate action
4899.98,38,2529.9166666666665,0.0,-0.42307692307692313,-0.59,-0.98,19.0,0,0.0021622067,Low Risk,Active Regular Customers,No immediate action
2402.17,14,766.125,0.0,2.3333333333333335,3064.5,0.0,6.33,0,0.004883167,Low Risk,Occasional Flyers,No immediate action
4636.55,36,2216.7916666666665,0.0,-0.08695652173913047,0.05,-0.98,4.67,0,0.0018996883,Low Risk,Active Regular Customers,No immediate action
11269.23,36,1912.875,0.0,-0.1702127659574468,-0.34,0.76,17.33,0,0.0015523718,Low Risk,Active Regular Customers,No immediate action
7610.84,9,697.4583333333334,1.0,1.5,2789.83,0.0,8.25,0,0.007513585,Low Risk,Occasional Flyers,No immediate action
6521.37,0,0.0,0.0,0.0,0.0,0.0,0.0,1,0.53108716,Medium Risk,Occasional Flyers,Double miles campaign
7901.7,14,664.5833333333334,15.0,-0.43750000000000006,-1.0,-0.95,16.33,1,0.9559125,High Risk,Dormant Customers,30% bonus miles + reactivation email
33873.18,27,1638.8333333333333,0.0,0.026315789473684223,-0.45,-0.98,28.92,0,0.0017090687,Low Risk,Active Regular Customers,No immediate action
3735.84,0,0.0,0.0,0.0,0.0,0.0,0.0,1,0.61384726,Medium Risk,Occasional Flyers,Double miles campaign
8159.14,0,0.0,0.0,0.0,0.0,0.0,0.0,1,0.5989688,Medium Risk,Occasional Flyers,Double miles campaign
4165.4,28,1773.875,1.0,-0.28571428571428575,-0.55,-0.95,4.67,0,0.008510993,Low Risk,Active Regular Customers,No immediate action
11084.61,47,2853.4583333333335,0.0,0.8409090909090907,0.99,-0.97,18.25,0,0.0018967612,Low Risk,Active Regular Customers,No immediate action
8849.69,34,2502.6666666666665,0.0,-0.04545454545454547,0.09,-0.99,35.0,0,0.001748608,Low Risk,Active Regular Customers,No immediate action
9217.13,0,0.0,0.0,0.0,0.0,0.0,0.0,1,0.6173351,Medium Risk,Occasional Flyers,Double miles campaign
3044.79,42,2734.2916666666665,0.0,0.6046511627906977,0.84,0.0,89.67,0,0.0063455,Low Risk,Active Regular Customers,No immediate action
8427.17,7,419.7916666666667,3.0,0.65,16.67,0.0,5.58,0,0.15030287,Low Risk,Occasional Flyers,No immediate action
2590.1,0,0.0,0.0,0.0,0.0,0.0,0.0,1,0.7261017,Medium Risk,Occasional Flyers,Double miles campaign
6796.84,38,1971.2083333333333,0.0,0.22727272727272727,-0.04,0.0,1.67,0,0.0021927946,Low Risk,Active Regular Customers,No immediate action
8509.85,40,2569.25,0.0,1.8181818181818181,2.79,0.0,16.67,0,0.0050058956,Low Risk,Active Regular Customers,No immediate action
11578.13,24,1290.9166666666667,2.0,-0.4000000000000001,-0.62,2.62,22.0,0,0.016824553,Low Risk,Active Regular Customers,No immediate action
2754.46,35,2431.8333333333335,0.0,-0.3877551020408164,-0.48,-0.98,32.92,0,0.0019825583,Low Risk,Active Regular Customers,No immediate action
7781.0,42,3046.0416666666665,1.0,0.21276595744680843,0.82,0.14,37.67,0,0.013369394,Low Risk,Active Regular Customers,No immediate action
16728.34,29,1684.9583333333333,0.0,0.676470588235294,1.34,-0.97,8.25,0,0.0019477024,Low Risk,Active Regular Customers,No immediate action
3694.15,35,1755.0416666666667,0.0,0.11627906976744191,0.12,-0.98,6.25,0,0.0017834004,Low Risk,Active Regular Customers,No immediate action
19454.41,6,320.5,0.0,1.0,1282.0,0.0,3.0,0,0.0012626745,Low Risk,Occasional Flyers,No immediate action
3867.97,26,1603.1666666666667,0.0,1.3571428571428568,3.32,72.67,6.33,0,0.008555996,Low Risk,Occasional Flyers,No immediate action
2175.74,36,2182.4583333333335,0.0,-0.1702127659574468,-0.44,1.17,44.67,0,0.0031167413,Low Risk,Active Regular Customers,No immediate action
8272.49,20,1080.0,11.0,-0.5263157894736842,-1.0,-0.98,0.67,0,0.82890177,High Risk,Dormant Customers,30% bonus miles + reactivation email
5170.03,20,1367.0833333333333,0.0,3.3333333333333335,5468.33,143.67,28.67,0,0.010387094,Low Risk,Occasional Flyers,No immediate action
7638.44,44,2985.7083333333335,2.0,-0.1509433962264151,-0.2,-0.99,22.0,0,0.020211227,Low Risk,Active Regular Customers,No immediate action
2659.34,45,3051.4583333333335,2.0,-0.43103448275862066,-0.71,3.4,42.25,0,0.019721719,Low Risk,Active Regular Customers,No immediate action
10796.45,8,590.2916666666666,7.0,-0.30769230769230765,-1.0,0.0,6.0,1,0.9482256,High Risk,Occasional Flyers,Weekend fare promotion
5189.29,36,2204.8333333333335,0.0,0.09090909090909094,0.22,0.22,6.0,0,0.0022074769,Low Risk,Active Regular Customers,No immediate action
36860.73,42,2684.9583333333335,0.0,0.21276595744680843,0.27,1.4,71.0,0,0.0034222275,Low Risk,Active Regular Customers,No immediate action
7452.54,13,818.3333333333334,0.0,0.2692307692307693,0.38,118.83,10.25,0,0.0040152804,Low Risk,Occasional Flyers,No immediate action
3962.83,45,2449.3333333333335,0.0,-0.01923076923076924,-0.22,1.59,29.58,0,0.00199792,Low Risk,Active Regular Customers,No immediate action
4014.45,18,1119.5833333333333,2.0,1.727272727272727,6.29,0.0,13.67,0,0.041350465,Low Risk,Occasional Flyers,No immediate action
7370.62,11,607.5416666666666,0.0,1.8333333333333333,2430.17,124.83,18.25,0,0.0069949394,Low Risk,Occasional Flyers,No immediate action
5904.09,39,2257.3333333333335,4.0,-0.3653846153846153,-0.3,-0.97,16.92,0,0.06943539,Low Risk,Active Regular Customers,No immediate action
6272.42,29,1514.3333333333333,0.0,0.676470588235294,1.94,2.37,2.25,0,0.0017110338,Low Risk,Active Regular Customers,No immediate action
5968.12,27,2011.8333333333333,0.0,-0.26829268292682923,-0.42,-0.98,14.92,0,0.0027549814,Low Risk,Active Regular Customers,No immediate action
4764.19,45,3207.625,1.0,-0.16666666666666666,-0.52,-0.96,3.58,0,0.011447862,Low Risk,Active Regular Customers,No immediate action
14158.61,36,4333.272727272727,0.0,2.9230769230769234,8.78,88.33,6.67,0,0.03986556,Low Risk,Active Regular Customers,No immediate action
5028.74,9,867.0833333333334,0.0,1.5,3468.33,0.0,4.25,0,0.0044961465,Low Risk,Occasional Flyers,No immediate action
5917.47,0,0.0,0.0,0.0,0.0,0.0,0.0,1,0.61241716,Medium Risk,Occasional Flyers,Double miles campaign
3323.86,25,1585.625,1.0,0.08333333333333337,-0.23,0.0,8.92,0,0.008220762,Low Risk,Active Regular Customers,No immediate action
8200.79,53,9031.09090909091,1.0,1.3720930232558142,1.4,-0.97,102.25,0,0.021739738,Low Risk,Champions / Premium Travelers,Exclusive loyalty rewards
13432.0,97,12811.272727272728,0.0,2.6,7.92,0.0,264.25,0,0.010425016,Low Risk,Champions / Premium Travelers,Exclusive loyalty rewards
9123.91,41,2339.625,1.0,0.23913043478260865,1.48,-0.97,32.25,0,0.0072820215,Low Risk,Active Regular Customers,No immediate action
9700.35,43,2512.375,0.0,0.02000000000000001,0.31,-0.98,4.25,0,0.003983513,Low Risk,Active Regular Customers,No immediate action
3241.84,31,1961.2916666666667,2.0,-0.1627906976744186,0.07,3.22,18.25,0,0.010939159,Low Risk,Active Regular Customers,No immediate action
3167.89,0,0.0,0.0,0.0,0.0,0.0,0.0,1,0.61886096,Medium Risk,Occasional Flyers,Double miles campaign
2822.59,8,327.75,12.0,-0.30769230769230765,-1.0,0.0,2.67,1,0.94552267,High Risk,Dormant Customers,30% bonus miles + reactivation email
12349.7,31,2015.2916666666667,1.0,0.3421052631578947,1.36,-0.98,17.58,0,0.008548156,Low Risk,Active Regular Customers,No immediate action
8170.62,9,645.875,5.0,0.3043478260869565,2.38,-0.99,4.25,0,0.74346477,Medium Risk,Occasional Flyers,Double miles campaign
9810.41,31,1927.5416666666667,8.0,-0.6326530612244898,-1.0,-0.96,10.92,1,0.9133825,High Risk,Active Regular Customers,Personalized route discount
3336.22,33,2044.375,1.0,0.8857142857142857,1.75,-0.98,2.92,0,0.00817938,Low Risk,Active Regular Customers,No immediate action
6047.03,28,1487.2916666666667,0.0,0.10526315789473678,0.59,1.81,8.67,0,0.0013041631,Low Risk,Active Regular Customers,No immediate action
8513.59,7,192.58333333333334,0.0,1.1666666666666667,770.33,0.0,5.58,0,0.002291074,Low Risk,Occasional Flyers,No immediate action
26197.41,45,2504.75,0.0,-0.16666666666666666,-0.39,0.0,16.25,0,0.0019548147,Low Risk,Active Regular Customers,No immediate action
4740.2,8,493.0416666666667,16.0,-0.30769230769230765,-1.0,0.0,6.0,1,0.94151294,High Risk,Dormant Customers,30% bonus miles + reactivation email
7821.19,5,268.1666666666667,1.0,0.8333333333333334,1072.67,0.0,2.25,0,0.003747058,Low Risk,Occasional Flyers,No immediate action
16069.95,43,2965.25,1.0,-0.058823529411764656,0.1,-0.96,19.58,0,0.011465013,Low Risk,Active Regular Customers,No immediate action
3221.79,1,40.25,0.0,0.16666666666666666,161.0,98.17,0.25,0,0.0023070802,Low Risk,Occasional Flyers,No immediate action
3145.46,30,1909.5416666666667,1.0,-0.14285714285714285,-0.15,0.0,11.67,0,0.00739991,Low Risk,Active Regular Customers,No immediate action
8509.85,32,2259.4583333333335,1.0,-0.425531914893617,-0.58,-0.45,2.0,0,0.014231721,Low Risk,Active Regular Customers,No immediate action
2533.74,0,0.0,0.0,0.0,0.0,0.0,0.0,1,0.5360927,Medium Risk,Occasional Flyers,Double miles campaign
2592.44,0,0.0,0.0,0.0,0.0,0.0,0.0,1,0.7261017,Medium Risk,Occasional Flyers,Double miles campaign
3873.65,8,462.375,20.0,-0.30769230769230765,-1.0,0.0,6.0,1,0.893238,High Risk,Dormant Customers,30% bonus miles + reactivation email
3903.8,27,1679.8333333333333,0.0,0.1351351351351351,0.04,0.0,14.92,0,0.0027580892,Low Risk,Active Regular Customers,No immediate action
9384.48,32,2187.2083333333335,0.0,0.19999999999999998,0.54,-0.96,2.0,0,0.0020249893,Low Risk,Active Regular Customers,No immediate action
7388.18,32,2197.2916666666665,0.0,0.42105263157894735,1.18,2.8,8.0,0,0.0032777367,Low Risk,Active Regular Customers,No immediate action
3430.32,0,0.0,0.0,0.0,0.0,0.0,0.0,0,0.63413346,Medium Risk,Occasional Flyers,Double miles campaign
8217.43,24,1561.0833333333333,1.0,0.0,0.78,0.0,20.67,0,0.008189118,Low Risk,Active Regular Customers,No immediate action
3439.09,35,2262.4583333333335,3.0,0.11627906976744191,0.6,-0.99,49.58,0,0.033088543,Low Risk,Active Regular Customers,No immediate action
4515.45,10,828.3333333333334,1.0,1.6666666666666667,3313.33,0.0,8.33,0,0.008310633,Low Risk,Occasional Flyers,No immediate action
2487.73,27,1562.3333333333333,1.0,0.3714285714285715,0.39,-0.98,24.25,0,0.0057473355,Low Risk,Active Regular Customers,No immediate action
4629.0,24,1549.875,2.0,0.11428571428571434,0.14,-0.97,2.67,0,0.016132275,Low Risk,Active Regular Customers,No immediate action
5339.49,45,3099.625,1.0,-0.0943396226415094,-0.16,2.58,17.58,0,0.014166346,Low Risk,Active Regular Customers,No immediate action
2592.44,32,2232.5416666666665,3.0,-0.425531914893617,-0.84,79.83,2.67,0,0.028679064,Low Risk,Active Regular Customers,No immediate action
5780.18,5,334.1666666666667,0.0,0.8333333333333334,1336.67,0.0,6.25,0,0.002202504,Low Risk,Occasional Flyers,No immediate action
13248.64,39,2858.75,0.0,-0.1428571428571429,-0.41,2.28,16.92,0,0.00096333574,Low Risk,Active Regular Customers,No immediate action
9415.53,1,86.75,1.0,0.16666666666666666,347.0,0.0,0.25,0,0.008797905,Low Risk,Occasional Flyers,No immediate action
6689.02,0,0.0,0.0,0.0,0.0,0.0,0.0,1,0.5884156,Medium Risk,Occasional Flyers,Double miles campaign
4938.89,47,3057.0833333333335,0.0,0.018867924528301893,0.09,0.0,4.92,0,0.0065671355,Low Risk,Active Regular Customers,No immediate action
4674.71,89,12380.181818181818,0.0,2.277777777777778,4.72,79.83,397.58,0,0.009946251,Low Risk,Champions / Premium Travelers,Exclusive loyalty rewards
2403.54,36,2176.0833333333335,3.0,-0.326530612244898,-0.73,0.26,8.67,0,0.05584822,Low Risk,Active Regular Customers,No immediate action
5390.27,15,905.5833333333334,0.0,2.5,3622.33,0.0,6.92,0,0.0071569853,Low Risk,Occasional Flyers,No immediate action
5087.02,38,2480.0416666666665,0.0,0.04347826086956524,-0.01,73.17,13.67,0,0.0013134961,Low Risk,Active Regular Customers,No immediate action
4339.87,19,1417.5416666666667,13.0,-0.5135135135135136,-1.0,0.0,16.92,1,0.9669088,High Risk,Dormant Customers,30% bonus miles + reactivation email
4883.12,42,2357.7083333333335,0.0,0.4,0.67,0.0,6.33,0,0.0052884356,Low Risk,Active Regular Customers,No immediate action
3113.34,48,3086.7916666666665,1.0,-0.3389830508474576,-0.66,2.74,38.0,0,0.014262546,Low Risk,Active Regular Customers,No immediate action
5548.03,62,7917.545454545455,0.0,2.9729729729729737,18.2,90.5,475.67,0,0.021057414,Low Risk,Champions / Premium Travelers,Exclusive loyalty rewards
2695.18,48,2884.7083333333335,0.0,0.23529411764705888,0.5,-0.99,28.67,0,0.0014934543,Low Risk,Active Regular Customers,No immediate action
2494.87,40,1893.625,0.0,0.3636363636363637,1.65,66.83,8.67,0,0.0008476825,Low Risk,Active Regular Customers,No immediate action
4686.81,19,1035.625,0.0,1.375,7.89,0.0,10.25,0,0.0049918457,Low Risk,Occasional Flyers,No immediate action
2803.8,34,2069.4583333333335,1.0,-0.4489795918367347,-0.8,-0.98,7.0,0,0.007664859,Low Risk,Active Regular Customers,No immediate action
4754.65,24,1733.625,0.0,0.5000000000000001,1.27,-0.98,0.0,0,0.0033004514,Low Risk,Active Regular Customers,No immediate action
15727.13,40,3213.5,2.0,0.08510638297872336,0.07,-0.97,40.67,0,0.036607057,Low Risk,Active Regular Customers,No immediate action
3179.47,4,209.83333333333334,0.0,0.6666666666666666,839.33,0.0,4.0,0,0.0022962464,Low Risk,Occasional Flyers,No immediate action
9247.55,28,1991.4583333333333,1.0,0.10526315789473678,-0.05,0.0,2.0,0,0.019066695,Low Risk,Active Regular Customers,No immediate action
3265.16,19,1037.8333333333333,18.0,-0.5135135135135136,-1.0,-0.97,20.92,1,0.83405083,High Risk,Dormant Customers,30% bonus miles + reactivation email
4132.59,36,3748.3636363636365,4.0,2.9230769230769234,5.61,0.0,174.67,0,0.35240334,Low Risk,Champions / Premium Travelers,Exclusive loyalty rewards
3237.92,43,2538.75,2.0,0.4666666666666666,0.44,72.0,18.92,0,0.018373659,Low Risk,Active Regular Customers,No immediate action
4362.93,74,11382.727272727272,0.0,1.1578947368421053,2.56,0.0,83.0,0,0.020471135,Low Risk,Champions / Premium Travelers,Exclusive loyalty rewards
34708.87,20,1470.2916666666667,0.0,1.9999999999999996,9.54,0.0,4.0,0,0.013505034,Low Risk,Occasional Flyers,No immediate action
8676.7,41,2513.7916666666665,0.0,-0.09999999999999996,-0.12,0.74,8.92,0,0.0018578148,Low Risk,Active Regular Customers,No immediate action
5275.63,38,2230.8333333333335,0.0,0.22727272727272727,0.28,0.83,3.0,0,0.0022243434,Low Risk,Active Regular Customers,No immediate action
7703.4,50,3320.4583333333335,0.0,0.2692307692307692,0.57,-0.97,38.33,0,0.00167342,Low Risk,Active Regular Customers,No immediate action
5297.67,22,1600.375,1.0,-0.368421052631579,-0.74,1.18,23.0,0,0.0075037247,Low Risk,Active Regular Customers,No immediate action
19174.63,35,2122.4583333333335,0.0,0.11627906976744191,-0.11,-0.95,0.25,0,0.0043397276,Low Risk,Active Regular Customers,No immediate action
24108.3,38,2501.9166666666665,0.0,-0.12500000000000003,0.13,0.0,7.0,0,0.0037772323,Low Risk,Active Regular Customers,No immediate action
18635.9,39,2354.2083333333335,0.0,0.29545454545454536,0.54,-0.99,1.58,0,0.0016260822,Low Risk,Active Regular Customers,No immediate action
4428.03,58,3788.6666666666665,1.0,-0.09523809523809527,-0.15,-0.17,17.67,0,0.007911684,Low Risk,Active Regular Customers,No immediate action
10963.96,35,2705.7083333333335,1.0,0.3170731707317074,0.09,-0.97,16.25,0,0.0056078555,Low Risk,Active Regular Customers,No immediate action
10484.92,41,2297.7916666666665,0.0,0.23913043478260865,0.7,-0.97,10.92,0,0.0014662789,Low Risk,Active Regular Customers,No immediate action
12036.62,0,0.0,0.0,0.0,0.0,0.0,0.0,1,0.6085993,Medium Risk,Occasional Flyers,Double miles campaign
37243.63,49,2561.8333333333335,0.0,0.21153846153846156,0.32,0.0,28.92,0,0.002122147,Low Risk,Active Regular Customers,No immediate action
6610.05,37,2247.5,0.0,0.6923076923076921,1.15,0.16,12.92,0,0.0011221098,Low Risk,Active Regular Customers,No immediate action
5800.17,30,1961.3333333333333,0.0,-0.048780487804877974,-0.23,5.96,11.0,0,0.0015292168,Low Risk,Active Regular Customers,No immediate action
5551.39,46,3443.7083333333335,0.0,-0.037735849056603786,-0.19,-0.99,23.0,0,0.0013816647,Low Risk,Active Regular Customers,No immediate action
5292.63,30,1901.3333333333333,4.0,-0.2325581395348837,-0.48,0.0,1.0,0,0.07655621,Low Risk,Active Regular Customers,No immediate action
7519.03,28,1982.5,3.0,-0.10000000000000003,-0.05,-0.98,18.0,0,0.04449778,Low Risk,Active Regular Customers,No immediate action
13736.13,28,1759.75,0.0,0.10526315789473678,0.64,-0.99,8.67,0,0.0016252107,Low Risk,Active Regular Customers,No immediate action
21274.34,0,0.0,0.0,0.0,0.0,0.0,0.0,1,0.77247554,Medium Risk,Occasional Flyers,Double miles campaign
4874.07,12,870.7083333333334,1.0,2.0,3482.83,0.0,14.67,0,0.006317495,Low Risk,Occasional Flyers,No immediate action
4315.67,36,2262.1666666666665,0.0,-0.25,-0.57,-0.99,3.33,0,0.0019376139,Low Risk,Active Regular Customers,No immediate action
17029.89,28,3615.0,2.0,2.0000000000000004,4.21,0.0,25.33,0,0.09928554,Low Risk,Active Regular Customers,No immediate action
23747.47,59,3534.2083333333335,0.0,-0.047619047619047575,-0.34,-0.97,5.58,0,0.006672887,Low Risk,Active Regular Customers,No immediate action
3993.88,40,2364.125,0.0,0.7999999999999999,2.21,0.0,8.67,0,0.0026008093,Low Risk,Active Regular Customers,No immediate action
3499.99,39,2506.4166666666665,0.0,0.5000000000000001,1.16,0.0,36.25,0,0.0027542282,Low Risk,Active Regular Customers,No immediate action
6993.84,28,1711.6666666666667,0.0,0.21621621621621623,0.09,2.55,22.67,0,0.0022307583,Low Risk,Active Regular Customers,No immediate action
4770.55,32,1990.6666666666667,0.0,0.8,1.9,-0.98,10.0,0,0.0016486674,Low Risk,Active Regular Customers,No immediate action
5083.79,29,1599.1666666666667,3.0,-0.02500000000000001,-0.02,0.0,2.25,0,0.030068051,Low Risk,Active Regular Customers,No immediate action
13024.13,46,2580.0416666666665,2.0,-0.18181818181818177,0.11,1.24,8.33,0,0.009194784,Low Risk,Active Regular Customers,No immediate action
2582.19,31,1700.75,0.0,0.7142857142857144,1.9,1.2,36.25,0,0.004243638,Low Risk,Active Regular Customers,No immediate action
6265.34,77,2748.1041666666665,0.0,0.5223880597014926,0.94,-0.99,58.92,0,0.0019347444,Low Risk,Active Regular Customers,No immediate action
13270.94,28,1762.5416666666667,0.0,0.10526315789473678,-0.47,0.54,44.0,0,0.0017581416,Low Risk,Active Regular Customers,No immediate action
11255.46,27,1872.0416666666667,6.0,-0.6,-1.0,0.0,7.58,1,0.23042262,Low Risk,Active Regular Customers,No immediate action
8012.92,2,174.5,0.0,0.3333333333333333,698.0,93.0,1.0,0,0.0018745493,Low Risk,Occasional Flyers,No immediate action
8420.43,5,202.95833333333334,0.0,0.8333333333333334,811.83,89.17,2.25,0,0.0043650027,Low Risk,Occasional Flyers,No immediate action
2719.51,20,1388.5,0.0,0.2580645161290323,0.19,-0.98,10.0,0,0.00300885,Low Risk,Active Regular Customers,No immediate action
5048.23,51,2660.8333333333335,0.0,0.5918367346938775,0.96,1.75,36.92,0,0.0019362192,Low Risk,Active Regular Customers,No immediate action
7482.49,31,4271.272727272727,1.0,-0.33333333333333337,-0.7,84.83,24.25,0,0.021615252,Low Risk,Active Regular Customers,No immediate action
8186.31,47,3237.9166666666665,0.0,0.1764705882352942,0.27,-0.47,24.92,0,0.0027834824,Low Risk,Active Regular Customers,No immediate action
8709.85,5,504.75,1.0,0.8333333333333334,2019.0,0.0,6.25,0,0.0068318993,Low Risk,Occasional Flyers,No immediate action
3238.0,30,3431.090909090909,2.0,5.0,9435.5,0.0,187.67,0,0.7503816,Medium Risk,Champions / Premium Travelers,VIP upgrade and lounge voucher
5107.16,34,2167.9166666666665,0.0,0.3499999999999999,0.79,-0.96,13.67,0,0.0017776205,Low Risk,Active Regular Customers,No immediate action
10901.23,44,2864.9583333333335,0.0,0.16326530612244888,0.36,4.26,18.0,0,0.0026252724,Low Risk,Active Regular Customers,No immediate action
2921.68,33,2448.6666666666665,0.0,0.3846153846153845,0.58,0.73,5.58,0,0.0022963677,Low Risk,Active Regular Customers,No immediate action
2839.57,41,2550.75,0.0,0.642857142857143,1.2,-0.95,2.92,0,0.0029590097,Low Risk,Active Regular Customers,No immediate action
7851.9,0,0.0,0.0,0.0,0.0,0.0,0.0,1,0.5989688,Medium Risk,Occasional Flyers,Double miles campaign
7590.96,0,0.0,0.0,0.0,0.0,0.0,0.0,0,0.5989688,Medium Risk,Occasional Flyers,Double miles campaign
8714.92,55,3881.5833333333335,0.0,0.23214285714285718,-0.03,-0.99,7.58,0,0.0014671491,Low Risk,Active Regular Customers,No immediate action
2628.47,0,0.0,0.0,0.0,0.0,0.0,0.0,1,0.72393084,Medium Risk,Occasional Flyers,Double miles campaign
5169.5,22,1376.9166666666667,1.0,0.05882352941176473,-0.11,-0.97,20.33,0,0.008183815,Low Risk,Active Regular Customers,No immediate action
3857.77,48,2709.375,0.0,0.8,1.53,-0.98,31.33,0,0.0024338865,Low Risk,Active Regular Customers,No immediate action
8028.48,46,7770.909090909091,0.0,2.7741935483870965,5.51,-0.95,51.67,0,0.054958526,Low Risk,Champions / Premium Travelers,Exclusive loyalty rewards
4454.1,17,1021.25,4.0,0.5555555555555555,4.87,0.0,35.58,0,0.630426,Medium Risk,Occasional Flyers,Double miles campaign
4349.31,41,2655.5416666666665,0.0,0.06249999999999994,-0.16,6.23,6.92,0,0.0027314695,Low Risk,Active Regular Customers,No immediate action
10280.81,34,2393.4166666666665,0.0,0.24390243902439027,0.38,110.0,16.33,0,0.0013358905,Low Risk,Active Regular Customers,No immediate action
6369.26,41,2878.6666666666665,0.0,0.8749999999999999,1.21,1.57,6.25,0,0.003808501,Low Risk,Active Regular Customers,No immediate action
6986.6,0,0.0,0.0,0.0,0.0,0.0,0.0,1,0.6793221,Medium Risk,Occasional Flyers,Double miles campaign
27789.69,4,230.91666666666666,22.0,-0.1818181818181818,-1.0,0.0,4.0,0,0.9675896,High Risk,Dormant Customers,30% bonus miles + reactivation email
6980.33,14,954.3333333333334,0.0,0.75,3.49,-0.96,3.67,0,0.00418926,Low Risk,Occasional Flyers,No immediate action
7582.11,38,2921.625,0.0,0.7692307692307692,1.28,104.17,41.67,0,0.003442585,Low Risk,Active Regular Customers,No immediate action
2693.76,39,2294.5,0.0,0.5000000000000001,1.44,4.25,30.92,0,0.0016237545,Low Risk,Active Regular Customers,No immediate action
3961.59,10,416.5833333333333,2.0,1.6666666666666667,1666.33,97.0,9.0,0,0.030399816,Low Risk,Occasional Flyers,No immediate action
6314.58,42,2469.8333333333335,0.0,0.04081632653061218,-0.16,-0.0,3.0,0,0.0055486355,Low Risk,Active Regular Customers,No immediate action
7769.84,33,1625.9583333333333,0.0,0.4999999999999999,1.57,-0.98,20.25,0,0.0015621269,Low Risk,Active Regular Customers,No immediate action
3274.19,33,2332.0416666666665,0.0,0.17073170731707327,0.68,7.57,21.58,0,0.0013911626,Low Risk,Active Regular Customers,No immediate action
11172.5,60,4124.708333333333,1.0,0.0,0.24,-0.99,87.33,0,0.010951021,Low Risk,Active Regular Customers,No immediate action
10171.34,24,1518.2916666666667,0.0,0.9655172413793102,1.79,168.17,0.0,0,0.0009258064,Low Risk,Occasional Flyers,No immediate action
6846.15,19,1093.875,1.0,0.031250000000000014,-0.49,-0.1,16.92,0,0.049892344,Low Risk,Occasional Flyers,No immediate action
22261.02,35,2307.9166666666665,1.0,0.11627906976744191,0.43,154.67,6.25,0,0.007056227,Low Risk,Active Regular Customers,No immediate action
3344.81,0,0.0,0.0,0.0,0.0,0.0,0.0,1,0.61886096,Medium Risk,Occasional Flyers,Double miles campaign
21101.21,44,3132.1666666666665,3.0,-0.6,-0.92,-0.98,30.0,0,0.037188943,Low Risk,Active Regular Customers,No immediate action
4222.63,35,1965.5416666666667,0.0,0.5384615384615384,0.35,-0.99,8.92,0,0.0009614895,Low Risk,Active Regular Customers,No immediate action
5107.16,37,2830.25,1.0,-0.2653061224489796,-0.3,0.0,6.92,0,0.008464555,Low Risk,Active Regular Customers,No immediate action
4177.88,4,257.8333333333333,0.0,0.6666666666666666,1031.33,68.0,4.0,0,0.002786564,Low Risk,Occasional Flyers,No immediate action
4673.2,32,1900.0,0.0,-0.1818181818181818,-0.52,-0.98,12.0,0,0.002084329,Low Risk,Active Regular Customers,No immediate action
7868.17,21,1134.75,0.0,1.1923076923076923,2.69,140.67,8.25,0,0.002993815,Low Risk,Occasional Flyers,No immediate action
11855.14,43,2755.0833333333335,1.0,0.10204081632653057,-0.14,0.0,4.92,0,0.007516046,Low Risk,Active Regular Customers,No immediate action
4558.43,40,2536.9583333333335,1.0,-0.2352941176470588,-0.12,5.86,14.0,0,0.0048619765,Low Risk,Active Regular Customers,No immediate action
3894.62,0,0.0,0.0,0.0,0.0,0.0,0.0,0,0.61384726,Medium Risk,Occasional Flyers,Double miles campaign
10507.69,21,1220.2083333333333,1.0,0.6551724137931034,1.33,0.0,12.92,0,0.006246038,Low Risk,Occasional Flyers,No immediate action
4909.84,5,287.0833333333333,0.0,0.8333333333333334,1148.33,0.0,6.25,0,0.0021074032,Low Risk,Occasional Flyers,No immediate action
5595.39,29,1998.625,0.0,0.676470588235294,1.58,160.17,8.25,0,0.0012650616,Low Risk,Active Regular Customers,No immediate action
4887.79,29,1874.8333333333333,0.0,0.41666666666666663,1.22,212.33,11.58,0,0.0008852501,Low Risk,Occasional Flyers,No immediate action
8277.64,42,2782.7916666666665,3.0,0.12499999999999996,0.18,-0.98,7.0,0,0.038698323,Low Risk,Active Regular Customers,No immediate action
8743.85,13,773.4166666666666,18.0,-0.4193548387096774,-1.0,0.0,10.92,1,0.9181926,High Risk,Dormant Customers,30% bonus miles + reactivation email
5293.37,27,1527.875,0.0,0.6363636363636362,1.17,-0.97,6.92,0,0.0022315057,Low Risk,Active Regular Customers,No immediate action
2530.71,11,625.3333333333334,2.0,0.19999999999999998,0.58,3.62,0.92,0,0.019671952,Low Risk,Occasional Flyers,No immediate action
4882.29,66,8471.727272727272,0.0,1.2941176470588238,2.95,0.0,80.33,0,0.04631523,Low Risk,Champions / Premium Travelers,Exclusive loyalty rewards
5575.75,38,1934.3333333333333,1.0,-0.04255319148936172,-0.1,-0.97,33.67,0,0.006934595,Low Risk,Active Regular Customers,No immediate action
12885.79,38,5863.818181818182,3.0,5.3,109.99,88.67,227.67,0,0.46129555,Medium Risk,Champions / Premium Travelers,VIP upgrade and lounge voucher
7601.95,34,2799.6666666666665,0.0,0.046511627906976764,0.02,-0.97,12.33,0,0.0017695887,Low Risk,Active Regular Customers,No immediate action
3982.18,37,2191.9166666666665,0.0,0.2558139534883721,0.47,189.5,10.25,0,0.00088407844,Low Risk,Active Regular Customers,No immediate action
29091.24,24,2087.2083333333335,0.0,1.5384615384615385,5.28,0.16,0.67,0,0.0064694514,Low Risk,Occasional Flyers,No immediate action
11790.5,23,1473.875,0.0,-0.08333333333333331,0.49,-0.96,8.25,0,0.0035147602,Low Risk,Active Regular Customers,No immediate action
3971.35,34,2098.0416666666665,2.0,0.5789473684210527,0.76,114.33,31.0,0,0.018896963,Low Risk,Active Regular Customers,No immediate action
15477.28,35,1937.375,0.0,-0.0666666666666667,-0.46,0.73,18.92,0,0.0017209535,Low Risk,Active Regular Customers,No immediate action
4987.64,12,812.2083333333334,4.0,0.32,0.86,-0.97,10.0,1,0.79450285,Medium Risk,Occasional Flyers,Double miles campaign
25581.61,35,2288.0,0.0,0.3170731707317074,1.0,93.5,30.25,0,0.0013949794,Low Risk,Active Regular Customers,No immediate action
14754.36,36,2360.9583333333335,0.0,0.0,0.53,0.0,36.67,0,0.001995062,Low Risk,Active Regular Customers,No immediate action
8377.5,43,2569.9583333333335,0.0,0.1874999999999999,0.25,-0.96,11.58,0,0.0018082071,Low Risk,Active Regular Customers,No immediate action
5568.89,43,2799.4583333333335,0.0,0.02000000000000001,0.0,-0.95,6.25,0,0.0044307606,Low Risk,Active Regular Customers,No immediate action
5278.18,49,3133.6666666666665,1.0,-0.2241379310344828,-0.6,-0.99,17.58,0,0.009968274,Low Risk,Active Regular Customers,No immediate action
11638.67,44,2739.1666666666665,0.0,0.5333333333333334,0.56,0.0,32.0,0,0.0023775785,Low Risk,Active Regular Customers,No immediate action
7427.85,28,2240.4583333333335,1.0,-0.10000000000000003,-0.2,-0.98,14.67,0,0.0064853993,Low Risk,Active Regular Customers,No immediate action
7726.99,36,2389.9583333333335,0.0,0.0,-0.15,-0.99,3.33,0,0.0013525493,Low Risk,Active Regular Customers,No immediate action
3900.91,0,0.0,0.0,0.0,0.0,0.0,0.0,1,0.61384726,Medium Risk,Occasional Flyers,Double miles campaign
3796.55,36,2423.2083333333335,0.0,-0.08695652173913047,-0.28,197.67,12.67,0,0.0007515698,Low Risk,Active Regular Customers,No immediate action
9886.66,43,2673.7916666666665,0.0,0.2765957446808511,0.4,0.0,72.25,0,0.0034529457,Low Risk,Active Regular Customers,No immediate action
6563.64,0,0.0,0.0,0.0,0.0,0.0,0.0,0,0.53108716,Medium Risk,Occasional Flyers,Double miles campaign
5123.77,42,2262.9583333333335,0.0,-0.03999999999999994,-0.31,-0.98,25.67,0,0.0016733578,Low Risk,Active Regular Customers,No immediate action
23295.06,39,2466.0,6.0,-0.6842105263157895,-1.0,-0.96,12.92,1,0.09148428,Low Risk,Active Regular Customers,No immediate action
5254.73,49,2712.6666666666665,0.0,0.21153846153846156,0.79,-0.98,10.25,0,0.0021008693,Low Risk,Active Regular Customers,No immediate action
3579.77,5,194.58333333333334,22.0,-0.2173913043478261,-1.0,0.0,6.25,1,0.9378986,High Risk,Dormant Customers,30% bonus miles + reactivation email
5905.97,42,2554.5833333333335,1.0,-0.1176470588235294,-0.26,7.94,14.33,0,0.0045870743,Low Risk,Active Regular Customers,No immediate action
7164.01,68,10811.636363636364,1.0,4.625,20.86,-0.96,358.67,0,0.045131564,Low Risk,Champions / Premium Travelers,Exclusive loyalty rewards
5407.75,10,668.2916666666666,0.0,1.6666666666666667,2673.17,123.67,7.0,0,0.009658182,Low Risk,Occasional Flyers,No immediate action
2863.04,45,3139.9166666666665,3.0,-0.23636363636363633,-0.44,-0.98,64.92,0,0.072979026,Low Risk,Active Regular Customers,No immediate action
5918.33,23,1457.0833333333333,1.0,0.27272727272727265,0.72,77.5,32.92,0,0.0087443385,Low Risk,Occasional Flyers,No immediate action
3102.79,48,2810.7083333333335,1.0,0.0754716981132075,0.65,0.0,22.67,0,0.012517548,Low Risk,Active Regular Customers,No immediate action
5484.59,24,1609.4166666666667,0.0,-0.3076923076923077,-0.47,-0.98,0.67,0,0.0031632052,Low Risk,Active Regular Customers,No immediate action
3954.34,51,3101.6666666666665,1.0,0.09090909090909102,-0.45,-0.94,84.25,0,0.017116921,Low Risk,Active Regular Customers,No immediate action
38320.82,44,3138.3333333333335,0.0,0.08000000000000004,0.01,3.37,7.33,0,0.005072841,Low Risk,Active Regular Customers,No immediate action
2744.17,44,2808.6666666666665,1.0,0.0,-0.27,0.32,14.0,0,0.008841332,Low Risk,Active Regular Customers,No immediate action
2914.09,11,621.5,2.0,0.7727272727272727,17.0,0.0,10.25,0,0.09681663,Low Risk,Occasional Flyers,No immediate action
5926.73,8,372.6666666666667,0.0,1.0526315789473684,8.82,0.0,2.0,0,0.004348152,Low Risk,Occasional Flyers,No immediate action
10676.59,37,5090.181818181818,1.0,4.714285714285714,24.34,182.83,112.92,0,0.20533982,Low Risk,Champions / Premium Travelers,Exclusive loyalty rewards
7218.38,40,2520.0416666666665,1.0,0.17391304347826086,0.15,-0.97,27.33,0,0.012076043,Low Risk,Active Regular Customers,No immediate action
2893.74,77,12470.545454545454,0.0,1.611111111111111,1.36,0.0,286.25,0,0.02172064,Low Risk,Champions / Premium Travelers,Exclusive loyalty rewards
9011.13,43,2543.1666666666665,0.0,0.4666666666666666,0.54,0.0,10.25,0,0.0027891276,Low Risk,Active Regular Customers,No immediate action
13494.76,48,2899.875,0.0,-0.4,-0.64,-0.97,4.67,0,0.0066910917,Low Risk,Active Regular Customers,No immediate action
17109.39,33,2198.875,0.0,0.2749999999999999,0.89,-0.98,2.92,0,0.0018318659,Low Risk,Active Regular Customers,No immediate action
14070.64,12,828.25,18.0,-0.4,-1.0,0.0,6.0,1,0.9803007,High Risk,Dormant Customers,30% bonus miles + reactivation email
20708.26,6,338.4166666666667,13.0,-0.25,-1.0,-0.97,1.67,1,0.978449,High Risk,Dormant Customers,30% bonus miles + reactivation email
5837.53,38,2080.0,2.0,0.04347826086956524,-0.05,-0.96,47.0,0,0.016410535,Low Risk,Active Regular Customers,No immediate action
7423.9,48,2479.125,3.0,-0.21052631578947364,-0.4,0.97,49.33,0,0.052180342,Low Risk,Active Regular Customers,No immediate action
26511.6,7,613.75,0.0,1.1666666666666667,2455.0,0.0,4.25,0,0.006322331,Low Risk,Occasional Flyers,No immediate action
9372.84,47,3613.1666666666665,0.0,1.325,2.02,14.78,62.92,0,0.009793517,Low Risk,Active Regular Customers,No immediate action
8237.38,37,2205.5416666666665,0.0,-0.33999999999999997,-0.41,-0.99,21.58,0,0.0014749406,Low Risk,Active Regular Customers,No immediate action
2452.06,7,368.5833333333333,18.0,-0.28,-1.0,-0.96,2.92,0,0.94245857,High Risk,Dormant Customers,30% bonus miles + reactivation email
2487.36,34,2219.5416666666665,2.0,-0.1333333333333333,-0.5,87.5,12.33,0,0.0074421284,Low Risk,Active Regular Customers,No immediate action
6555.36,25,1886.4166666666667,11.0,-0.5813953488372093,-1.0,-0.96,20.25,1,0.9532115,High Risk,Dormant Customers,30% bonus miles + reactivation email
6240.9,0,0.0,0.0,0.0,0.0,0.0,0.0,1,0.6084303,Medium Risk,Occasional Flyers,Double miles campaign
7712.06,29,1769.8333333333333,0.0,0.18421052631578944,0.99,-0.96,4.25,0,0.0020065869,Low Risk,Active Regular Customers,No immediate action
2745.13,41,2127.7916666666665,0.0,0.14893617021276592,0.52,-0.95,38.25,0,0.0019564154,Low Risk,Active Regular Customers,No immediate action
8306.55,44,2168.625,1.0,-0.1509433962264151,0.44,2.07,22.67,0,0.0028147548,Low Risk,Active Regular Customers,No immediate action
6106.94,41,2306.4583333333335,0.0,0.23913043478260865,0.02,-0.98,4.92,0,0.0018000338,Low Risk,Active Regular Customers,No immediate action
7107.66,28,1785.125,0.0,0.7272727272727271,1.85,0.0,4.0,0,0.0031709024,Low Risk,Active Regular Customers,No immediate action
35186.26,26,1898.4166666666667,1.0,-0.052631578947368446,-0.21,1.73,13.67,0,0.0088148955,Low Risk,Active Regular Customers,No immediate action
2692.06,7,327.7916666666667,0.0,1.1666666666666667,1311.17,0.0,4.25,0,0.0022379593,Low Risk,Occasional Flyers,No immediate action
12036.62,54,3049.5,0.0,0.03448275862068967,-0.14,-0.98,9.67,0,0.0024619973,Low Risk,Active Regular Customers,No immediate action
22658.54,2,135.16666666666666,11.0,-0.09999999999999999,-0.99,0.0,0.33,1,0.97552127,High Risk,Dormant Customers,30% bonus miles + reactivation email
2777.53,36,1853.0833333333333,2.0,-0.326530612244898,-0.69,-0.96,22.0,0,0.013329555,Low Risk,Active Regular Customers,No immediate action
4087.51,26,1559.4583333333333,10.0,-0.5909090909090908,-1.0,-0.97,21.67,1,0.9387571,High Risk,Dormant Customers,30% bonus miles + reactivation email
3330.67,51,3139.4583333333335,0.0,-0.052631578947368376,0.11,1.27,97.58,0,0.013415481,Low Risk,Active Regular Customers,No immediate action
7996.6,12,613.0,0.0,0.5000000000000001,1.77,-0.99,3.33,0,0.002822629,Low Risk,Occasional Flyers,No immediate action
10963.96,34,2095.4583333333335,0.0,-0.2173913043478261,-0.3,-0.3,9.67,0,0.0021660589,Low Risk,Active Regular Customers,No immediate action
5561.29,20,1153.3333333333333,5.0,0.0,0.46,-0.96,25.33,1,0.5351155,Medium Risk,Active Regular Customers,Double miles campaign
2734.33,40,2738.2916666666665,0.0,0.2666666666666666,0.77,-0.98,11.33,0,0.0019503698,Low Risk,Active Regular Customers,No immediate action
22029.15,55,3077.5416666666665,0.0,-0.17741935483870974,-0.45,1.35,14.25,0,0.001918854,Low Risk,Active Regular Customers,No immediate action
2300.33,21,1402.4166666666667,6.0,-0.5384615384615384,-1.0,0.0,8.92,0,0.14014655,Low Risk,Active Regular Customers,No immediate action
2758.5,43,2460.5833333333335,1.0,0.02000000000000001,0.05,-0.98,39.58,0,0.0059908815,Low Risk,Active Regular Customers,No immediate action
27789.69,4,132.83333333333334,0.0,0.6666666666666666,531.33,0.0,4.0,0,0.002139567,Low Risk,Occasional Flyers,No immediate action
5007.22,10,735.0833333333334,17.0,-0.35714285714285715,-1.0,0.0,25.0,1,0.97951937,High Risk,Dormant Customers,30% bonus miles + reactivation email
8828.83,33,1943.0416666666667,1.0,-0.28260869565217395,-0.58,0.31,2.25,0,0.010932175,Low Risk,Active Regular Customers,No immediate action
7644.68,45,2544.8333333333335,1.0,0.05882352941176474,0.15,0.0,18.25,0,0.007345611,Low Risk,Active Regular Customers,No immediate action
4022.96,36,2345.3333333333335,2.0,-0.326530612244898,-0.34,-0.99,8.67,0,0.008405817,Low Risk,Active Regular Customers,No immediate action
8336.08,35,2357.3333333333335,0.0,-0.3125,-0.45,-0.97,2.92,0,0.002373133,Low Risk,Active Regular Customers,No immediate action
5227.1,30,1617.0833333333333,1.0,0.1538461538461538,0.57,-0.97,13.67,0,0.0091381455,Low Risk,Active Regular Customers,No immediate action
2651.62,0,0.0,0.0,0.0,0.0,75.5,0.0,0,0.14426267,Low Risk,Occasional Flyers,No immediate action
6899.71,0,0.0,0.0,0.0,0.0,0.0,0.0,1,0.6793221,Medium Risk,Occasional Flyers,Double miles campaign
11834.73,19,1196.5833333333333,0.0,-0.09090909090909094,-0.11,0.0,4.25,0,0.011736927,Low Risk,Occasional Flyers,No immediate action
2974.31,0,0.0,0.0,0.0,0.0,0.0,0.0,0,0.69080377,Medium Risk,Occasional Flyers,Double miles campaign
2227.07,32,1776.875,1.0,0.3076923076923076,0.33,0.0,4.67,0,0.0065842457,Low Risk,Active Regular Customers,No immediate action
6686.13,37,2415.4166666666665,0.0,0.35714285714285715,0.74,-0.96,26.92,0,0.0014051648,Low Risk,Active Regular Customers,No immediate action
4078.02,11,498.375,0.0,1.8333333333333333,1993.5,57.33,4.25,0,0.010979872,Low Risk,Occasional Flyers,No immediate action
14228.23,38,4925.818181818182,4.0,2.6428571428571432,11.73,0.0,233.0,1,0.381211,Low Risk,Champions / Premium Travelers,Exclusive loyalty rewards
2159.25,39,2351.25,0.0,0.3953488372093024,0.42,0.57,4.25,0,0.0005862461,Low Risk,Active Regular Customers,No immediate action
5239.89,27,1687.0,2.0,-0.4418604651162791,-0.58,0.0,6.92,0,0.01314582,Low Risk,Active Regular Customers,No immediate action
5154.76,0,0.0,0.0,0.0,0.0,0.0,0.0,1,0.61171925,Medium Risk,Occasional Flyers,Double miles campaign
10425.99,28,1562.75,0.0,-0.10000000000000003,-0.36,-0.97,2.0,0,0.0025484154,Low Risk,Active Regular Customers,No immediate action
21423.64,49,3209.9166666666665,0.0,0.13207547169811326,0.0,3.29,78.92,0,0.0046019033,Low Risk,Active Regular Customers,No immediate action
8491.86,35,2254.4583333333335,2.0,-0.23404255319148937,-0.39,180.33,8.25,0,0.005637782,Low Risk,Active Regular Customers,No immediate action
3569.86,30,2296.9583333333335,5.0,-0.3181818181818182,-0.57,-0.97,11.0,0,0.3443676,Low Risk,Active Regular Customers,No immediate action
4361.37,40,2620.2083333333335,0.0,-0.30769230769230765,-0.31,0.35,1.33,0,0.0028203926,Low Risk,Active Regular Customers,No immediate action
14031.7,12,751.375,4.0,0.9090909090909091,7.86,121.0,36.0,0,0.48825935,Medium Risk,Occasional Flyers,Double miles campaign
12101.21,44,3008.3333333333335,3.0,-0.35714285714285715,-0.5,4.11,35.33,0,0.0650467,Low Risk,Active Regular Customers,No immediate action
8175.32,1,62.875,1.0,0.16666666666666666,251.5,0.0,0.25,0,0.009537645,Low Risk,Occasional Flyers,No immediate action
3088.0,40,2568.0,0.0,0.4651162790697675,0.84,-0.96,16.67,0,0.0019256602,Low Risk,Active Regular Customers,No immediate action
31864.86,31,1390.3333333333333,2.0,0.5833333333333333,1.43,-0.98,38.92,0,0.023961661,Low Risk,Active Regular Customers,No immediate action
2537.97,16,841.25,0.0,0.6153846153846153,0.85,4.29,6.67,0,0.0046527884,Low Risk,Occasional Flyers,No immediate action
7540.58,48,2910.375,0.0,0.0754716981132075,0.29,-0.99,36.0,0,0.0016199567,Low Risk,Active Regular Customers,No immediate action
5096.7,19,1309.7083333333333,2.0,-0.09090909090909094,-0.24,0.3,13.58,0,0.054133736,Low Risk,Active Regular Customers,No immediate action
6692.14,19,1203.0833333333333,0.0,1.375,6.06,198.5,2.25,0,0.0025742988,Low Risk,Occasional Flyers,No immediate action
8509.85,32,2590.75,1.0,-0.425531914893617,-0.85,100.83,16.67,0,0.008086131,Low Risk,Active Regular Customers,No immediate action
3910.7,0,0.0,0.0,0.0,0.0,0.0,0.0,1,0.61384726,Medium Risk,Occasional Flyers,Double miles campaign
2309.88,0,0.0,0.0,0.0,0.0,0.0,0.0,0,0.45779398,Medium Risk,Occasional Flyers,Double miles campaign
10364.35,51,3206.75,2.0,-0.12068965517241384,0.11,0.39,67.58,0,0.051967397,Low Risk,Active Regular Customers,No immediate action
8391.13,39,2461.3333333333335,2.0,-0.43396226415094336,-0.72,-0.96,12.92,0,0.010628034,Low Risk,Active Regular Customers,No immediate action
2705.99,30,1761.6666666666667,2.0,-0.47826086956521746,-0.79,-0.18,7.0,0,0.0123597635,Low Risk,Active Regular Customers,No immediate action
25002.02,7,443.0833333333333,0.0,1.1666666666666667,1772.33,82.17,4.25,0,0.003582828,Low Risk,Occasional Flyers,No immediate action
12741.85,45,2673.125,0.0,0.31249999999999994,0.82,0.0,20.92,0,0.0021146678,Low Risk,Active Regular Customers,No immediate action
2749.41,2,81.08333333333333,23.0,-0.09999999999999999,-0.99,0.0,1.0,1,0.9022238,High Risk,Dormant Customers,30% bonus miles + reactivation email
3265.16,29,2344.5416666666665,0.0,-0.21428571428571427,-0.32,-0.98,24.92,0,0.0018914966,Low Risk,Active Regular Customers,No immediate action
8876.67,39,2202.25,0.0,-0.1428571428571429,-0.38,-0.98,26.25,0,0.0017010018,Low Risk,Active Regular Customers,No immediate action
5510.97,12,672.875,0.0,2.0,2691.5,168.0,16.67,0,0.006901864,Low Risk,Occasional Flyers,No immediate action
2844.85,25,2001.0833333333333,13.0,-0.5813953488372093,-1.0,-0.96,10.25,1,0.88968605,High Risk,Dormant Customers,30% bonus miles + reactivation email
5272.19,37,4119.090909090909,0.0,3.6250000000000004,9.46,1.5,12.92,0,0.011557474,Low Risk,Active Regular Customers,No immediate action
2781.59,48,2996.2916666666665,0.0,0.40816326530612246,-0.1,-0.99,24.67,0,0.0013607013,Low Risk,Active Regular Customers,No immediate action
22195.8,26,1826.3333333333333,0.0,0.16666666666666663,0.6,7.83,9.0,0,0.0038945228,Low Risk,Active Regular Customers,No immediate action
4079.13,31,1981.125,0.0,0.5833333333333333,1.02,1.11,22.25,0,0.0022826924,Low Risk,Active Regular Customers,No immediate action
8722.9,0,0.0,0.0,0.0,0.0,0.0,0.0,1,0.5989688,Medium Risk,Occasional Flyers,Double miles campaign
7229.33,40,2568.5,0.0,0.2666666666666666,0.04,-0.98,24.0,0,0.0015840463,Low Risk,Active Regular Customers,No immediate action
4553.81,32,1689.1666666666667,0.0,-0.425531914893617,-0.5,-0.99,24.67,0,0.002022393,Low Risk,Active Regular Customers,No immediate action
3515.83,40,2226.5833333333335,0.0,-0.08163265306122452,0.01,4.06,16.67,0,0.0012298756,Low Risk,Active Regular Customers,No immediate action
5913.31,37,2371.7916666666665,0.0,-0.1063829787234043,-0.34,0.0,6.92,0,0.0025477963,Low Risk,Active Regular Customers,No immediate action
18039.11,10,834.9166666666666,1.0,1.6666666666666667,3339.67,124.33,14.33,0,0.013115135,Low Risk,Occasional Flyers,No immediate action
3740.4,10,485.1666666666667,0.0,1.6666666666666667,1940.67,0.0,11.0,0,0.01244861,Low Risk,Occasional Flyers,No immediate action
2732.65,42,2279.3333333333335,4.0,-0.3333333333333333,-0.39,1.82,116.33,0,0.068821125,Low Risk,Active Regular Customers,No immediate action
5048.51,20,1355.0833333333333,0.0,0.125,0.37,3.44,3.33,0,0.0039154617,Low Risk,Active Regular Customers,No immediate action
8473.46,36,2328.875,0.0,0.5,0.64,1.67,23.33,0,0.0011130696,Low Risk,Active Regular Customers,No immediate action
4157.7,0,0.0,0.0,0.0,0.0,0.0,0.0,0,0.61384726,Medium Risk,Occasional Flyers,Double miles campaign
4929.81,36,2488.5833333333335,0.0,0.09090909090909094,0.39,-0.99,29.33,0,0.0012633331,Low Risk,Active Regular Customers,No immediate action
5295.63,31,1994.7916666666667,3.0,0.23076923076923073,0.66,0.62,7.58,0,0.024449922,Low Risk,Active Regular Customers,No immediate action
8430.06,34,2529.2083333333335,2.0,0.14285714285714293,-0.12,72.5,83.0,0,0.047562618,Low Risk,Active Regular Customers,No immediate action
2510.63,25,4432.0,0.0,3.35,45.13,161.83,42.92,0,0.015328678,Low Risk,Champions / Premium Travelers,Exclusive loyalty rewards
12097.91,44,2550.3333333333335,1.0,-0.22222222222222224,-0.41,73.33,11.33,0,0.0054580686,Low Risk,Active Regular Customers,No immediate action
46302.08,50,5922.454545454545,0.0,-0.23728813559322032,-0.35,1.08,103.0,0,0.02534252,Low Risk,Active Regular Customers,No immediate action
4636.55,36,2469.0833333333335,0.0,-0.08695652173913047,-0.18,-0.97,16.67,0,0.0015645855,Low Risk,Active Regular Customers,No immediate action
7200.66,46,3406.5833333333335,0.0,0.46808510638297873,1.18,0.0,5.67,0,0.0065398533,Low Risk,Active Regular Customers,No immediate action
2538.63,34,2001.1666666666667,0.0,0.14285714285714293,-0.19,-0.98,7.0,0,0.0013692798,Low Risk,Active Regular Customers,No immediate action
2395.57,36,1722.9166666666667,0.0,0.18604651162790697,1.36,1.6,12.0,0,0.0019023102,Low Risk,Active Regular Customers,No immediate action
7758.59,17,940.3333333333334,9.0,-0.4857142857142857,-1.0,0.0,0.25,1,0.94415843,High Risk,Dormant Customers,30% bonus miles + reactivation email
12731.95,36,2549.6666666666665,0.0,-0.326530612244898,-0.34,-0.98,3.33,0,0.0019242092,Low Risk,Active Regular Customers,No immediate action
4787.21,6,409.75,16.0,-0.25,-1.0,-0.97,3.67,1,0.8773321,High Risk,Dormant Customers,30% bonus miles + reactivation email
2345.26,38,2640.7916666666665,0.0,-0.04255319148936172,-0.06,-0.98,29.67,0,0.00069371884,Low Risk,Active Regular Customers,No immediate action
11814.48,24,1264.0833333333333,0.0,0.11428571428571434,0.39,240.33,12.0,0,0.0013539386,Low Risk,Occasional Flyers,No immediate action
41787.9,37,2265.7916666666665,2.0,-0.1063829787234043,0.0,-0.98,50.92,0,0.011823027,Low Risk,Active Regular Customers,No immediate action
2199.62,46,3364.625,0.0,0.03846153846153848,0.04,-0.97,28.33,0,0.0021732613,Low Risk,Active Regular Customers,No immediate action
6672.06,43,2744.0,2.0,-0.3454545454545454,-0.57,-0.96,7.58,0,0.012016564,Low Risk,Active Regular Customers,No immediate action
8025.23,41,3020.7083333333335,1.0,-0.02040816326530613,0.28,-0.99,4.25,0,0.009349653,Low Risk,Active Regular Customers,No immediate action
4505.84,0,0.0,0.0,0.0,0.0,0.0,0.0,1,0.61384726,Medium Risk,Occasional Flyers,Double miles campaign
4605.04,35,2211.0,0.0,0.022727272727272735,-0.03,8.01,52.25,0,0.0020640886,Low Risk,Active Regular Customers,No immediate action
39561.08,26,1742.9166666666667,0.0,0.28571428571428575,0.85,1.04,21.67,0,0.002744287,Low Risk,Active Regular Customers,No immediate action
8714.92,46,2710.25,1.0,0.03846153846153848,0.11,-0.99,7.0,0,0.0036659702,Low Risk,Active Regular Customers,No immediate action
2637.6,48,3054.625,2.0,-0.14285714285714285,-0.41,0.45,34.0,0,0.029441927,Low Risk,Active Regular Customers,No immediate action
5880.26,11,680.3333333333334,0.0,0.19999999999999998,0.33,0.0,10.25,0,0.016579505,Low Risk,Occasional Flyers,No immediate action
8703.73,31,2068.0416666666665,0.0,-0.24999999999999994,-0.38,-0.95,17.58,0,0.0024730065,Low Risk,Active Regular Customers,No immediate action
4991.58,37,1894.125,0.0,-0.33999999999999997,-0.73,-0.97,26.92,0,0.002344448,Low Risk,Active Regular Customers,No immediate action
6761.11,26,1352.4166666666667,0.0,-0.052631578947368446,-0.53,1.81,16.33,0,0.00096448284,Low Risk,Active Regular Customers,No immediate action
8196.08,39,1929.8333333333333,0.0,0.3953488372093024,0.57,-0.96,2.92,0,0.001688281,Low Risk,Active Regular Customers,No immediate action
3185.17,38,2166.875,0.0,0.1333333333333333,0.26,-0.98,16.33,0,0.0014691987,Low Risk,Active Regular Customers,No immediate action
2310.88,45,2863.2916666666665,1.0,0.31249999999999994,0.59,-0.99,56.92,0,0.0044673006,Low Risk,Active Regular Customers,No immediate action
5364.47,45,3356.8333333333335,0.0,0.8139534883720931,1.08,-0.99,10.92,0,0.0013852582,Low Risk,Active Regular Customers,No immediate action
7553.23,32,1917.0833333333333,0.0,0.19999999999999998,-0.13,0.6,4.67,0,0.0017166538,Low Risk,Active Regular Customers,No immediate action
14854.2,31,2085.5833333333335,0.0,0.12499999999999994,0.35,-0.98,8.92,0,0.0021680035,Low Risk,Active Regular Customers,No immediate action
6687.59,0,0.0,0.0,0.0,0.0,0.0,0.0,1,0.5884156,Medium Risk,Occasional Flyers,Double miles campaign
5981.38,40,2741.5833333333335,0.0,0.08510638297872336,0.19,243.0,20.67,0,0.0011599698,Low Risk,Active Regular Customers,No immediate action
5775.52,2,173.25,0.0,0.3333333333333333,693.0,0.0,1.0,0,0.0024763236,Low Risk,Occasional Flyers,No immediate action
13869.93,0,0.0,0.0,0.0,0.0,0.0,0.0,1,0.5735668,Medium Risk,Occasional Flyers,Double miles campaign
14722.22,13,890.7083333333334,0.0,0.2692307692307693,1.51,0.0,2.25,0,0.004116807,Low Risk,Occasional Flyers,No immediate action
2382.67,7,326.7083333333333,0.0,1.1666666666666667,1306.83,0.0,4.25,0,0.0023042043,Low Risk,Occasional Flyers,No immediate action
8166.88,38,2448.6666666666665,1.0,-0.27999999999999997,-0.37,-0.98,21.67,0,0.0052621476,Low Risk,Active Regular Customers,No immediate action
9209.41,51,7063.909090909091,0.0,1.3571428571428574,1.38,89.17,116.92,0,0.10024781,Low Risk,Champions / Premium Travelers,Exclusive loyalty rewards
8022.69,19,1298.625,5.0,0.031250000000000014,0.05,0.0,6.92,0,0.6772176,Medium Risk,Active Regular Customers,Double miles campaign
4756.91,20,1450.875,1.0,0.7142857142857143,2.11,0.0,8.67,0,0.0070480965,Low Risk,Occasional Flyers,No immediate action
23142.15,18,1034.7916666666667,4.0,-0.4,-0.71,-0.99,5.67,0,0.5342754,Medium Risk,Occasional Flyers,Double miles campaign
6292.74,29,2279.8333333333335,1.0,0.41666666666666663,0.62,118.83,10.92,0,0.0052709705,Low Risk,Active Regular Customers,No immediate action
16553.23,35,2118.875,2.0,-0.3125,-0.63,0.0,24.92,0,0.019100996,Low Risk,Active Regular Customers,No immediate action
5757.44,37,2298.0,2.0,0.4634146341463416,0.62,2.85,37.58,0,0.021296294,Low Risk,Active Regular Customers,No immediate action
14024.36,38,2128.3333333333335,3.0,-0.04255319148936172,-0.28,-0.99,19.0,0,0.03605754,Low Risk,Active Regular Customers,No immediate action
2396.22,37,2122.4166666666665,0.0,-0.1063829787234043,-0.24,1.75,6.92,0,0.00080573995,Low Risk,Active Regular Customers,No immediate action
5382.75,4,343.8333333333333,0.0,0.6666666666666666,1375.33,0.0,2.0,0,0.002396691,Low Risk,Occasional Flyers,No immediate action
9368.27,38,2356.0416666666665,0.0,0.5365853658536586,1.35,3.35,11.67,0,0.0018735665,Low Risk,Active Regular Customers,No immediate action
2510.59,20,1554.9166666666667,3.0,-0.33333333333333337,-0.85,0.0,16.67,0,0.08668611,Low Risk,Active Regular Customers,No immediate action
2609.83,50,3055.7916666666665,0.0,0.11111111111111116,0.3,0.1,7.0,0,0.009226485,Low Risk,Active Regular Customers,No immediate action
16504.96,15,871.2083333333334,1.0,0.68,1.98,0.0,0.25,0,0.008006311,Low Risk,Occasional Flyers,No immediate action
4783.92,3,73.0,1.0,0.5,292.0,0.0,2.25,0,0.0046689967,Low Risk,Occasional Flyers,No immediate action
31642.1,20,1072.875,7.0,-0.5263157894736842,-1.0,-0.99,14.67,1,0.73964536,Medium Risk,Active Regular Customers,Double miles campaign
6126.57,37,2096.9583333333335,0.0,-0.4117647058823529,-0.58,-0.97,16.25,0,0.002030216,Low Risk,Active Regular Customers,No immediate action
8275.9,37,1881.8333333333333,0.0,0.945945945945946,3.08,2.61,10.25,0,0.006654687,Low Risk,Active Regular Customers,No immediate action
5469.54,73,8507.363636363636,1.0,2.7674418604651163,5.92,0.61,430.92,0,0.04852356,Low Risk,Champions / Premium Travelers,Exclusive loyalty rewards
2917.54,30,1474.0,1.0,-0.2325581395348837,-0.19,-0.97,5.67,0,0.0072772657,Low Risk,Active Regular Customers,No immediate action
2549.45,32,1931.75,1.0,1.0909090909090908,2.32,0.0,22.67,0,0.008510349,Low Risk,Active Regular Customers,No immediate action
5583.07,22,1284.7083333333333,0.0,0.7586206896551723,4.72,0.0,13.67,0,0.0034748705,Low Risk,Occasional Flyers,No immediate action
9416.91,41,2524.875,0.0,-0.5178571428571429,-0.73,-0.98,65.58,0,0.006271044,Low Risk,Active Regular Customers,No immediate action
8646.5,44,2351.625,0.0,0.3404255319148936,0.22,-0.99,7.33,0,0.0011027277,Low Risk,Active Regular Customers,No immediate action
19512.0,41,2304.7083333333335,1.0,-0.24999999999999997,-0.17,0.0,14.25,0,0.004463648,Low Risk,Active Regular Customers,No immediate action
5671.93,60,8011.636363636364,2.0,2.631578947368421,3.36,-0.99,516.0,0,0.15880556,Low Risk,Champions / Premium Travelers,Exclusive loyalty rewards
2485.89,34,1826.0,0.0,0.046511627906976764,-0.37,-0.99,3.0,0,0.0010160867,Low Risk,Active Regular Customers,No immediate action
7778.01,54,3232.125,0.0,0.1785714285714285,0.13,-0.95,20.33,0,0.0018166708,Low Risk,Active Regular Customers,No immediate action
4860.62,30,1868.375,0.0,0.37837837837837834,1.04,-0.98,27.67,0,0.0015903277,Low Risk,Active Regular Customers,No immediate action
20534.39,39,2583.0,1.0,0.10869565217391301,0.32,0.16,4.92,0,0.009263124,Low Risk,Active Regular Customers,No immediate action
16953.08,37,2450.375,1.0,-0.4117647058823529,-0.62,0.0,12.25,0,0.0072962577,Low Risk,Active Regular Customers,No immediate action
5070.35,28,1716.4166666666667,0.0,1.032258064516129,1.19,-0.97,6.0,0,0.003150716,Low Risk,Active Regular Customers,No immediate action
29199.81,44,2645.875,2.0,-0.22222222222222224,-0.26,-0.99,28.67,0,0.0065515717,Low Risk,Active Regular Customers,No immediate action
4171.19,34,2180.875,1.0,-0.1333333333333333,-0.24,0.0,0.33,0,0.013502232,Low Risk,Active Regular Customers,No immediate action
10208.93,16,949.8333333333334,1.0,2.0,17.58,66.33,22.0,0,0.009623644,Low Risk,Occasional Flyers,No immediate action
5390.27,35,2293.2916666666665,1.0,0.4249999999999999,1.24,1.33,5.58,0,0.0062582046,Low Risk,Active Regular Customers,No immediate action
7082.83,45,2787.4583333333335,0.0,-0.16666666666666666,-0.46,-0.97,18.25,0,0.0037777727,Low Risk,Active Regular Customers,No immediate action
7155.47,22,1136.9583333333333,0.0,0.31249999999999994,0.44,221.83,11.67,0,0.0017058557,Low Risk,Occasional Flyers,No immediate action
3975.32,44,2445.4583333333335,0.0,0.08000000000000004,0.77,0.95,15.33,0,0.0022238302,Low Risk,Active Regular Customers,No immediate action
2867.31,56,3650.0833333333335,0.0,0.13793103448275854,0.93,2.09,56.0,0,0.0017945204,Low Risk,Active Regular Customers,No immediate action
5791.61,15,996.2083333333334,0.0,2.5,3984.83,76.67,6.25,0,0.006365965,Low Risk,Occasional Flyers,No immediate action
2910.32,62,4064.75,1.0,-0.3142857142857143,-0.26,172.5,17.67,0,0.004781295,Low Risk,Active Regular Customers,No immediate action
3776.67,1,87.91666666666667,2.0,0.16666666666666666,351.67,0.0,0.25,0,0.02443276,Low Risk,Occasional Flyers,No immediate action
7531.03,45,2766.5833333333335,0.0,0.05882352941176474,0.37,-0.97,43.58,0,0.0017589796,Low Risk,Active Regular Customers,No immediate action
4686.47,38,2926.875,0.0,0.5365853658536586,1.27,4.22,27.67,0,0.0024050737,Low Risk,Active Regular Customers,No immediate action
6104.72,31,1717.75,1.0,1.5000000000000002,3.44,0.0,16.92,0,0.029172046,Low Risk,Active Regular Customers,No immediate action
5206.03,33,2174.375,0.0,-0.023255813953488382,0.55,2.42,24.25,0,0.0009881058,Low Risk,Active Regular Customers,No immediate action
9156.32,18,1126.5,1.0,-0.06250000000000003,-0.11,-0.98,17.67,0,0.035786733,Low Risk,Occasional Flyers,No immediate action
7434.27,34,1874.125,1.0,0.3499999999999999,0.7,-0.98,23.0,0,0.007158409,Low Risk,Active Regular Customers,No immediate action
2695.46,14,780.25,0.0,2.3333333333333335,3121.0,101.17,25.67,0,0.008555633,Low Risk,Occasional Flyers,No immediate action
5749.88,75,10915.181818181818,1.0,4.999999999999999,11.26,2.05,336.92,0,0.012249027,Low Risk,Champions / Premium Travelers,Exclusive loyalty rewards
8531.4,11,728.0833333333334,0.0,1.8333333333333333,2912.33,0.0,18.25,0,0.0056598494,Low Risk,Occasional Flyers,No immediate action
5595.97,34,2310.2916666666665,0.0,0.24390243902439027,0.73,-0.99,1.0,0,0.0020290308,Low Risk,Active Regular Customers,No immediate action
18532.41,36,2320.9583333333335,0.0,0.3902439024390244,0.21,0.0,29.33,0,0.0020440405,Low Risk,Active Regular Customers,No immediate action
10103.66,42,2925.375,2.0,-0.19230769230769232,-0.29,-0.99,16.33,0,0.023802549,Low Risk,Active Regular Customers,No immediate action
5325.72,33,1817.25,1.0,-0.11363636363636359,-0.14,-0.99,32.25,0,0.007566109,Low Risk,Active Regular Customers,No immediate action
2504.44,32,2152.5416666666665,1.0,0.0,0.16,-0.96,16.0,0,0.0074739205,Low Risk,Active Regular Customers,No immediate action
2369.37,35,2014.9166666666667,0.0,-0.0666666666666667,-0.32,0.0,23.58,0,0.0024975163,Low Risk,Active Regular Customers,No immediate action
2476.48,0,0.0,0.0,0.0,0.0,0.0,0.0,0,0.5885664,Medium Risk,Occasional Flyers,Double miles campaign
14065.3,0,0.0,0.0,0.0,0.0,0.0,0.0,0,0.5735668,Medium Risk,Occasional Flyers,Double miles campaign
7090.47,36,2589.875,0.0,0.5,1.02,0.0,56.67,0,0.0042432593,Low Risk,Active Regular Customers,No immediate action
4865.85,38,2288.6666666666665,1.0,0.5365853658536586,0.7,-0.97,29.67,0,0.008791873,Low Risk,Active Regular Customers,No immediate action
6622.05,6,423.3333333333333,0.0,1.0,1693.33,0.0,3.67,0,0.0014951063,Low Risk,Occasional Flyers,No immediate action
16922.13,47,2582.2083333333335,0.0,0.34693877551020397,1.0,2.52,38.25,0,0.0018191688,Low Risk,Active Regular Customers,No immediate action
2155.21,36,1976.375,1.0,0.5,1.13,-0.98,6.0,0,0.008996807,Low Risk,Active Regular Customers,No immediate action
4198.03,22,1640.5,1.0,0.31249999999999994,0.98,-0.98,1.67,0,0.005788259,Low Risk,Active Regular Customers,No immediate action
2734.44,32,2151.8333333333335,1.0,-0.3478260869565218,-0.52,0.6,44.67,0,0.00599346,Low Risk,Active Regular Customers,No immediate action
5625.91,56,3746.6666666666665,1.0,-0.1904761904761905,-0.29,-0.96,6.67,0,0.0052777077,Low Risk,Active Regular Customers,No immediate action
14641.52,50,8451.818181818182,1.0,4.538461538461538,22.23,0.0,289.0,0,0.10211782,Low Risk,Champions / Premium Travelers,Exclusive loyalty rewards
3690.7,42,2674.7916666666665,0.0,0.04081632653061218,0.09,0.0,19.0,0,0.0029734785,Low Risk,Active Regular Customers,No immediate action
12105.29,17,1936.6363636363637,5.0,0.5555555555555555,-0.07,218.83,32.25,0,0.6885564,Medium Risk,Occasional Flyers,Double miles campaign
4813.28,17,996.9166666666666,0.0,2.8333333333333335,3987.67,0.0,24.92,0,0.008945075,Low Risk,Occasional Flyers,No immediate action
8002.31,43,2825.3333333333335,4.0,-0.4107142857142857,-0.5,-0.98,21.58,1,0.091966204,Low Risk,Active Regular Customers,No immediate action
41787.9,11,308.5208333333333,0.0,1.8333333333333333,2468.17,0.0,6.25,0,0.011463916,Low Risk,Occasional Flyers,No immediate action
2551.35,30,1969.9166666666667,1.0,-0.2325581395348837,-0.62,0.0,11.67,0,0.0065455097,Low Risk,Active Regular Customers,No immediate action
2572.45,83,9281.727272727272,0.0,3.6428571428571432,5.9,85.5,719.58,0,0.012225366,Low Risk,Champions / Premium Travelers,Exclusive loyalty rewards
2749.41,5,225.41666666666666,0.0,0.8333333333333334,901.67,0.0,6.25,0,0.0028691674,Low Risk,Occasional Flyers,No immediate action
5568.95,47,3175.5833333333335,1.0,0.26000000000000006,0.62,-0.95,64.25,0,0.012238652,Low Risk,Active Regular Customers,No immediate action
26416.25,0,0.0,0.0,0.0,0.0,0.0,0.0,0,0.75802594,Medium Risk,Occasional Flyers,Double miles campaign
13158.37,55,3203.125,0.0,-0.29687499999999994,-0.45,-0.97,26.25,0,0.0026729857,Low Risk,Active Regular Customers,No immediate action
13727.8,3,202.5,1.0,0.5,810.0,0.0,2.25,0,0.00382575,Low Risk,Occasional Flyers,No immediate action
8738.4,27,4040.5454545454545,0.0,2.6521739130434785,12.88,-0.96,12.92,0,0.017366573,Low Risk,Active Regular Customers,No immediate action
10634.84,52,2787.5416666666665,0.0,-0.26229508196721313,-0.19,-0.95,24.0,0,0.0018573409,Low Risk,Active Regular Customers,No immediate action
4854.75,35,1748.4166666666667,0.0,0.3170731707317074,0.98,0.0,40.25,0,0.0018157008,Low Risk,Active Regular Customers,No immediate action
15656.03,0,0.0,0.0,0.0,0.0,0.0,0.0,0,0.5653012,Medium Risk,Occasional Flyers,Double miles campaign
2779.85,33,2025.6666666666667,0.0,0.17073170731707327,0.09,-0.98,24.92,0,0.0016219831,Low Risk,Active Regular Customers,No immediate action
2241.46,13,775.375,17.0,-0.4193548387096774,-1.0,-0.99,15.58,0,0.9741746,High Risk,Dormant Customers,30% bonus miles + reactivation email
2897.78,0,0.0,0.0,0.0,0.0,0.0,0.0,0,0.5317981,Medium Risk,Occasional Flyers,Double miles campaign
9774.61,22,1159.9583333333333,4.0,-0.368421052631579,-0.45,-0.99,29.67,1,0.08106512,Low Risk,Active Regular Customers,No immediate action
2467.13,7,585.7916666666666,0.0,1.1666666666666667,2343.17,51.33,4.25,0,0.007570514,Low Risk,Occasional Flyers,No immediate action
2531.74,22,1558.4166666666667,0.0,2.0000000000000004,5.69,2.18,15.0,0,0.0019203741,Low Risk,Occasional Flyers,No immediate action
5504.14,8,335.875,0.0,1.3333333333333333,1343.5,0.0,6.0,0,0.0028919314,Low Risk,Occasional Flyers,No immediate action
4276.92,33,1993.0,1.0,0.2749999999999999,0.68,-0.96,14.25,0,0.007263352,Low Risk,Active Regular Customers,No immediate action
12875.6,12,813.0,6.0,-0.4,-1.0,0.0,6.0,1,0.88007635,High Risk,Occasional Flyers,Weekend fare promotion
8034.52,55,4647.545454545455,0.0,5.115384615384615,14.8,0.0,110.92,0,0.05228886,Low Risk,Champions / Premium Travelers,Exclusive loyalty rewards
5285.27,42,2919.125,0.0,-0.03999999999999994,-0.07,-0.98,25.67,0,0.002527304,Low Risk,Active Regular Customers,No immediate action
21312.38,28,1749.2083333333333,0.0,-0.28571428571428575,-0.62,85.33,14.67,0,0.0011297668,Low Risk,Active Regular Customers,No immediate action
16005.51,38,1926.1666666666667,0.0,0.04347826086956524,0.11,-0.96,11.67,0,0.0019813585,Low Risk,Active Regular Customers,No immediate action
4686.47,46,2946.1666666666665,1.0,-0.11111111111111109,-0.13,0.0,17.67,0,0.013315397,Low Risk,Active Regular Customers,No immediate action
2721.75,40,2243.6666666666665,0.0,-0.2352941176470588,-0.37,0.0,15.33,0,0.0019376,Low Risk,Active Regular Customers,No immediate action
11308.47,44,3306.5833333333335,1.0,-0.07692307692307689,-0.1,-0.99,31.33,0,0.01022157,Low Risk,Active Regular Customers,No immediate action
2551.23,71,12446.272727272728,4.0,2.333333333333333,4.85,93.5,820.25,0,0.41977096,Medium Risk,Champions / Premium Travelers,VIP upgrade and lounge voucher
13151.83,17,985.4583333333334,12.0,-0.4857142857142857,-1.0,-0.96,6.25,1,0.9705659,High Risk,Dormant Customers,30% bonus miles + reactivation email
2903.94,0,0.0,0.0,0.0,0.0,0.0,0.0,1,0.6048543,Medium Risk,Occasional Flyers,Double miles campaign
8236.92,35,2466.0416666666665,0.0,0.022727272727272735,-0.02,-0.99,36.92,0,0.0007982715,Low Risk,Active Regular Customers,No immediate action
3401.88,35,1877.8333333333333,1.0,0.7837837837837838,1.19,1.07,14.92,0,0.006828775,Low Risk,Active Regular Customers,No immediate action
3331.45,4,205.54166666666666,0.0,0.6666666666666666,822.17,71.83,2.0,0,0.0015285115,Low Risk,Occasional Flyers,No immediate action
4411.66,35,2063.5,2.0,-0.0666666666666667,-0.29,-0.99,73.58,0,0.011709227,Low Risk,Active Regular Customers,No immediate action
5701.28,38,2420.4583333333335,0.0,-0.20408163265306123,-0.23,1.79,9.0,0,0.0008473965,Low Risk,Active Regular Customers,No immediate action
8264.75,38,6048.636363636364,2.0,1.8125000000000002,2.69,-0.97,61.67,0,0.37172335,Low Risk,Active Regular Customers,No immediate action
13345.14,0,0.0,0.0,0.0,0.0,0.0,0.0,1,0.5915647,Medium Risk,Occasional Flyers,Double miles campaign
2441.39,37,2073.2916666666665,1.0,-0.33999999999999997,-0.52,-0.98,16.25,0,0.0026571709,Low Risk,Active Regular Customers,No immediate action
15251.58,32,2490.9166666666665,1.0,0.0,0.31,-0.99,24.67,0,0.0054194126,Low Risk,Active Regular Customers,No immediate action
4109.79,23,1335.375,0.0,1.2222222222222223,8.07,0.0,26.25,0,0.004214425,Low Risk,Occasional Flyers,No immediate action
13094.61,28,1980.875,0.0,0.0,0.13,-0.98,8.67,0,0.0023872263,Low Risk,Active Regular Customers,No immediate action
5096.67,0,0.0,0.0,0.0,0.0,0.0,0.0,1,0.61171925,Medium Risk,Occasional Flyers,Double miles campaign
7821.19,0,0.0,0.0,0.0,0.0,0.0,0.0,0,0.5989688,Medium Risk,Occasional Flyers,Double miles campaign
5138.24,0,0.0,0.0,0.0,0.0,0.0,0.0,0,0.61171925,Medium Risk,Occasional Flyers,Double miles campaign
2419.31,42,2966.7916666666665,0.0,-0.1176470588235294,-0.01,-0.99,7.0,0,0.00090533745,Low Risk,Active Regular Customers,No immediate action
4502.68,34,2008.4583333333333,0.0,0.7027027027027027,2.25,-0.51,25.67,0,0.0018930169,Low Risk,Active Regular Customers,No immediate action
14040.96,28,1604.5,0.0,1.032258064516129,2.35,0.0,1.33,0,0.005204673,Low Risk,Active Regular Customers,No immediate action
2581.02,44,3080.7083333333335,0.0,0.3404255319148936,0.83,-0.96,30.0,0,0.002955055,Low Risk,Active Regular Customers,No immediate action
4277.56,67,4088.5,0.0,0.55,0.6,1.12,12.92,0,0.0042615174,Low Risk,Active Regular Customers,No immediate action
10548.54,32,1920.0,5.0,-0.425531914893617,-0.72,-0.99,6.67,0,0.41919482,Medium Risk,Active Regular Customers,Double miles campaign
16727.77,7,197.45833333333334,0.0,1.1666666666666667,789.83,0.0,5.58,0,0.002350956,Low Risk,Occasional Flyers,No immediate action
17114.33,37,2165.0416666666665,2.0,0.2558139534883721,0.25,-0.99,6.25,0,0.010533315,Low Risk,Active Regular Customers,No immediate action
29297.33,39,2246.75,0.0,-0.06250000000000001,0.1,-0.99,14.25,0,0.00076126127,Low Risk,Active Regular Customers,No immediate action
4838.88,15,1142.8333333333333,0.0,0.0344827586206896,0.13,0.0,4.25,0,0.017777076,Low Risk,Occasional Flyers,No immediate action
4954.29,41,2317.0833333333335,0.0,-0.09999999999999996,-0.07,1.17,16.92,0,0.0013507155,Low Risk,Active Regular Customers,No immediate action
2480.49,30,1524.875,0.0,-0.2325581395348837,-0.48,-0.98,11.0,0,0.0011281156,Low Risk,Active Regular Customers,No immediate action
6183.11,29,1968.9583333333333,1.0,0.18421052631578944,0.48,-0.97,4.25,0,0.009838065,Low Risk,Active Regular Customers,No immediate action
18943.27,55,3742.8333333333335,3.0,-0.17741935483870974,-0.16,203.5,60.25,0,0.024138812,Low Risk,Active Regular Customers,No immediate action
2369.11,0,0.0,0.0,0.0,0.0,0.0,0.0,0,0.4995626,Medium Risk,Occasional Flyers,Double miles campaign
5773.52,38,2293.25,1.0,-0.35294117647058826,-0.72,-0.96,5.67,0,0.0069733546,Low Risk,Active Regular Customers,No immediate action
2174.11,43,2800.25,0.0,0.02000000000000001,0.14,0.12,17.58,0,0.0017855222,Low Risk,Active Regular Customers,No immediate action
13406.92,6,330.2916666666667,0.0,1.0,1321.17,0.0,3.67,0,0.0019569388,Low Risk,Occasional Flyers,No immediate action
7999.25,1,39.833333333333336,0.0,0.16666666666666666,159.33,0.0,0.25,0,0.0037381754,Low Risk,Occasional Flyers,No immediate action
2451.99,33,2232.4166666666665,1.0,-0.11363636363636359,-0.44,-0.99,16.25,0,0.006538658,Low Risk,Active Regular Customers,No immediate action
7758.59,29,2083.2916666666665,1.0,0.41666666666666663,1.73,-0.97,14.92,0,0.007015528,Low Risk,Active Regular Customers,No immediate action
6189.12,0,0.0,0.0,0.0,0.0,0.0,0.0,1,0.6084303,Medium Risk,Occasional Flyers,Double miles campaign
6620.44,44,2558.3333333333335,1.0,0.43478260869565216,0.42,-0.96,24.0,0,0.0042737867,Low Risk,Active Regular Customers,No immediate action
5356.14,4,204.16666666666666,1.0,0.6666666666666666,816.67,93.67,4.0,0,0.005548567,Low Risk,Occasional Flyers,No immediate action
4847.24,36,2372.1666666666665,0.0,0.0,-0.28,-0.99,12.67,0,0.00093359617,Low Risk,Active Regular Customers,No immediate action
5881.81,36,2283.0,0.0,0.7368421052631577,0.95,-0.97,24.67,0,0.0014895671,Low Risk,Active Regular Customers,No immediate action
7974.39,40,2247.9166666666665,0.0,0.5714285714285715,1.43,0.0,17.33,0,0.002044241,Low Risk,Active Regular Customers,No immediate action
15102.23,49,2800.375,0.0,-0.2241379310344828,-0.12,118.83,38.92,0,0.001049809,Low Risk,Active Regular Customers,No immediate action
2224.77,58,3536.0833333333335,1.0,-0.5352112676056338,-0.67,-0.95,25.0,0,0.0045546475,Low Risk,Active Regular Customers,No immediate action
4358.76,39,2130.125,0.0,-0.06250000000000001,0.27,0.59,4.25,0,0.0021305762,Low Risk,Active Regular Customers,No immediate action
15552.4,42,2603.0833333333335,0.0,-0.1176470588235294,-0.56,0.46,11.0,0,0.001706109,Low Risk,Active Regular Customers,No immediate action
4966.77,15,930.3333333333334,1.0,0.17857142857142858,0.81,87.83,6.25,0,0.009723341,Low Risk,Occasional Flyers,No immediate action
2545.06,2,163.08333333333334,22.0,-0.09999999999999999,-1.0,0.0,1.0,1,0.8702985,High Risk,Dormant Customers,30% bonus miles + reactivation email
5035.04,42,2561.9583333333335,0.0,0.04081632653061218,0.6,-0.97,11.0,0,0.0018771475,Low Risk,Active Regular Customers,No immediate action
4014.45,21,1117.0416666666667,0.0,0.6551724137931034,4.07,-0.97,9.58,0,0.0037160923,Low Risk,Occasional Flyers,No immediate action
7341.86,22,1254.5416666666667,0.0,-0.05714285714285711,-0.21,71.67,23.0,0,0.0028352218,Low Risk,Occasional Flyers,No immediate action
4697.15,30,1151.0833333333333,2.0,-0.14285714285714285,-0.35,-0.98,9.0,0,0.014022832,Low Risk,Active Regular Customers,No immediate action
2803.8,48,2704.7083333333335,4.0,-0.6249999999999999,-0.85,-0.95,24.67,1,0.16908878,Low Risk,Active Regular Customers,No immediate action
5099.51,5,238.16666666666666,0.0,0.8333333333333334,952.67,0.0,3.58,0,0.0020786754,Low Risk,Occasional Flyers,No immediate action
8476.81,31,1500.4583333333333,2.0,-0.07142857142857137,0.22,-0.43,8.25,0,0.01485909,Low Risk,Active Regular Customers,No immediate action
5073.28,34,1473.2083333333333,1.0,-0.04545454545454547,-0.31,-0.99,24.33,0,0.004220026,Low Risk,Active Regular Customers,No immediate action
9904.98,0,0.0,0.0,0.0,0.0,0.0,0.0,0,0.6085993,Medium Risk,Occasional Flyers,Double miles campaign
17019.01,51,3737.75,0.0,0.16666666666666666,0.36,-0.99,58.25,0,0.0023479292,Low Risk,Active Regular Customers,No immediate action
18611.45,38,2387.1666666666665,2.0,0.4285714285714287,0.36,-0.97,13.67,0,0.013329173,Low Risk,Active Regular Customers,No immediate action
7412.03,30,2036.7916666666667,0.0,0.6285714285714286,1.16,-0.97,9.67,0,0.0020449131,Low Risk,Active Regular Customers,No immediate action
5619.69,29,1954.75,0.0,0.8181818181818181,1.1,3.59,8.25,0,0.0023027905,Low Risk,Active Regular Customers,No immediate action
8535.11,0,0.0,0.0,0.0,0.0,0.0,0.0,0,0.5989688,Medium Risk,Occasional Flyers,Double miles campaign
36695.91,7,390.5,1.0,1.1666666666666667,1562.0,0.0,12.25,0,0.0054418966,Low Risk,Occasional Flyers,No immediate action
19688.32,42,2666.4166666666665,0.0,-0.26415094339622636,-0.48,-0.98,17.67,0,0.0014705607,Low Risk,Active Regular Customers,No immediate action
8507.13,48,3810.3333333333335,0.0,0.1538461538461539,0.38,98.17,36.67,0,0.004104899,Low Risk,Active Regular Customers,No immediate action
4935.64,11,731.2916666666666,0.0,0.7727272727272727,5.43,0.0,2.92,0,0.0051663266,Low Risk,Occasional Flyers,No immediate action
5615.07,33,1588.875,0.0,-0.28260869565217395,-0.68,-0.97,8.92,0,0.0025031834,Low Risk,Active Regular Customers,No immediate action
4993.03,0,0.0,0.0,0.0,0.0,0.0,0.0,1,0.61171925,Medium Risk,Occasional Flyers,Double miles campaign
5849.32,6,198.79166666666666,3.0,1.0,795.17,0.0,5.67,0,0.06918053,Low Risk,Occasional Flyers,No immediate action
18399.83,46,3064.125,1.0,-0.31578947368421045,-0.38,-0.96,33.67,0,0.012140564,Low Risk,Active Regular Customers,No immediate action
4236.81,26,1689.0,0.0,0.16666666666666663,-0.15,0.0,5.67,0,0.0026564582,Low Risk,Active Regular Customers,No immediate action
2554.55,16,870.5833333333334,8.0,-0.47058823529411764,-1.0,0.0,13.33,1,0.8682963,High Risk,Dormant Customers,30% bonus miles + reactivation email
11196.02,59,5826.181818181818,1.0,1.297872340425532,1.11,4.92,303.58,0,0.028189449,Low Risk,Champions / Premium Travelers,Exclusive loyalty rewards
15512.25,36,2236.25,2.0,-0.4,-0.57,-0.96,11.33,0,0.011250623,Low Risk,Active Regular Customers,No immediate action
2034.99,48,3492.5833333333335,0.0,0.32,0.57,-0.98,18.67,0,0.0064098462,Low Risk,Active Regular Customers,No immediate action
5479.56,55,3062.125,1.0,-0.11475409836065573,0.05,-0.98,8.25,0,0.0076486566,Low Risk,Active Regular Customers,No immediate action
2779.85,44,2182.7083333333335,0.0,0.16326530612244888,0.33,-0.97,64.67,0,0.0058272947,Low Risk,Active Regular Customers,No immediate action
16728.34,0,0.0,0.0,0.0,0.0,0.0,0.0,1,0.5974888,Medium Risk,Occasional Flyers,Double miles campaign
5264.36,35,2335.9583333333335,0.0,0.6578947368421052,1.45,-0.99,28.25,0,0.0012298638,Low Risk,Active Regular Customers,No immediate action
5583.83,45,3032.1666666666665,0.0,0.22448979591836735,0.95,-0.97,10.92,0,0.0023975484,Low Risk,Active Regular Customers,No immediate action
8200.79,0,0.0,0.0,0.0,0.0,0.0,0.0,0,0.5989688,Medium Risk,Occasional Flyers,Double miles campaign
6305.93,37,2017.8333333333333,3.0,-0.4117647058823529,-0.67,0.0,16.92,0,0.040518664,Low Risk,Active Regular Customers,No immediate action
5227.23,20,1163.0,0.0,0.2580645161290323,-0.27,0.0,0.67,0,0.0049787723,Low Risk,Occasional Flyers,No immediate action
2727.74,15,886.375,18.0,-0.45454545454545453,-1.0,0.0,10.92,1,0.9401257,High Risk,Dormant Customers,30% bonus miles + reactivation email
19160.99,47,2806.625,0.0,0.5319148936170213,1.54,7.98,26.25,0,0.0018905398,Low Risk,Active Regular Customers,No immediate action
7627.03,4,157.04166666666666,0.0,0.6666666666666666,628.17,0.0,0.67,0,0.0022554863,Low Risk,Occasional Flyers,No immediate action
6943.74,30,2281.0,0.0,-0.048780487804877974,0.22,-0.99,9.0,0,0.002384094,Low Risk,Active Regular Customers,No immediate action
14203.04,24,1657.7083333333333,0.0,-0.21052631578947373,-0.27,1.86,12.67,0,0.00085469044,Low Risk,Active Regular Customers,No immediate action
9025.07,39,2725.5833333333335,0.0,0.5000000000000001,1.04,-0.98,19.58,0,0.00126957,Low Risk,Active Regular Customers,No immediate action
6739.66,81,12496.454545454546,0.0,5.264705882352941,8.1,130.83,610.92,0,0.0076105352,Low Risk,Champions / Premium Travelers,Exclusive loyalty rewards
6974.92,41,2778.3333333333335,0.0,0.14893617021276592,-0.2,-0.98,9.58,0,0.0021234904,Low Risk,Active Regular Customers,No immediate action
4103.85,32,1761.5833333333333,3.0,-0.5,-0.63,-0.98,27.33,0,0.038700197,Low Risk,Active Regular Customers,No immediate action
4349.1,48,3091.1666666666665,0.0,-0.14285714285714285,-0.31,0.86,31.33,0,0.005999719,Low Risk,Active Regular Customers,No immediate action
13021.09,45,2488.0416666666665,3.0,-0.3684210526315789,-0.77,0.0,7.58,0,0.0669517,Low Risk,Active Regular Customers,No immediate action
2688.88,30,2045.5833333333333,0.0,0.37837837837837834,0.05,-0.98,40.33,0,0.0011808877,Low Risk,Active Regular Customers,No immediate action
4653.09,34,2128.8333333333335,0.0,-0.1333333333333333,0.21,-0.96,9.0,0,0.0029308787,Low Risk,Active Regular Customers,No immediate action
14536.79,0,0.0,0.0,0.0,0.0,0.0,0.0,1,0.5735668,Medium Risk,Occasional Flyers,Double miles campaign
16727.56,6,389.75,18.0,-0.25,-1.0,0.0,1.67,1,0.9197338,High Risk,Dormant Customers,30% bonus miles + reactivation email
2585.44,18,1206.0833333333333,1.0,0.3448275862068966,0.59,0.0,3.0,0,0.019377293,Low Risk,Occasional Flyers,No immediate action
5066.63,22,1311.1666666666667,0.0,0.7586206896551723,0.37,119.17,15.0,0,0.0017878677,Low Risk,Occasional Flyers,No immediate action
5908.75,0,0.0,0.0,0.0,0.0,0.0,0.0,1,0.61241716,Medium Risk,Occasional Flyers,Double miles campaign
58166.55,0,0.0,0.0,0.0,0.0,0.0,0.0,1,0.47304964,Medium Risk,Occasional Flyers,Double miles campaign
7462.93,39,2186.5,0.0,0.2,1.0,0.76,6.92,0,0.0016766669,Low Risk,Active Regular Customers,No immediate action
7542.71,0,0.0,0.0,0.0,0.0,0.0,0.0,0,0.5989688,Medium Risk,Occasional Flyers,Double miles campaign
8018.5,0,0.0,0.0,0.0,0.0,0.0,0.0,1,0.5989688,Medium Risk,Occasional Flyers,Double miles campaign
9027.87,19,1465.6666666666667,5.0,-0.09090909090909094,-0.73,-0.97,6.92,0,0.511976,Medium Risk,Active Regular Customers,Double miles campaign
2476.05,39,2683.6666666666665,2.0,-0.06250000000000001,0.19,-0.95,18.25,0,0.01000253,Low Risk,Active Regular Customers,No immediate action
4105.58,29,1887.875,3.0,0.29729729729729737,0.29,-0.96,8.25,0,0.034380116,Low Risk,Active Regular Customers,No immediate action
2722.41,41,2479.875,2.0,0.23913043478260865,0.76,0.0,173.58,1,0.02670456,Low Risk,Active Regular Customers,No immediate action
16887.8,3,104.04166666666667,22.0,-0.14285714285714285,-0.99,0.0,2.25,1,0.96327585,High Risk,Dormant Customers,30% bonus miles + reactivation email
15363.85,37,2064.4166666666665,1.0,0.2558139534883721,0.18,-0.99,42.25,0,0.0032606574,Low Risk,Active Regular Customers,No immediate action
3980.42,41,2779.5,0.0,1.131578947368421,1.96,3.68,71.58,0,0.008024578,Low Risk,Active Regular Customers,No immediate action
2566.78,28,1916.7083333333333,1.0,0.0,-0.4,0.0,22.67,0,0.0050665056,Low Risk,Active Regular Customers,No immediate action
7772.47,57,9810.90909090909,0.0,6.565217391304348,44.58,0.0,396.25,0,0.025383944,Low Risk,Champions / Premium Travelers,Exclusive loyalty rewards
5710.33,11,842.2916666666666,0.0,1.8333333333333333,3369.17,54.33,14.25,0,0.0050498564,Low Risk,Occasional Flyers,No immediate action
8675.99,36,2332.5,0.0,0.3902439024390244,0.95,-0.98,15.33,0,0.001285038,Low Risk,Active Regular Customers,No immediate action
11140.3,50,2816.4166666666665,0.0,0.35294117647058837,0.13,-0.98,11.67,0,0.0017192265,Low Risk,Active Regular Customers,No immediate action
3107.59,20,1521.2083333333333,4.0,-0.33333333333333337,-0.55,0.0,22.0,1,0.27043992,Low Risk,Active Regular Customers,No immediate action
10808.07,44,3307.75,0.0,0.08000000000000004,0.2,-0.98,0.67,0,0.0063071107,Low Risk,Active Regular Customers,No immediate action
22056.0,24,1252.6666666666667,1.0,0.11428571428571434,0.79,-0.97,6.67,0,0.015320318,Low Risk,Active Regular Customers,No immediate action
4117.37,44,2896.5833333333335,0.0,0.0,-0.05,0.42,6.67,0,0.007887636,Low Risk,Active Regular Customers,No immediate action
12941.73,32,4448.454545454545,0.0,4.842105263157895,88.13,-0.96,29.33,0,0.01588491,Low Risk,Champions / Premium Travelers,Exclusive loyalty rewards
9902.39,13,621.2916666666666,1.0,1.0454545454545452,15.36,5.02,22.25,0,0.0069090347,Low Risk,Occasional Flyers,No immediate action
4053.37,5,269.7083333333333,2.0,0.8333333333333334,1078.83,0.0,6.25,0,0.012105197,Low Risk,Occasional Flyers,No immediate action
5165.57,39,2242.4583333333335,0.0,-0.06250000000000001,0.12,-0.95,24.92,0,0.0015799715,Low Risk,Active Regular Customers,No immediate action
4733.51,44,3228.7916666666665,1.0,-0.1509433962264151,-0.18,1.72,6.67,0,0.0103731975,Low Risk,Active Regular Customers,No immediate action
5633.53,53,3160.9583333333335,1.0,-0.33333333333333337,-0.25,55.67,22.25,0,0.0050468193,Low Risk,Active Regular Customers,No immediate action
2292.79,33,2531.0416666666665,1.0,0.3846153846153845,0.61,1.18,18.25,0,0.0059934002,Low Risk,Active Regular Customers,No immediate action
4803.94,43,2720.6666666666665,1.0,0.02000000000000001,0.02,1.17,49.58,0,0.026190603,Low Risk,Active Regular Customers,No immediate action
7521.19,29,2044.1666666666667,4.0,-0.3863636363636363,-0.87,-0.98,23.58,0,0.09400528,Low Risk,Active Regular Customers,No immediate action
7147.62,42,2781.2083333333335,0.0,0.3043478260869566,0.51,0.0,19.67,0,0.003253173,Low Risk,Active Regular Customers,No immediate action
2552.0,44,2687.375,0.0,0.25,-0.17,0.0,12.67,0,0.0011434539,Low Risk,Active Regular Customers,No immediate action
2274.78,44,3077.75,2.0,-0.22222222222222224,-0.06,0.0,95.33,0,0.020813137,Low Risk,Active Regular Customers,No immediate action
36860.91,7,391.75,0.0,1.1666666666666667,1567.0,0.0,2.92,0,0.002794811,Low Risk,Occasional Flyers,No immediate action
9403.88,27,1546.7916666666667,0.0,0.5,0.97,1.43,11.58,0,0.0023347994,Low Risk,Active Regular Customers,No immediate action
7268.74,35,1939.0416666666667,0.0,-0.0666666666666667,-0.64,-0.97,10.25,0,0.00317303,Low Risk,Active Regular Customers,No immediate action
5802.84,13,757.4166666666666,15.0,-0.4193548387096774,-1.0,0.0,7.58,1,0.9316465,High Risk,Dormant Customers,30% bonus miles + reactivation email
7635.42,39,2756.8333333333335,2.0,-0.5,-0.8,-0.96,26.25,0,0.015773276,Low Risk,Active Regular Customers,No immediate action
5153.92,21,1572.4166666666667,17.0,-0.5384615384615384,-1.0,-0.99,14.92,1,0.7568613,Medium Risk,Dormant Customers,Double miles campaign
5227.23,29,1883.0416666666667,0.0,0.676470588235294,2.95,0.0,14.92,0,0.0031976313,Low Risk,Active Regular Customers,No immediate action
5635.25,40,2944.3333333333335,0.0,-0.3773584905660377,-0.61,-0.17,50.0,0,0.008761032,Low Risk,Active Regular Customers,No immediate action
5532.86,28,1707.7083333333333,0.0,0.7272727272727271,0.57,0.47,12.67,0,0.0016782519,Low Risk,Active Regular Customers,No immediate action
5184.95,4,163.16666666666666,0.0,0.6666666666666666,652.67,0.0,2.0,0,0.0024985704,Low Risk,Occasional Flyers,No immediate action
2448.65,28,1740.0,1.0,-0.19512195121951215,-0.17,-0.43,0.67,0,0.013304776,Low Risk,Active Regular Customers,No immediate action
8065.23,29,2310.875,0.0,-0.21428571428571427,-0.5,100.33,8.25,0,0.0028407625,Low Risk,Active Regular Customers,No immediate action
9031.21,38,2271.4583333333335,1.0,0.04347826086956524,-0.11,-0.98,59.67,0,0.0053262324,Low Risk,Active Regular Customers,No immediate action
25253.1,47,3394.5416666666665,0.0,0.26000000000000006,0.42,-0.95,4.92,0,0.004614419,Low Risk,Active Regular Customers,No immediate action
4854.36,34,2212.4583333333335,0.0,-0.2173913043478261,-0.51,-0.95,13.67,0,0.0022618382,Low Risk,Active Regular Customers,No immediate action
4490.55,16,768.3333333333334,5.0,0.2857142857142857,0.08,0.0,10.0,0,0.7262982,Medium Risk,Occasional Flyers,Double miles campaign
5995.41,0,0.0,0.0,0.0,0.0,0.0,0.0,1,0.61241716,Medium Risk,Occasional Flyers,Double miles campaign
34611.38,75,12688.09090909091,0.0,2.456521739130435,3.08,70.5,400.92,0,0.1041834,Low Risk,Champions / Premium Travelers,Exclusive loyalty rewards
9100.73,40,2583.2083333333335,0.0,-0.30769230769230765,-0.52,-0.99,13.33,0,0.0013449666,Low Risk,Active Regular Customers,No immediate action
12244.9,63,11022.0,0.0,1.673913043478261,2.09,1.56,316.25,0,0.042194996,Low Risk,Champions / Premium Travelers,Exclusive loyalty rewards
5994.42,39,2882.375,0.0,-0.1428571428571429,-0.23,94.5,8.25,0,0.0038954923,Low Risk,Active Regular Customers,No immediate action
7053.3,51,2665.7083333333335,0.0,0.326923076923077,0.54,0.11,56.25,0,0.0038367237,Low Risk,Active Regular Customers,No immediate action
15956.03,0,0.0,0.0,0.0,0.0,0.0,0.0,1,0.5974888,Medium Risk,Occasional Flyers,Double miles campaign
10952.13,38,2463.875,1.0,-0.04255319148936172,0.25,5.31,11.0,0,0.007149312,Low Risk,Active Regular Customers,No immediate action
3992.58,0,0.0,0.0,0.0,0.0,0.0,0.0,1,0.61384726,Medium Risk,Occasional Flyers,Double miles campaign
11618.56,0,0.0,0.0,0.0,0.0,0.0,0.0,1,0.6085993,Medium Risk,Occasional Flyers,Double miles campaign
4601.91,20,1232.1666666666667,7.0,-0.5263157894736842,-1.0,-0.98,19.33,1,0.7868972,Medium Risk,Active Regular Customers,Double miles campaign
7260.83,35,2120.2916666666665,2.0,-0.0666666666666667,-0.1,0.28,38.92,0,0.017901443,Low Risk,Active Regular Customers,No immediate action
5670.13,39,2694.25,0.0,0.02127659574468086,0.05,7.12,0.25,0,0.0015387646,Low Risk,Active Regular Customers,No immediate action
3123.08,6,352.8333333333333,12.0,-0.25,-1.0,0.0,3.0,1,0.9494952,High Risk,Dormant Customers,30% bonus miles + reactivation email
8090.88,0,0.0,0.0,0.0,0.0,0.0,0.0,1,0.5989688,Medium Risk,Occasional Flyers,Double miles campaign
13197.93,24,1837.2916666666667,4.0,-0.4000000000000001,-0.62,-0.97,2.67,0,0.1346597,Low Risk,Active Regular Customers,No immediate action
8646.5,2,99.95833333333333,8.0,-0.09999999999999999,-0.99,0.0,1.0,1,0.93717015,High Risk,Dormant Customers,30% bonus miles + reactivation email
4450.22,41,1917.7083333333333,0.0,1.0,1.47,-0.98,12.92,0,0.0022889976,Low Risk,Active Regular Customers,No immediate action
4981.83,35,2032.8333333333333,0.0,0.11627906976744191,1.14,0.55,4.25,0,0.0020170587,Low Risk,Active Regular Customers,No immediate action
2593.4,42,2534.375,0.0,0.21276595744680843,0.11,-0.95,20.33,0,0.0017052329,Low Risk,Active Regular Customers,No immediate action
2458.75,0,0.0,0.0,0.0,0.0,0.0,0.0,1,0.5885664,Medium Risk,Occasional Flyers,Double miles campaign
5420.34,28,1853.9583333333333,0.0,0.21621621621621623,0.12,0.79,22.67,0,0.0030726825,Low Risk,Active Regular Customers,No immediate action
2656.0,31,1935.1666666666667,0.0,0.5833333333333333,1.15,92.33,6.92,0,0.0039130687,Low Risk,Active Regular Customers,No immediate action
3467.32,39,2076.2916666666665,1.0,0.9736842105263157,0.69,124.33,40.92,0,0.004225672,Low Risk,Active Regular Customers,No immediate action
5932.56,46,3250.5833333333335,1.0,0.1176470588235294,0.38,0.06,39.0,0,0.016804002,Low Risk,Active Regular Customers,No immediate action
8583.27,0,0.0,0.0,0.0,0.0,0.0,0.0,0,0.5989688,Medium Risk,Occasional Flyers,Double miles campaign
4001.52,30,1750.3333333333333,0.0,0.37837837837837834,0.58,0.0,11.67,0,0.0023662208,Low Risk,Active Regular Customers,No immediate action
3059.28,37,2064.7083333333335,1.0,-0.02173913043478262,0.09,-0.99,14.92,0,0.00386611,Low Risk,Active Regular Customers,No immediate action
7398.87,21,1376.3333333333333,0.0,-0.14285714285714288,-0.5,-0.97,4.25,0,0.0052452693,Low Risk,Active Regular Customers,No immediate action
8873.2,29,1707.2916666666667,4.0,-0.3023255813953488,-0.84,-0.99,24.25,0,0.05857643,Low Risk,Active Regular Customers,No immediate action
2703.47,36,1901.5416666666667,1.0,0.5,0.66,0.35,10.0,0,0.006595124,Low Risk,Active Regular Customers,No immediate action
4339.87,0,0.0,0.0,0.0,0.0,0.0,0.0,1,0.61384726,Medium Risk,Occasional Flyers,Double miles campaign
4724.79,11,732.4583333333334,1.0,1.8333333333333333,2929.83,0.0,10.25,0,0.00943305,Low Risk,Occasional Flyers,No immediate action
2163.87,22,1636.375,1.0,-0.46153846153846145,-0.92,-0.96,4.33,0,0.0069269836,Low Risk,Active Regular Customers,No immediate action
12390.48,4,146.95833333333334,0.0,0.6666666666666666,587.83,86.33,2.0,0,0.0018794073,Low Risk,Occasional Flyers,No immediate action
4743.69,32,2154.6666666666665,0.0,0.5405405405405405,0.63,-0.99,11.33,0,0.0010077831,Low Risk,Active Regular Customers,No immediate action
18065.27,31,2247.25,2.0,-0.07142857142857137,-0.24,0.0,10.25,0,0.018093443,Low Risk,Active Regular Customers,No immediate action
7948.57,30,1930.2916666666667,0.0,0.04999999999999992,-0.15,-0.03,15.0,0,0.0018514752,Low Risk,Active Regular Customers,No immediate action
2521.16,0,0.0,0.0,0.0,0.0,0.0,0.0,0,0.5360927,Medium Risk,Occasional Flyers,Double miles campaign
8360.15,37,2722.125,1.0,0.15909090909090906,0.2,-0.98,40.25,0,0.008769463,Low Risk,Active Regular Customers,No immediate action
7297.69,23,1656.2083333333333,0.0,0.7,1.18,0.0,0.92,0,0.004374282,Low Risk,Active Regular Customers,No immediate action
16477.48,2,168.5,23.0,-0.09999999999999999,-1.0,0.0,1.0,1,0.94762856,High Risk,Dormant Customers,30% bonus miles + reactivation email
4386.28,2,206.25,0.0,0.3333333333333333,825.0,0.0,1.0,0,0.002390722,Low Risk,Occasional Flyers,No immediate action
10915.36,38,2226.0,2.0,-0.27999999999999997,-0.43,-0.98,17.0,0,0.01399326,Low Risk,Active Regular Customers,No immediate action
4988.58,44,2425.625,0.0,0.25,0.73,-0.97,30.0,0,0.0021107744,Low Risk,Active Regular Customers,No immediate action
7713.49,26,1914.75,1.0,0.28571428571428575,0.48,-0.97,0.33,0,0.020920118,Low Risk,Active Regular Customers,No immediate action
3686.72,18,1271.5833333333333,0.0,0.8461538461538463,2.41,82.67,5.67,0,0.0032299599,Low Risk,Occasional Flyers,No immediate action
4993.03,48,2662.2916666666665,0.0,0.0754716981132075,0.68,215.0,30.0,0,0.0013589808,Low Risk,Active Regular Customers,No immediate action
5214.97,0,0.0,0.0,0.0,0.0,0.0,0.0,1,0.61171925,Medium Risk,Occasional Flyers,Double miles campaign
2831.68,40,2567.5,3.0,-0.08163265306122452,0.24,-0.94,18.0,0,0.06962257,Low Risk,Active Regular Customers,No immediate action
5141.98,46,2788.8333333333335,0.0,0.6666666666666666,1.43,-0.99,11.0,0,0.00112965,Low Risk,Active Regular Customers,No immediate action
22337.16,6,238.95833333333334,18.0,-0.25,-1.0,-0.97,1.67,1,0.96850914,High Risk,Dormant Customers,30% bonus miles + reactivation email
2794.91,36,2591.9583333333335,0.0,0.2857142857142858,1.13,110.0,4.67,0,0.002351975,Low Risk,Active Regular Customers,No immediate action
5320.61,49,7695.0,2.0,1.3414634146341464,2.02,0.0,86.92,1,0.37347627,Low Risk,Champions / Premium Travelers,Exclusive loyalty rewards
6889.56,39,2661.5833333333335,0.0,-0.1428571428571429,-0.26,-0.98,6.92,0,0.003147342,Low Risk,Active Regular Customers,No immediate action
15096.27,14,981.6666666666666,0.0,2.3333333333333335,3926.67,150.0,22.33,0,0.009938854,Low Risk,Occasional Flyers,No immediate action
5181.62,39,2668.6666666666665,1.0,-0.06250000000000001,-0.11,0.02,20.92,0,0.006433992,Low Risk,Active Regular Customers,No immediate action
10481.94,0,0.0,0.0,0.0,0.0,0.0,0.0,0,0.6085993,Medium Risk,Occasional Flyers,Double miles campaign
2862.73,35,1083.0208333333333,0.0,1.9000000000000004,4.74,148.0,22.92,0,0.002919487,Low Risk,Occasional Flyers,No immediate action
3700.39,6,415.375,21.0,-0.25,-1.0,-0.97,3.0,1,0.80403644,High Risk,Dormant Customers,30% bonus miles + reactivation email
6044.02,33,1845.7083333333333,0.0,0.17073170731707327,0.28,-0.97,56.92,0,0.0036774257,Low Risk,Active Regular Customers,No immediate action
2570.19,43,2016.0416666666667,1.0,-0.4107142857142857,-0.63,-0.97,6.92,0,0.002844953,Low Risk,Active Regular Customers,No immediate action
2810.46,32,2346.3333333333335,0.0,0.0,0.06,198.67,23.33,0,0.0008178304,Low Risk,Active Regular Customers,No immediate action
7319.58,16,1124.0,2.0,0.8,3.37,0.0,7.33,0,0.06260874,Low Risk,Occasional Flyers,No immediate action
2215.91,42,2033.2916666666667,3.0,-0.3333333333333333,-0.63,4.09,13.67,0,0.02416443,Low Risk,Active Regular Customers,No immediate action
8382.63,2,123.91666666666667,0.0,0.3333333333333333,495.67,0.0,1.0,0,0.0021684575,Low Risk,Occasional Flyers,No immediate action
15032.9,5,234.04166666666666,22.0,-0.2173913043478261,-1.0,0.0,6.25,1,0.9714092,High Risk,Dormant Customers,30% bonus miles + reactivation email
4037.5,24,1487.1666666666667,0.0,-0.10810810810810811,-0.39,2.43,7.33,0,0.0011442313,Low Risk,Active Regular Customers,No immediate action
5123.48,48,2809.75,1.0,-0.0727272727272727,-0.05,-0.97,24.0,0,0.008093619,Low Risk,Active Regular Customers,No immediate action
23187.15,5,189.25,1.0,0.8333333333333334,757.0,0.0,6.25,0,0.0038128563,Low Risk,Occasional Flyers,No immediate action
4063.33,32,1852.125,0.0,0.42105263157894735,0.94,-0.97,47.33,0,0.0018321064,Low Risk,Active Regular Customers,No immediate action
4755.72,40,2170.7916666666665,1.0,-0.2352941176470588,-0.4,-0.98,10.0,0,0.0069443965,Low Risk,Active Regular Customers,No immediate action
4916.58,36,2334.75,0.0,-0.326530612244898,-0.63,0.0,8.0,0,0.0021214029,Low Risk,Active Regular Customers,No immediate action
10004.03,39,2393.7083333333335,1.0,-0.29411764705882354,-0.42,0.0,30.25,0,0.008983692,Low Risk,Active Regular Customers,No immediate action
10498.93,67,2067.3333333333335,0.0,0.8749999999999999,1.39,0.67,187.58,0,0.0041230875,Low Risk,Active Regular Customers,No immediate action
2396.22,57,4315.208333333333,0.0,-0.20312499999999997,-0.48,170.5,26.92,0,0.0013868469,Low Risk,Active Regular Customers,No immediate action
3289.13,40,2113.5416666666665,0.0,0.2666666666666666,1.09,0.77,42.0,0,0.0016144394,Low Risk,Active Regular Customers,No immediate action
5111.3,14,2019.8181818181818,2.0,2.3333333333333335,5554.5,0.0,22.33,1,0.05015657,Low Risk,Occasional Flyers,No immediate action
5166.19,4,269.8333333333333,21.0,-0.1818181818181818,-1.0,0.0,4.0,1,0.91411155,High Risk,Dormant Customers,30% bonus miles + reactivation email
6978.72,37,2150.3333333333335,1.0,-0.2653061224489796,-0.73,0.0,28.25,0,0.007630178,Low Risk,Active Regular Customers,No immediate action
8581.28,29,1561.0416666666667,1.0,0.41666666666666663,1.38,76.33,11.58,0,0.008091652,Low Risk,Active Regular Customers,No immediate action
6861.75,25,2011.0,14.0,-0.5813953488372093,-1.0,-0.99,7.58,1,0.9184623,High Risk,Dormant Customers,30% bonus miles + reactivation email
5363.41,32,1994.8333333333333,1.0,-0.3478260869565218,-0.72,2.04,30.0,0,0.005640368,Low Risk,Active Regular Customers,No immediate action
22110.4,0,0.0,0.0,0.0,0.0,0.0,0.0,1,0.5882705,Medium Risk,Occasional Flyers,Double miles campaign
14382.56,47,2998.25,0.0,0.26000000000000006,1.75,0.0,10.92,0,0.0036125,Low Risk,Active Regular Customers,No immediate action
2659.71,0,0.0,0.0,0.0,0.0,0.0,0.0,0,0.72393084,Medium Risk,Occasional Flyers,Double miles campaign
15182.28,0,0.0,0.0,0.0,0.0,0.0,0.0,1,0.5735668,Medium Risk,Occasional Flyers,Double miles campaign
9095.74,28,1793.5416666666667,0.0,0.0,-0.27,0.76,2.0,0,0.002027313,Low Risk,Active Regular Customers,No immediate action
2600.0,33,2612.7083333333335,1.0,-0.023255813953488382,-0.05,2.23,16.25,0,0.0071666692,Low Risk,Active Regular Customers,No immediate action
3872.22,28,1954.5416666666667,0.0,0.45714285714285713,1.13,-0.96,2.67,0,0.0020598941,Low Risk,Active Regular Customers,No immediate action
25585.73,41,2605.75,2.0,0.06249999999999994,-0.3,0.66,90.92,0,0.009630232,Low Risk,Active Regular Customers,No immediate action
20294.39,40,2407.1666666666665,0.0,0.17391304347826086,0.63,0.89,3.33,0,0.0034867097,Low Risk,Active Regular Customers,No immediate action
2611.84,21,1348.9583333333333,0.0,1.4000000000000001,5.51,0.0,6.92,0,0.010632242,Low Risk,Occasional Flyers,No immediate action
12731.95,11,445.625,0.0,1.8333333333333333,1782.5,78.17,8.92,0,0.0043243575,Low Risk,Occasional Flyers,No immediate action
2991.7,41,2011.625,1.0,-0.09999999999999996,-0.46,-0.98,52.25,0,0.014944861,Low Risk,Active Regular Customers,No immediate action
2519.92,43,2438.9166666666665,0.0,0.2765957446808511,0.42,-0.99,28.25,0,0.00076591026,Low Risk,Active Regular Customers,No immediate action
3038.83,28,1601.5,0.0,1.032258064516129,4.07,263.83,8.67,0,0.0042124325,Low Risk,Occasional Flyers,No immediate action
4911.12,26,1501.4583333333333,0.0,1.3571428571428568,4.24,-0.97,57.67,0,0.0075625614,Low Risk,Active Regular Customers,No immediate action
11763.94,37,2232.5833333333335,1.0,-0.02173913043478262,0.14,-0.12,22.92,0,0.006595355,Low Risk,Active Regular Customers,No immediate action
10242.41,32,2041.1666666666667,0.0,0.3076923076923076,1.2,0.99,1.33,0,0.0022998182,Low Risk,Active Regular Customers,No immediate action
2659.5,8,398.5,16.0,-0.30769230769230765,-1.0,0.0,2.67,1,0.90179133,High Risk,Dormant Customers,30% bonus miles + reactivation email
3997.48,5,411.2916666666667,1.0,0.8333333333333334,1645.17,92.67,6.25,0,0.0069950195,Low Risk,Occasional Flyers,No immediate action
4777.12,42,2780.2083333333335,0.0,0.04081632653061218,0.11,-0.98,23.0,0,0.0020253353,Low Risk,Active Regular Customers,No immediate action
5658.91,39,6219.272727272727,0.0,3.8750000000000004,22.98,-0.96,70.92,0,0.018086577,Low Risk,Champions / Premium Travelers,Exclusive loyalty rewards
8658.86,33,2369.0416666666665,0.0,-0.11363636363636359,-0.33,-0.96,14.25,0,0.0017813804,Low Risk,Active Regular Customers,No immediate action
11172.5,1,35.041666666666664,0.0,0.16666666666666666,140.17,0.0,0.25,0,0.004303305,Low Risk,Occasional Flyers,No immediate action
4023.81,54,4154.5,1.0,0.03448275862068967,0.08,0.93,67.67,0,0.022740036,Low Risk,Active Regular Customers,No immediate action
9095.05,35,1960.625,0.0,-0.15217391304347824,-0.61,-0.24,49.58,0,0.0027441292,Low Risk,Active Regular Customers,No immediate action
5112.31,3,105.625,0.0,0.5,422.5,0.0,2.25,0,0.0024985704,Low Risk,Occasional Flyers,No immediate action
4755.76,32,1907.125,0.0,1.6000000000000003,4.29,97.5,22.0,0,0.0038754556,Low Risk,Active Regular Customers,No immediate action
10571.54,40,2296.0,0.0,-0.30769230769230765,-0.41,-0.1,6.0,0,0.0029249582,Low Risk,Active Regular Customers,No immediate action
3726.73,32,2058.0416666666665,0.0,0.0,-0.21,0.0,39.33,0,0.0021681983,Low Risk,Active Regular Customers,No immediate action
7158.53,37,2831.0833333333335,4.0,0.15909090909090906,0.21,-0.95,65.58,0,0.16851434,Low Risk,Active Regular Customers,No immediate action
4198.03,3,195.875,0.0,0.5,783.5,114.5,2.25,0,0.005963736,Low Risk,Occasional Flyers,No immediate action
4340.09,39,2242.5833333333335,0.0,-0.5,-0.77,-0.98,5.58,0,0.0034296135,Low Risk,Active Regular Customers,No immediate action
9051.91,51,3140.5833333333335,0.0,-0.052631578947368376,-0.33,-0.98,4.25,0,0.003031028,Low Risk,Active Regular Customers,No immediate action
5633.74,38,2198.75,1.0,0.3255813953488372,1.22,0.18,5.67,0,0.005255051,Low Risk,Active Regular Customers,No immediate action
5264.64,0,0.0,0.0,0.0,0.0,0.0,0.0,1,0.61171925,Medium Risk,Occasional Flyers,Double miles campaign
7484.38,46,8490.181818181818,0.0,5.130434782608696,27.2,2.89,139.67,0,0.050354023,Low Risk,Champions / Premium Travelers,Exclusive loyalty rewards
2574.02,5,409.5,20.0,-0.2173913043478261,-1.0,0.0,2.25,1,0.8416153,High Risk,Dormant Customers,30% bonus miles + reactivation email
5689.64,41,2748.2916666666665,0.0,0.14893617021276592,0.43,81.5,14.25,0,0.0018736351,Low Risk,Active Regular Customers,No immediate action
5797.6,23,1761.25,1.0,0.028571428571428584,0.41,0.0,4.92,0,0.010662733,Low Risk,Active Regular Customers,No immediate action
4121.25,49,3892.0,0.0,0.29411764705882354,0.28,-0.97,24.92,0,0.0020758554,Low Risk,Active Regular Customers,No immediate action
4670.05,54,3168.7083333333335,0.0,0.03448275862068967,0.08,1.38,1.67,0,0.0064376052,Low Risk,Active Regular Customers,No immediate action
5746.33,74,2240.0,0.0,0.027397260273972615,-0.05,1.42,43.0,0,0.0011132286,Low Risk,Active Regular Customers,No immediate action
6369.26,30,2199.8333333333335,0.0,0.1538461538461538,0.02,129.17,3.67,0,0.0016065089,Low Risk,Active Regular Customers,No immediate action
8663.55,41,2861.5416666666665,1.0,-0.32075471698113206,-0.6,-0.17,12.92,0,0.007293195,Low Risk,Active Regular Customers,No immediate action
7754.67,36,2086.5,0.0,0.2857142857142858,0.87,2.01,6.67,0,0.0012442458,Low Risk,Active Regular Customers,No immediate action
8256.3,30,2439.75,2.0,-0.048780487804877974,-0.07,-0.98,11.67,0,0.014092661,Low Risk,Active Regular Customers,No immediate action
7771.02,0,0.0,0.0,0.0,0.0,0.0,0.0,0,0.5989688,Medium Risk,Occasional Flyers,Double miles campaign
2423.26,51,3532.4583333333335,0.0,-0.052631578947368376,0.04,-0.96,49.58,0,0.0034352492,Low Risk,Active Regular Customers,No immediate action
3382.22,25,1904.7916666666667,0.0,0.3235294117647059,1.1,0.0,6.92,0,0.0035849563,Low Risk,Active Regular Customers,No immediate action
2715.69,47,3442.6666666666665,0.0,0.09615384615384612,0.29,-0.96,10.92,0,0.0024131932,Low Risk,Active Regular Customers,No immediate action
42389.01,36,2068.2916666666665,0.0,0.09090909090909094,0.53,115.67,4.0,0,0.0021255012,Low Risk,Active Regular Customers,No immediate action
4582.65,37,2218.2916666666665,1.0,-0.5471698113207547,-0.87,-0.96,10.92,0,0.0053341277,Low Risk,Active Regular Customers,No immediate action
6165.86,7,504.5,0.0,1.1666666666666667,2018.0,0.0,5.58,0,0.0052281697,Low Risk,Occasional Flyers,No immediate action
7671.85,38,2449.6666666666665,0.0,0.1333333333333333,0.76,129.67,1.67,0,0.0008739549,Low Risk,Active Regular Customers,No immediate action
3919.37,3,187.375,23.0,-0.14285714285714285,-1.0,0.0,2.25,1,0.9270565,High Risk,Dormant Customers,30% bonus miles + reactivation email
14032.59,9,762.375,0.0,1.5,3049.5,75.5,6.92,0,0.006057235,Low Risk,Occasional Flyers,No immediate action
6575.54,45,3053.375,0.0,0.05882352941176474,0.15,-0.98,4.92,0,0.002905493,Low Risk,Active Regular Customers,No immediate action
12767.23,39,2364.0416666666665,1.0,-0.21999999999999995,-0.2,1.12,8.92,0,0.0049239006,Low Risk,Active Regular Customers,No immediate action
3746.75,38,2287.875,0.0,0.1333333333333333,0.39,-0.96,15.0,0,0.0014567988,Low Risk,Active Regular Customers,No immediate action
2530.71,35,2784.7916666666665,0.0,0.6578947368421052,0.75,2.09,30.25,0,0.001255738,Low Risk,Active Regular Customers,No immediate action
2708.02,34,2068.9583333333335,3.0,-0.04545454545454547,0.08,-0.98,13.67,0,0.03138417,Low Risk,Active Regular Customers,No immediate action
4330.39,26,1477.5833333333333,7.0,-0.5909090909090908,-1.0,-0.97,59.0,1,0.7299858,Medium Risk,Active Regular Customers,Double miles campaign
3747.06,37,2394.7916666666665,1.0,0.35714285714285715,0.71,0.0,2.25,0,0.0067657316,Low Risk,Active Regular Customers,No immediate action
8879.79,0,0.0,0.0,0.0,0.0,0.0,0.0,1,0.5934868,Medium Risk,Occasional Flyers,Double miles campaign
15031.56,26,1371.4166666666667,5.0,-0.15384615384615385,-0.25,-0.98,32.33,0,0.26134634,Low Risk,Active Regular Customers,No immediate action
5350.37,0,0.0,0.0,0.0,0.0,0.0,0.0,1,0.61171925,Medium Risk,Occasional Flyers,Double miles campaign
8007.4,42,2534.0416666666665,0.0,0.8292682926829268,1.37,2.0,5.67,0,0.0035827379,Low Risk,Active Regular Customers,No immediate action
7396.28,50,3179.75,1.0,-0.1724137931034483,-0.41,159.5,15.0,0,0.005448799,Low Risk,Active Regular Customers,No immediate action
5352.19,43,2888.2083333333335,2.0,-0.5344827586206897,-0.8,-0.95,1.58,0,0.026323387,Low Risk,Active Regular Customers,No immediate action
5860.02,35,2320.1666666666665,1.0,-0.0666666666666667,0.25,-0.97,42.92,0,0.0064292997,Low Risk,Active Regular Customers,No immediate action
3410.2,37,2291.5833333333335,0.0,0.0666666666666667,0.27,0.0,6.25,0,0.0030822442,Low Risk,Active Regular Customers,No immediate action
3683.1,24,1503.5416666666667,1.0,1.3333333333333333,4.85,116.33,16.67,0,0.012393855,Low Risk,Occasional Flyers,No immediate action
8000.55,81,10454.363636363636,0.0,1.5263157894736845,1.01,-0.97,174.92,0,0.01915824,Low Risk,Champions / Premium Travelers,Exclusive loyalty rewards
5619.65,43,2767.3333333333335,2.0,-0.4107142857142857,-0.61,-0.99,18.92,0,0.01757103,Low Risk,Active Regular Customers,No immediate action
15417.73,42,2644.25,0.0,-0.3333333333333333,-0.62,0.0,4.33,0,0.004106962,Low Risk,Active Regular Customers,No immediate action
5666.47,33,2179.2916666666665,0.0,-0.28260869565217395,-0.52,-0.98,30.25,1,0.002158419,Low Risk,Active Regular Customers,No immediate action
2114.74,43,2746.7083333333335,0.0,0.2765957446808511,0.3,4.28,18.25,0,0.004330075,Low Risk,Active Regular Customers,No immediate action
42462.97,41,2804.0416666666665,4.0,-0.4545454545454546,-0.59,-0.99,22.92,0,0.021335956,Low Risk,Active Regular Customers,No immediate action
2227.07,0,0.0,0.0,0.0,0.0,0.0,0.0,0,0.57086223,Medium Risk,Occasional Flyers,Double miles campaign
12741.85,37,2972.0416666666665,0.0,0.4634146341463416,0.8,0.0,4.25,0,0.0044099963,Low Risk,Active Regular Customers,No immediate action
5632.61,42,2651.4583333333335,0.0,0.6046511627906977,0.47,0.0,41.67,0,0.0020795432,Low Risk,Active Regular Customers,No immediate action
8632.78,13,808.2083333333334,0.0,0.11111111111111109,0.82,-0.97,14.92,0,0.011375906,Low Risk,Occasional Flyers,No immediate action
5484.59,34,1839.4166666666667,1.0,0.3499999999999999,0.88,-0.25,5.67,0,0.00784484,Low Risk,Active Regular Customers,No immediate action
2616.61,43,2815.0833333333335,2.0,0.10204081632653057,0.78,0.22,24.92,0,0.022884315,Low Risk,Active Regular Customers,No immediate action
2821.0,26,1654.625,1.0,0.16666666666666663,0.99,0.0,1.67,0,0.01982853,Low Risk,Active Regular Customers,No immediate action
3113.34,35,2167.0,1.0,0.2142857142857143,1.29,-0.97,7.58,0,0.007928601,Low Risk,Active Regular Customers,No immediate action
5206.11,50,3123.0,0.0,-0.30000000000000004,-0.62,-0.98,40.33,0,0.0026113347,Low Risk,Active Regular Customers,No immediate action
6102.95,36,1856.4166666666667,0.0,0.09090909090909094,-0.03,-0.96,6.67,0,0.002047024,Low Risk,Active Regular Customers,No immediate action
2566.87,38,2591.7083333333335,3.0,-0.27999999999999997,-0.27,-0.95,1.0,0,0.01757299,Low Risk,Active Regular Customers,No immediate action
2505.42,48,3101.625,0.0,0.40816326530612246,0.97,-0.97,38.0,0,0.0009463667,Low Risk,Active Regular Customers,No immediate action
2775.08,0,0.0,0.0,0.0,0.0,0.0,0.0,0,0.58610946,Medium Risk,Occasional Flyers,Double miles campaign
4556.07,35,2514.7916666666665,0.0,0.3170731707317074,0.3,0.0,14.92,0,0.0019467804,Low Risk,Active Regular Customers,No immediate action
32196.6,41,2519.5833333333335,2.0,-0.32075471698113206,-0.56,-0.98,52.25,0,0.01663889,Low Risk,Active Regular Customers,No immediate action
5719.79,60,11392.181818181818,0.0,8.0,142.07,2.04,284.67,0,0.00487338,Low Risk,Champions / Premium Travelers,Exclusive loyalty rewards
4623.62,26,1914.2916666666667,1.0,0.8387096774193546,2.85,-0.98,14.33,0,0.0096230395,Low Risk,Active Regular Customers,No immediate action
7057.46,40,2112.9583333333335,1.0,-0.16,-0.14,2.21,90.0,0,0.003572941,Low Risk,Active Regular Customers,No immediate action
24723.18,38,2644.625,2.0,0.04347826086956524,-0.13,-0.99,9.67,0,0.013936819,Low Risk,Active Regular Customers,No immediate action
7602.66,34,2391.9583333333335,1.0,-0.2978723404255319,-0.58,-0.97,29.67,0,0.009466843,Low Risk,Active Regular Customers,No immediate action
7853.96,29,1633.875,0.0,0.676470588235294,2.62,0.37,14.25,0,0.005063096,Low Risk,Active Regular Customers,No immediate action
2854.27,41,2637.125,0.0,0.5348837209302325,1.24,8.08,15.58,0,0.0013586353,Low Risk,Active Regular Customers,No immediate action
11277.72,39,2408.7916666666665,0.0,0.3953488372093024,1.48,124.0,0.92,0,0.0008751945,Low Risk,Active Regular Customers,No immediate action
8657.97,87,12759.09090909091,0.0,2.6599999999999997,4.53,0.0,149.58,0,0.012580583,Low Risk,Champions / Premium Travelers,Exclusive loyalty rewards
4915.39,42,2431.5833333333335,0.0,0.12499999999999996,0.78,-0.03,27.0,0,0.0022733654,Low Risk,Active Regular Customers,No immediate action
4144.87,30,2115.25,0.0,-0.4,-0.58,1.17,29.67,0,0.0030018645,Low Risk,Active Regular Customers,No immediate action
10110.96,36,2238.5416666666665,0.0,-0.1702127659574468,-0.53,0.0,18.67,0,0.0028332963,Low Risk,Active Regular Customers,No immediate action
5619.97,49,2811.0833333333335,0.0,0.4693877551020408,0.12,0.06,12.25,0,0.0027898587,Low Risk,Active Regular Customers,No immediate action
9206.6,42,2605.375,2.0,-0.26415094339622636,-0.05,2.19,13.67,0,0.0046797697,Low Risk,Active Regular Customers,No immediate action
2790.46,26,1880.0833333333333,1.0,0.16666666666666663,0.09,0.0,19.67,0,0.01219804,Low Risk,Active Regular Customers,No immediate action
10373.89,56,4045.625,0.0,0.0,0.16,0.62,15.33,0,0.002999066,Low Risk,Active Regular Customers,No immediate action
2760.48,39,2314.0833333333335,0.0,-0.06250000000000001,0.18,-0.96,4.25,0,0.0020817015,Low Risk,Active Regular Customers,No immediate action
5165.2,43,3042.25,0.0,0.1874999999999999,0.8,-0.99,16.92,0,0.0013426988,Low Risk,Active Regular Customers,No immediate action
2639.64,40,2273.4166666666665,2.0,-0.16,-0.58,0.0,8.67,0,0.022877151,Low Risk,Active Regular Customers,No immediate action
49221.43,0,0.0,0.0,0.0,0.0,0.0,0.0,0,0.47304964,Medium Risk,Occasional Flyers,Double miles campaign
2724.43,24,1139.0,0.0,0.3636363636363636,1.35,0.0,8.67,0,0.0036496697,Low Risk,Active Regular Customers,No immediate action
2767.5,43,5936.909090909091,2.0,1.7428571428571427,2.33,0.0,156.92,0,0.38614842,Low Risk,Champions / Premium Travelers,Exclusive loyalty rewards
11378.89,30,4432.545454545455,3.0,0.2631578947368421,-0.08,0.0,46.33,0,0.21409476,Low Risk,Active Regular Customers,No immediate action
14002.38,9,474.0416666666667,11.0,-0.3333333333333333,-1.0,0.0,4.92,1,0.9816564,High Risk,Dormant Customers,30% bonus miles + reactivation email
9227.57,2,70.66666666666667,1.0,0.3333333333333333,282.67,0.0,1.0,0,0.0043750233,Low Risk,Occasional Flyers,No immediate action
3139.17,31,1872.625,2.0,-0.24999999999999994,-0.24,0.49,10.25,0,0.009581945,Low Risk,Active Regular Customers,No immediate action
6568.76,9,761.75,21.0,-0.3333333333333333,-1.0,-0.96,6.92,1,0.8760135,High Risk,Dormant Customers,30% bonus miles + reactivation email
2410.36,2,174.58333333333334,4.0,0.3333333333333333,698.33,0.0,1.0,0,0.19246072,Low Risk,Occasional Flyers,No immediate action
4908.12,0,0.0,0.0,0.0,0.0,0.0,0.0,1,0.61171925,Medium Risk,Occasional Flyers,Double miles campaign
8311.14,31,1933.8333333333333,4.0,-0.33333333333333337,-0.27,0.76,39.58,0,0.06179853,Low Risk,Active Regular Customers,No immediate action
4809.22,26,2095.2916666666665,1.0,0.054054054054054085,0.19,-0.97,11.0,0,0.008357123,Low Risk,Active Regular Customers,No immediate action
9106.87,0,0.0,0.0,0.0,0.0,0.0,0.0,1,0.5934868,Medium Risk,Occasional Flyers,Double miles campaign
8478.28,0,0.0,0.0,0.0,0.0,0.0,0.0,1,0.5989688,Medium Risk,Occasional Flyers,Double miles campaign
5024.03,18,1320.875,0.0,1.2500000000000002,3.07,0.0,21.67,0,0.005996344,Low Risk,Occasional Flyers,No immediate action
4376.36,9,617.1666666666666,0.0,1.5,2468.67,0.0,2.92,0,0.004743263,Low Risk,Occasional Flyers,No immediate action
8123.02,34,2532.375,1.0,0.046511627906976764,-0.04,-0.99,36.33,0,0.0057548746,Low Risk,Active Regular Customers,No immediate action
2064.7,38,2164.5416666666665,1.0,-0.27999999999999997,-0.42,119.67,29.67,0,0.030329915,Low Risk,Active Regular Customers,No immediate action
4463.0,15,875.1666666666666,2.0,0.8750000000000001,1.36,0.0,4.92,0,0.04397806,Low Risk,Occasional Flyers,No immediate action
5570.18,0,0.0,0.0,0.0,0.0,0.0,0.0,1,0.61171925,Medium Risk,Occasional Flyers,Double miles campaign
5680.28,32,2082.5416666666665,3.0,-0.09302325581395345,-0.08,-0.97,23.33,0,0.046083283,Low Risk,Active Regular Customers,No immediate action
10083.49,5,363.25,14.0,-0.2173913043478261,-1.0,0.0,2.25,1,0.9561574,High Risk,Dormant Customers,30% bonus miles + reactivation email
7457.47,21,1714.5,0.0,2.4285714285714284,15.84,55.5,22.92,0,0.0055927485,Low Risk,Occasional Flyers,No immediate action
4669.23,0,0.0,0.0,0.0,0.0,0.0,0.0,0,0.61384726,Medium Risk,Occasional Flyers,Double miles campaign
20067.4,33,2092.5416666666665,0.0,0.75,1.31,-0.97,10.92,0,0.0010315502,Low Risk,Active Regular Customers,No immediate action
4408.07,65,7878.181818181818,1.0,1.9333333333333331,5.34,2.94,152.25,0,0.08737605,Low Risk,Champions / Premium Travelers,Exclusive loyalty rewards
16477.77,45,2610.4166666666665,1.0,0.05882352941176474,0.22,63.17,18.92,0,0.006608449,Low Risk,Active Regular Customers,No immediate action
7405.42,39,3005.3333333333335,3.0,-0.06250000000000001,0.01,1.47,10.92,0,0.056066748,Low Risk,Active Regular Customers,No immediate action
5595.39,39,2499.2083333333335,1.0,-0.06250000000000001,-0.52,0.0,16.92,0,0.007975889,Low Risk,Active Regular Customers,No immediate action
7234.14,54,6397.272727272727,0.0,3.8000000000000003,7.61,0.0,3.67,1,0.04523088,Low Risk,Champions / Premium Travelers,Exclusive loyalty rewards
8193.16,47,3344.0,0.0,-0.19642857142857145,-0.41,0.0,28.92,0,0.0037760322,Low Risk,Active Regular Customers,No immediate action
4473.88,39,2632.3333333333335,1.0,-0.06250000000000001,-0.43,-0.97,15.58,0,0.007157843,Low Risk,Active Regular Customers,No immediate action
4692.17,55,4297.181818181818,0.0,3.6451612903225805,11.76,0.0,314.92,0,0.036013853,Low Risk,Champions / Premium Travelers,Exclusive loyalty rewards
29232.69,24,1575.875,0.0,0.0,-0.19,0.0,11.33,0,0.002068978,Low Risk,Active Regular Customers,No immediate action
9217.98,27,1604.75,2.0,0.026315789473684223,0.87,-0.99,14.92,1,0.009351198,Low Risk,Active Regular Customers,No immediate action
8879.79,27,1671.625,5.0,-0.4418604651162791,-0.86,1.54,34.25,0,0.095361866,Low Risk,Active Regular Customers,No immediate action
3239.12,53,3286.5833333333335,0.0,-0.08474576271186438,-0.21,-0.97,50.92,0,0.00734952,Low Risk,Active Regular Customers,No immediate action
15759.62,38,2738.6666666666665,0.0,0.4285714285714287,0.96,-0.97,13.67,0,0.001237021,Low Risk,Active Regular Customers,No immediate action
5524.31,42,3013.4583333333335,0.0,0.21276595744680843,0.34,0.0,9.67,0,0.0054212096,Low Risk,Active Regular Customers,No immediate action
9101.52,0,0.0,0.0,0.0,0.0,0.0,0.0,1,0.5934868,Medium Risk,Occasional Flyers,Double miles campaign
8685.92,46,2571.7916666666665,1.0,-0.6129032258064516,-0.84,-0.98,9.67,0,0.004659973,Low Risk,Active Regular Customers,No immediate action
8056.9,10,688.125,0.0,1.6666666666666667,2752.5,109.83,3.67,0,0.010299587,Low Risk,Occasional Flyers,No immediate action
3142.88,38,2296.5,0.0,0.3255813953488372,0.11,0.0,7.0,0,0.002393887,Low Risk,Active Regular Customers,No immediate action
7298.58,45,2588.625,0.0,0.13999999999999999,0.05,0.05,84.92,0,0.004243503,Low Risk,Active Regular Customers,No immediate action
4558.5,86,2742.4583333333335,1.0,0.3421052631578948,0.01,0.75,63.0,0,0.008564851,Low Risk,Active Regular Customers,No immediate action
17250.75,5,236.58333333333334,0.0,0.8333333333333334,946.33,0.0,2.25,0,0.0023464386,Low Risk,Occasional Flyers,No immediate action
5271.37,39,2556.8333333333335,0.0,0.02127659574468086,0.17,2.54,1.58,0,0.0016946234,Low Risk,Active Regular Customers,No immediate action
4515.18,47,2760.75,0.0,-0.1272727272727272,-0.12,-0.98,15.58,0,0.0020138524,Low Risk,Active Regular Customers,No immediate action
4268.62,21,1415.0,3.0,-0.4473684210526316,-0.87,3.84,2.92,0,0.02587484,Low Risk,Active Regular Customers,No immediate action
8652.65,16,716.75,0.0,0.2857142857142857,2.35,-0.97,22.0,0,0.0037774064,Low Risk,Occasional Flyers,No immediate action
2746.12,34,2100.3333333333335,0.0,0.24390243902439027,0.54,2.5,9.67,0,0.0023300692,Low Risk,Active Regular Customers,No immediate action
6827.18,30,2057.0416666666665,0.0,0.5,1.12,-0.99,4.33,0,0.0018311753,Low Risk,Active Regular Customers,No immediate action
10083.49,57,4146.75,0.0,-0.08064516129032268,-0.17,0.0,4.25,0,0.009653759,Low Risk,Active Regular Customers,No immediate action
74228.52,0,0.0,0.0,0.0,0.0,0.0,0.0,1,0.47304964,Medium Risk,Occasional Flyers,Double miles campaign
5757.44,37,2391.3333333333335,0.0,0.945945945945946,1.35,-0.96,32.92,0,0.0027772195,Low Risk,Active Regular Customers,No immediate action
15266.48,56,7614.909090909091,1.0,1.2173913043478264,2.53,0.0,78.0,0,0.051546905,Low Risk,Active Regular Customers,No immediate action
2448.65,52,6455.090909090909,0.0,5.91304347826087,14.53,2.49,128.67,0,0.02564824,Low Risk,Champions / Premium Travelers,Exclusive loyalty rewards
2659.98,38,2479.8333333333335,0.0,1.027027027027027,1.12,0.0,17.67,0,0.0058197994,Low Risk,Active Regular Customers,No immediate action
4901.89,23,1395.625,1.0,-0.475,-0.91,-0.99,4.25,1,0.008613679,Low Risk,Active Regular Customers,No immediate action
15771.39,32,2481.6666666666665,0.0,0.6666666666666667,1.39,162.17,8.67,0,0.0016439853,Low Risk,Active Regular Customers,No immediate action
10856.18,27,1854.8333333333333,3.0,0.026315789473684223,-0.12,-0.98,16.92,0,0.048057217,Low Risk,Active Regular Customers,No immediate action
14635.45,10,492.25,9.0,-0.35714285714285715,-1.0,-0.95,4.33,1,0.97911936,High Risk,Dormant Customers,30% bonus miles + reactivation email
5678.05,46,2839.7916666666665,0.0,0.03846153846153848,0.35,2.7,19.67,0,0.0030365025,Low Risk,Active Regular Customers,No immediate action
5659.24,7,526.75,19.0,-0.28,-1.0,-0.97,4.25,1,0.9375822,High Risk,Dormant Customers,30% bonus miles + reactivation email
6532.01,41,2473.7083333333335,0.0,0.642857142857143,1.24,0.18,8.92,0,0.0013511659,Low Risk,Active Regular Customers,No immediate action
5598.01,44,3011.6666666666665,0.0,-0.1509433962264151,-0.14,-0.97,12.67,0,0.002600666,Low Risk,Active Regular Customers,No immediate action
2810.46,35,2592.7083333333335,1.0,0.2142857142857143,0.5,415.33,8.92,0,0.0031852245,Low Risk,Occasional Flyers,No immediate action
2457.58,14,2082.7272727272725,2.0,1.1818181818181819,8.08,96.83,22.33,1,0.13832077,Low Risk,Occasional Flyers,No immediate action
2691.7,30,1876.2083333333333,0.0,0.2631578947368421,0.44,-0.99,21.67,0,0.0009437195,Low Risk,Active Regular Customers,No immediate action
3436.13,0,0.0,0.0,0.0,0.0,0.0,0.0,0,0.63413346,Medium Risk,Occasional Flyers,Double miles campaign
4064.67,17,1168.4166666666667,6.0,-0.4857142857142857,-1.0,-0.99,10.92,1,0.53625554,Medium Risk,Active Regular Customers,Double miles campaign
5380.09,8,456.8333333333333,0.0,1.3333333333333333,1827.33,103.33,6.0,0,0.015782434,Low Risk,Occasional Flyers,No immediate action
3044.0,22,1215.8333333333333,7.0,-0.55,-1.0,-0.99,11.0,0,0.73832214,Medium Risk,Active Regular Customers,Double miles campaign
4904.89,33,2165.4166666666665,2.0,-0.11363636363636359,0.04,-0.98,11.58,0,0.015408391,Low Risk,Active Regular Customers,No immediate action
4962.21,0,0.0,0.0,0.0,0.0,0.0,0.0,0,0.61171925,Medium Risk,Occasional Flyers,Double miles campaign
2756.54,47,2722.7916666666665,0.0,0.4375,0.08,0.0,29.58,0,0.0031503187,Low Risk,Active Regular Customers,No immediate action
2550.66,33,1962.1666666666667,0.0,0.3846153846153845,0.41,0.18,36.92,0,0.0009732456,Low Risk,Active Regular Customers,No immediate action
6685.07,24,1367.875,3.0,-0.10810810810810811,0.14,0.0,8.67,0,0.03297015,Low Risk,Active Regular Customers,No immediate action
7988.26,43,2715.3333333333335,1.0,0.02000000000000001,-0.5,-0.97,30.92,0,0.009989015,Low Risk,Active Regular Customers,No immediate action
6990.92,42,2565.0,0.0,0.4,0.42,-0.97,13.67,0,0.001974478,Low Risk,Active Regular Customers,No immediate action
26232.85,36,2372.1666666666665,0.0,0.0,-0.01,-0.96,24.0,0,0.0012102749,Low Risk,Active Regular Customers,No immediate action
7276.34,49,3119.125,0.0,0.13207547169811326,0.89,0.68,4.92,0,0.004381581,Low Risk,Active Regular Customers,No immediate action
12036.62,37,2205.875,0.0,-0.2653061224489796,-0.3,-0.96,20.92,0,0.001798298,Low Risk,Active Regular Customers,No immediate action
7815.47,41,2248.8333333333335,1.0,-0.02040816326530613,0.33,3.15,38.25,0,0.0052190064,Low Risk,Active Regular Customers,No immediate action
3816.41,20,1279.25,13.0,-0.5263157894736842,-1.0,0.0,11.33,1,0.9045146,High Risk,Dormant Customers,30% bonus miles + reactivation email
13798.48,40,2718.2083333333335,0.0,-0.16,0.02,0.0,19.33,0,0.0024681534,Low Risk,Active Regular Customers,No immediate action
4980.83,16,947.0416666666666,9.0,-0.47058823529411764,-1.0,0.0,4.67,1,0.9409053,High Risk,Dormant Customers,30% bonus miles + reactivation email
3527.85,0,0.0,0.0,0.0,0.0,0.0,0.0,0,0.6238004,Medium Risk,Occasional Flyers,Double miles campaign
2113.86,30,1842.9166666666667,9.0,-0.625,-1.0,0.0,4.33,1,0.89990157,High Risk,Dormant Customers,30% bonus miles + reactivation email
8860.65,35,1866.8333333333333,0.0,0.022727272727272735,-0.1,-0.98,36.25,0,0.001436209,Low Risk,Active Regular Customers,No immediate action
5838.9,37,2704.2916666666665,3.0,-0.2653061224489796,-0.62,-0.99,10.92,0,0.053237252,Low Risk,Active Regular Customers,No immediate action
2374.15,42,2529.4166666666665,0.0,0.3043478260869566,0.69,3.29,9.0,0,0.0017232922,Low Risk,Active Regular Customers,No immediate action
3061.8,33,1602.2916666666667,0.0,-0.11363636363636359,0.27,1.61,10.92,0,0.0030154728,Low Risk,Active Regular Customers,No immediate action
2750.71,46,3347.75,0.0,0.28571428571428564,0.58,-0.99,29.67,0,0.0022315958,Low Risk,Active Regular Customers,No immediate action
9156.27,50,2827.2916666666665,0.0,-0.035714285714285726,-0.14,0.0,8.33,0,0.0043994384,Low Risk,Active Regular Customers,No immediate action
15950.02,35,2102.0833333333335,0.0,0.11627906976744191,-0.01,3.02,49.58,0,0.003134222,Low Risk,Active Regular Customers,No immediate action
3644.83,44,2749.7083333333335,0.0,0.25,0.28,0.0,4.67,0,0.005059403,Low Risk,Active Regular Customers,No immediate action
13246.57,26,1739.1666666666667,2.0,-0.3414634146341463,-0.52,-0.97,11.67,0,0.016380753,Low Risk,Active Regular Customers,No immediate action
3265.16,47,2496.375,0.0,-0.5645161290322581,-0.78,-0.98,0.92,0,0.0044881077,Low Risk,Active Regular Customers,No immediate action
2847.97,45,2757.875,0.0,-0.0943396226415094,-0.62,1.7,21.58,0,0.0018732259,Low Risk,Active Regular Customers,No immediate action
3873.65,43,2984.0833333333335,0.0,-0.4736842105263158,-0.71,0.0,26.92,0,0.002813865,Low Risk,Active Regular Customers,No immediate action
4224.83,20,1462.4166666666667,0.0,1.5,4.51,81.0,19.33,0,0.0033601471,Low Risk,Occasional Flyers,No immediate action
8176.58,17,1185.5416666666667,3.0,-0.15625000000000003,-0.25,-0.96,8.92,0,0.11272206,Low Risk,Occasional Flyers,No immediate action
4729.97,41,2998.6666666666665,0.0,-0.02040816326530613,0.14,0.47,37.58,0,0.0020310383,Low Risk,Active Regular Customers,No immediate action
9095.15,11,497.625,4.0,0.5652173913043479,1.74,-0.95,30.25,1,0.4739446,Medium Risk,Occasional Flyers,Double miles campaign
4463.0,40,2959.0,0.0,-0.30769230769230765,-0.5,0.27,60.67,0,0.00826983,Low Risk,Active Regular Customers,No immediate action
8390.12,0,0.0,0.0,0.0,0.0,0.0,0.0,0,0.5989688,Medium Risk,Occasional Flyers,Double miles campaign
3312.18,34,2518.3333333333335,3.0,-0.1333333333333333,-0.08,-0.6,29.67,0,0.08353028,Low Risk,Active Regular Customers,No immediate action
3399.13,54,3373.9583333333335,0.0,0.5000000000000001,0.81,-0.98,20.33,0,0.0017640396,Low Risk,Active Regular Customers,No immediate action
7406.88,62,4303.125,0.0,0.5263157894736843,0.68,-0.98,27.67,0,0.004827447,Low Risk,Active Regular Customers,No immediate action
5754.85,0,0.0,0.0,0.0,0.0,0.0,0.0,1,0.631931,Medium Risk,Occasional Flyers,Double miles campaign
8630.05,0,0.0,0.0,0.0,0.0,0.0,0.0,0,0.5989688,Medium Risk,Occasional Flyers,Double miles campaign
5867.13,16,1011.7083333333334,0.0,0.4444444444444445,1.43,0.0,0.67,0,0.0044511994,Low Risk,Occasional Flyers,No immediate action
5343.12,26,1585.125,1.0,-0.3414634146341463,-0.69,82.0,0.33,0,0.0036772615,Low Risk,Active Regular Customers,No immediate action
7600.03,42,2420.0833333333335,0.0,0.04081632653061218,-0.28,-0.99,40.33,0,0.0008997859,Low Risk,Active Regular Customers,No immediate action
2987.95,43,3005.5,0.0,0.3695652173913044,0.61,0.92,32.25,0,0.007963434,Low Risk,Active Regular Customers,No immediate action
5776.34,15,1251.5833333333333,1.0,1.0869565217391304,4.58,0.0,32.25,0,0.012544625,Low Risk,Occasional Flyers,No immediate action
2242.09,37,2301.4583333333335,0.0,-0.611111111111111,-0.87,2.54,34.25,0,0.0016902358,Low Risk,Active Regular Customers,No immediate action
32196.6,9,490.1666666666667,12.0,-0.3333333333333333,-1.0,0.0,2.92,1,0.957077,High Risk,Dormant Customers,30% bonus miles + reactivation email
2557.59,44,2204.1666666666665,4.0,-0.48275862068965525,-0.84,-0.99,0.0,0,0.06467425,Low Risk,Active Regular Customers,No immediate action
10213.56,0,0.0,0.0,0.0,0.0,0.0,0.0,0,0.6085993,Medium Risk,Occasional Flyers,Double miles campaign
5801.13,33,1538.9583333333333,0.0,0.17073170731707327,0.61,-0.97,4.25,0,0.0023772675,Low Risk,Active Regular Customers,No immediate action
12280.77,40,2796.8333333333335,0.0,-0.08163265306122452,-0.25,-0.97,6.67,0,0.0019392413,Low Risk,Active Regular Customers,No immediate action
3164.49,34,2040.125,0.0,-0.2978723404255319,-0.65,-0.98,21.67,0,0.002021601,Low Risk,Active Regular Customers,No immediate action
23594.68,29,3937.181818181818,0.0,3.227272727272727,11.5,0.0,47.58,0,0.02768642,Low Risk,Active Regular Customers,No immediate action
2396.22,19,1098.1666666666667,0.0,1.375,7.83,0.0,23.58,0,0.004220621,Low Risk,Occasional Flyers,No immediate action
3964.81,7,565.75,0.0,1.1666666666666667,2263.0,0.0,8.25,0,0.006075236,Low Risk,Occasional Flyers,No immediate action
4636.55,40,2897.7083333333335,1.0,-0.08163265306122452,-0.21,-0.98,20.67,0,0.009637493,Low Risk,Active Regular Customers,No immediate action
2772.44,21,1220.625,1.0,0.3548387096774193,0.88,-0.97,4.92,0,0.0073900404,Low Risk,Occasional Flyers,No immediate action
16570.09,56,3421.125,0.0,0.2857142857142857,-0.02,-0.97,39.33,0,0.0014289587,Low Risk,Active Regular Customers,No immediate action
5635.4,23,1296.7083333333333,0.0,-0.18918918918918923,-0.34,-0.98,11.58,0,0.0038634848,Low Risk,Active Regular Customers,No immediate action
25807.06,32,1997.5833333333333,1.0,-0.26666666666666666,-0.56,0.0,10.67,0,0.01162754,Low Risk,Active Regular Customers,No immediate action
8439.62,55,3747.75,0.0,0.23214285714285718,0.23,-0.43,12.25,0,0.0016083509,Low Risk,Active Regular Customers,No immediate action
2886.45,34,2029.125,0.0,0.046511627906976764,-0.39,-0.96,5.67,0,0.0015737475,Low Risk,Active Regular Customers,No immediate action
11572.1,40,2392.0,1.0,0.2666666666666666,0.03,0.0,17.33,0,0.008903037,Low Risk,Active Regular Customers,No immediate action
6332.94,29,1937.5,0.0,0.18421052631578944,0.01,3.23,23.58,0,0.0017833131,Low Risk,Active Regular Customers,No immediate action
2274.67,0,0.0,0.0,0.0,0.0,0.0,0.0,1,0.46390226,Medium Risk,Occasional Flyers,Double miles campaign
6423.74,37,1875.375,0.0,-0.1063829787234043,-0.44,0.37,42.92,0,0.0027929712,Low Risk,Active Regular Customers,No immediate action
5325.72,29,1545.9166666666667,1.0,0.41666666666666663,0.52,0.0,17.58,0,0.0103222905,Low Risk,Active Regular Customers,No immediate action
5815.05,47,3084.125,0.0,-0.1272727272727272,-0.14,-0.99,101.58,0,0.0041776155,Low Risk,Active Regular Customers,No immediate action
3954.34,42,3192.0833333333335,0.0,0.04081632653061218,-0.39,-0.98,25.0,0,0.0029078769,Low Risk,Active Regular Customers,No immediate action
16727.77,10,287.7291666666667,2.0,1.6666666666666667,2301.83,0.0,11.0,1,0.038303826,Low Risk,Occasional Flyers,No immediate action
3732.57,0,0.0,0.0,0.0,0.0,0.0,0.0,1,0.61384726,Medium Risk,Occasional Flyers,Double miles campaign
18370.57,37,1943.75,0.0,-0.2653061224489796,-0.64,0.63,6.92,0,0.0019494875,Low Risk,Active Regular Customers,No immediate action
5179.89,29,1562.0833333333333,0.0,-0.5434782608695652,-0.93,-0.99,2.92,0,0.0026650664,Low Risk,Active Regular Customers,No immediate action
2725.36,51,3294.9166666666665,1.0,-0.3114754098360656,-0.46,1.3,28.25,0,0.025132677,Low Risk,Active Regular Customers,No immediate action
6464.42,52,2822.625,1.0,0.22222222222222218,0.93,-0.98,34.67,0,0.0078025884,Low Risk,Active Regular Customers,No immediate action
7662.43,41,2996.2083333333335,2.0,-0.17647058823529413,-0.2,-0.98,55.58,0,0.044563524,Low Risk,Active Regular Customers,No immediate action
8007.4,27,1641.4166666666667,0.0,0.6363636363636362,0.96,9.67,10.92,0,0.0018576143,Low Risk,Active Regular Customers,No immediate action
2554.19,33,2009.625,0.0,0.3846153846153845,0.83,4.8,19.58,0,0.001301012,Low Risk,Active Regular Customers,No immediate action
3575.04,38,2337.4583333333335,1.0,-0.42307692307692313,-0.73,-0.09,8.33,0,0.0068729143,Low Risk,Active Regular Customers,No immediate action
2867.31,47,3498.9583333333335,0.0,0.09615384615384612,0.22,-0.97,6.25,0,0.0031894739,Low Risk,Active Regular Customers,No immediate action
2803.6,40,2511.7916666666665,0.0,0.3636363636363637,0.88,0.57,8.67,0,0.0016182192,Low Risk,Active Regular Customers,No immediate action
4479.49,29,1997.2916666666667,0.0,0.07692307692307684,-0.17,-0.97,15.58,0,0.0019018376,Low Risk,Active Regular Customers,No immediate action
5584.96,60,4960.545454545455,2.0,-0.2941176470588235,0.13,0.0,118.67,0,0.13305919,Low Risk,Active Regular Customers,No immediate action
2467.62,44,2591.8333333333335,0.0,-0.22222222222222224,-0.26,0.0,18.67,0,0.000869502,Low Risk,Active Regular Customers,No immediate action
2803.92,46,2546.4166666666665,2.0,-0.25000000000000006,-0.42,0.0,46.33,0,0.026738793,Low Risk,Active Regular Customers,No immediate action
7123.08,22,1284.2083333333333,0.0,0.31249999999999994,-0.03,0.0,5.67,0,0.006133065,Low Risk,Active Regular Customers,No immediate action
67907.27,59,3586.3333333333335,0.0,0.5272727272727273,1.34,7.38,4.92,0,0.008469252,Low Risk,Active Regular Customers,No immediate action
3199.75,44,2601.25,1.0,0.0,0.23,0.9,14.67,0,0.007082975,Low Risk,Active Regular Customers,No immediate action
5059.62,27,1680.4583333333333,0.0,-0.26829268292682923,-0.4,-0.96,6.92,0,0.0028814946,Low Risk,Active Regular Customers,No immediate action
8837.33,4,173.16666666666666,0.0,0.6666666666666666,692.67,0.0,4.0,0,0.0019023193,Low Risk,Occasional Flyers,No immediate action
27495.42,14,415.7291666666667,21.0,-0.43750000000000006,-1.0,0.0,22.33,1,0.9259304,High Risk,Dormant Customers,30% bonus miles + reactivation email
8717.05,38,2702.0416666666665,0.0,0.22727272727272727,0.24,-0.98,3.0,0,0.0014963377,Low Risk,Active Regular Customers,No immediate action
3605.86,57,3008.75,1.0,-0.14285714285714285,0.2,-0.96,56.92,0,0.012277911,Low Risk,Active Regular Customers,No immediate action
5021.15,43,2319.6666666666665,1.0,0.02000000000000001,-0.16,2.46,92.92,0,0.0036087125,Low Risk,Active Regular Customers,No immediate action
4883.55,42,3131.375,0.0,0.21276595744680843,0.11,78.67,23.0,0,0.002304645,Low Risk,Active Regular Customers,No immediate action
7903.99,31,1395.4583333333333,0.0,0.4594594594594595,0.2,1.29,30.25,0,0.0018748413,Low Risk,Active Regular Customers,No immediate action
8110.33,41,2106.2916666666665,0.0,0.33333333333333337,1.01,-0.96,4.92,0,0.001870222,Low Risk,Active Regular Customers,No immediate action
5283.36,31,4087.181818181818,1.0,2.6,4.25,149.5,70.92,0,0.10813067,Low Risk,Active Regular Customers,No immediate action
2554.03,48,2229.0833333333335,0.0,0.0754716981132075,-0.0,9.17,12.0,0,0.00086265506,Low Risk,Active Regular Customers,No immediate action
26843.12,27,1829.5,0.0,-0.17500000000000002,-0.27,-0.94,16.92,0,0.0016132379,Low Risk,Active Regular Customers,No immediate action
2789.75,41,2906.8333333333335,4.0,-0.5178571428571429,-0.8,0.0,17.58,0,0.13756466,Low Risk,Active Regular Customers,No immediate action
10952.13,41,2560.9583333333335,0.0,0.5348837209302325,1.06,-0.95,6.25,0,0.001746767,Low Risk,Active Regular Customers,No immediate action
2363.3,43,3000.0416666666665,0.0,0.2765957446808511,0.18,-0.04,41.58,0,0.0008811429,Low Risk,Active Regular Customers,No immediate action
7735.47,46,2752.2083333333335,0.0,0.28571428571428564,0.73,0.2,9.0,0,0.0032328472,Low Risk,Active Regular Customers,No immediate action
6005.21,33,2181.5416666666665,0.0,-0.2,-0.12,-0.99,18.25,0,0.001193799,Low Risk,Active Regular Customers,No immediate action
7172.07,27,1797.7083333333333,1.0,-0.35714285714285715,-0.76,-0.99,0.92,0,0.025814766,Low Risk,Active Regular Customers,No immediate action
4726.87,37,2238.625,0.0,-0.02173913043478262,-0.14,-0.98,6.25,0,0.0017992174,Low Risk,Active Regular Customers,No immediate action
2848.56,26,1453.8333333333333,3.0,0.28571428571428575,1.72,-0.97,9.67,0,0.060964048,Low Risk,Active Regular Customers,No immediate action
5639.94,0,0.0,0.0,0.0,0.0,0.0,0.0,1,0.5984891,Medium Risk,Occasional Flyers,Double miles campaign
2516.1,46,3004.3333333333335,0.0,0.3749999999999999,0.94,0.27,24.33,0,0.00080274994,Low Risk,Active Regular Customers,No immediate action
11121.62,46,8179.090909090909,0.0,7.666666666666667,22492.5,0.0,273.0,0,0.084647566,Low Risk,Champions / Premium Travelers,Exclusive loyalty rewards
3567.5,10,755.625,7.0,-0.35714285714285715,-1.0,-0.98,4.33,1,0.9171074,High Risk,Occasional Flyers,Weekend fare promotion
2141.75,29,1967.1666666666667,0.0,-0.02500000000000001,0.09,0.0,2.25,0,0.0060221716,Low Risk,Active Regular Customers,No immediate action
9628.7,10,551.6666666666666,1.0,1.6666666666666667,2206.67,0.0,25.0,0,0.014600384,Low Risk,Occasional Flyers,No immediate action
5253.49,44,2456.2083333333335,3.0,-0.22222222222222224,0.28,-0.98,36.67,0,0.035790253,Low Risk,Active Regular Customers,No immediate action
2393.92,3,181.25,0.0,0.5,725.0,91.33,2.25,0,0.0059877667,Low Risk,Occasional Flyers,No immediate action
7086.18,40,3050.9166666666665,6.0,-0.6896551724137931,-1.0,-0.98,92.0,1,0.6645488,Medium Risk,Active Regular Customers,Double miles campaign
2453.57,27,1745.4166666666667,0.0,1.8846153846153848,5.41,0.0,11.58,0,0.0040681222,Low Risk,Active Regular Customers,No immediate action
7330.19,36,2406.0416666666665,1.0,0.09090909090909094,-0.12,-0.41,3.33,0,0.006177631,Low Risk,Active Regular Customers,No immediate action
3863.31,51,3415.2083333333335,1.0,-0.18644067796610164,-0.42,-0.97,18.25,0,0.011439156,Low Risk,Active Regular Customers,No immediate action
9384.65,27,1593.875,1.0,0.6363636363636362,2.44,90.17,10.92,0,0.011372957,Low Risk,Active Regular Customers,No immediate action
4792.83,15,856.0833333333334,12.0,-0.45454545454545453,-1.0,0.0,6.92,1,0.94637924,High Risk,Dormant Customers,30% bonus miles + reactivation email
6073.24,49,3061.0833333333335,1.0,0.055555555555555504,-0.03,0.23,16.25,0,0.009284065,Low Risk,Active Regular Customers,No immediate action
5029.67,19,1145.625,0.0,1.1600000000000001,6.4,0.0,2.25,0,0.0049091154,Low Risk,Occasional Flyers,No immediate action
4571.51,58,3978.0,0.0,0.3928571428571429,0.08,-0.99,12.33,0,0.0018882387,Low Risk,Active Regular Customers,No immediate action
3833.07,23,1665.125,0.0,-0.08333333333333331,0.13,90.5,2.25,0,0.0029115137,Low Risk,Active Regular Customers,No immediate action
3821.82,33,1932.4583333333333,3.0,-0.11363636363636359,0.73,-0.98,32.92,0,0.071806505,Low Risk,Active Regular Customers,No immediate action
2479.92,38,2428.625,1.0,-0.20408163265306123,-0.22,100.17,9.67,0,0.0031986407,Low Risk,Active Regular Customers,No immediate action
5838.9,26,1580.5416666666667,0.0,0.16666666666666663,0.69,-0.97,9.0,0,0.002598391,Low Risk,Active Regular Customers,No immediate action
2853.51,47,2466.7916666666665,1.0,-0.05555555555555558,-0.38,-0.98,6.25,0,0.004853247,Low Risk,Active Regular Customers,No immediate action
6126.57,44,2164.7083333333335,0.0,0.3404255319148936,0.28,84.0,12.67,0,0.0016855474,Low Risk,Active Regular Customers,No immediate action
13406.92,0,0.0,0.0,0.0,0.0,0.0,0.0,0,0.5915647,Medium Risk,Occasional Flyers,Double miles campaign
18542.3,42,2409.75,0.0,0.8292682926829268,1.01,0.47,9.67,0,0.0031886674,Low Risk,Active Regular Customers,No immediate action
8543.25,34,1925.1666666666667,0.0,0.24390243902439027,0.55,0.0,9.67,0,0.0027425417,Low Risk,Active Regular Customers,No immediate action
3861.49,55,3606.125,0.0,0.3090909090909092,0.28,0.0,12.25,0,0.0024060304,Low Risk,Active Regular Customers,No immediate action
7736.65,58,6707.636363636364,0.0,2.648648648648649,5.0,85.33,11.0,0,0.042743213,Low Risk,Champions / Premium Travelers,Exclusive loyalty rewards
8273.11,9,622.5833333333334,0.0,0.5,2.01,80.0,0.25,0,0.0024599265,Low Risk,Occasional Flyers,No immediate action
3790.19,2,101.91666666666667,23.0,-0.09999999999999999,-0.99,0.0,1.0,1,0.9099702,High Risk,Dormant Customers,30% bonus miles + reactivation email
5217.51,27,1814.3333333333333,0.0,0.026315789473684223,0.22,-0.97,2.25,0,0.00271836,Low Risk,Active Regular Customers,No immediate action
5154.05,30,1596.125,1.0,-0.048780487804877974,-0.16,-0.26,4.33,0,0.006990093,Low Risk,Active Regular Customers,No immediate action
4742.62,39,2273.125,0.0,-0.29411764705882354,-0.54,-0.99,15.58,0,0.0015538891,Low Risk,Active Regular Customers,No immediate action
2574.02,42,2652.0833333333335,1.0,-0.03999999999999994,0.2,2.14,28.33,0,0.005877217,Low Risk,Active Regular Customers,No immediate action
9824.75,67,4570.583333333333,0.0,0.2,0.62,0.67,68.25,0,0.009520237,Low Risk,Active Regular Customers,No immediate action
5126.84,30,1672.9166666666667,0.0,-0.048780487804877974,-0.09,-0.04,23.0,0,0.0018848897,Low Risk,Active Regular Customers,No immediate action
3011.77,42,2918.25,0.0,-0.03999999999999994,0.04,-0.96,4.33,0,0.008116777,Low Risk,Active Regular Customers,No immediate action
8798.31,23,1450.75,1.0,-0.08333333333333331,-0.1,-0.98,11.58,0,0.006690531,Low Risk,Active Regular Customers,No immediate action
4991.54,6,479.875,0.0,1.0,1919.5,78.5,3.0,0,0.0073020314,Low Risk,Occasional Flyers,No immediate action
5382.76,27,2009.875,1.0,0.026315789473684223,0.04,0.0,38.92,0,0.010533235,Low Risk,Active Regular Customers,No immediate action
5875.04,38,2450.3333333333335,2.0,0.4285714285714287,0.54,-0.96,17.0,0,0.016999,Low Risk,Active Regular Customers,No immediate action
13094.2,32,1747.0,2.0,-0.09302325581395345,-0.33,0.0,8.67,0,0.019674506,Low Risk,Active Regular Customers,No immediate action
2840.9,0,0.0,0.0,0.0,0.0,0.0,0.0,0,0.58610946,Medium Risk,Occasional Flyers,Double miles campaign
4250.78,38,2065.6666666666665,2.0,-0.04255319148936172,0.19,-0.99,8.33,0,0.006988636,Low Risk,Active Regular Customers,No immediate action
8591.6,17,978.1666666666666,0.0,0.5555555555555555,1.77,-0.96,22.92,0,0.0035793926,Low Risk,Occasional Flyers,No immediate action
2860.86,38,2539.9166666666665,0.0,0.6499999999999999,1.53,-0.98,25.67,0,0.0020031855,Low Risk,Active Regular Customers,No immediate action
10346.11,0,0.0,0.0,0.0,0.0,0.0,0.0,0,0.6085993,Medium Risk,Occasional Flyers,Double miles campaign
3483.63,58,3489.7083333333335,0.0,-0.21538461538461542,-0.31,8.56,65.67,0,0.005094124,Low Risk,Active Regular Customers,No immediate action
10408.97,9,340.6666666666667,0.0,1.5,1362.67,0.0,4.92,0,0.0028181109,Low Risk,Occasional Flyers,No immediate action
6625.29,14,1055.1666666666667,17.0,-0.43750000000000006,-1.0,0.0,17.0,1,0.9614207,High Risk,Dormant Customers,30% bonus miles + reactivation email
17435.68,40,2485.75,1.0,0.08510638297872336,-0.04,-0.98,18.0,0,0.008431623,Low Risk,Active Regular Customers,No immediate action
2456.82,31,2410.6666666666665,0.0,0.024390243902439036,0.4,-0.97,29.58,0,0.004203056,Low Risk,Active Regular Customers,No immediate action
7240.66,44,3140.625,0.0,0.08000000000000004,0.24,-0.99,11.33,0,0.002651855,Low Risk,Active Regular Customers,No immediate action
2786.66,4,265.5,0.0,0.6666666666666666,1062.0,84.17,4.0,0,0.0054417416,Low Risk,Occasional Flyers,No immediate action
7755.21,27,1858.6666666666667,0.0,-0.35714285714285715,-0.55,-0.98,4.92,0,0.0029945737,Low Risk,Active Regular Customers,No immediate action
8613.46,44,2429.625,3.0,-0.29090909090909084,-0.49,-0.99,27.33,0,0.030320274,Low Risk,Active Regular Customers,No immediate action
5969.55,28,1967.75,0.0,0.10526315789473678,0.22,79.17,14.0,0,0.0015032156,Low Risk,Active Regular Customers,No immediate action
9591.23,12,856.5416666666666,0.0,2.0,3426.17,0.0,10.0,0,0.0041980734,Low Risk,Occasional Flyers,No immediate action
12313.16,38,1806.3333333333333,0.0,-0.20408163265306123,-0.0,-0.97,36.33,0,0.0020825209,Low Risk,Active Regular Customers,No immediate action
4656.49,43,2972.4166666666665,0.0,0.02000000000000001,0.13,196.83,29.58,0,0.001655285,Low Risk,Active Regular Customers,No immediate action
2828.1,45,8310.272727272728,0.0,0.13999999999999999,-0.14,0.16,76.92,0,0.0501705,Low Risk,Active Regular Customers,No immediate action
9877.3,48,2271.4583333333335,0.0,0.1538461538461539,-0.02,63.83,18.0,0,0.003255766,Low Risk,Active Regular Customers,No immediate action
3832.12,31,1767.7916666666667,0.0,0.9999999999999998,1.41,-0.97,8.92,0,0.0031790093,Low Risk,Active Regular Customers,No immediate action
2395.97,45,2885.0,0.0,0.6,0.89,72.67,16.92,0,0.0012211087,Low Risk,Active Regular Customers,No immediate action
5517.2,27,1460.0416666666667,0.0,0.026315789473684223,0.44,-0.98,9.58,0,0.0024101576,Low Risk,Active Regular Customers,No immediate action
4297.02,61,3991.9583333333335,0.0,0.18032786885245902,0.79,-0.96,16.25,0,0.0037301888,Low Risk,Active Regular Customers,No immediate action
3238.0,39,2565.4166666666665,5.0,-0.3653846153846153,-0.55,-0.97,29.58,0,0.530385,Medium Risk,Active Regular Customers,Double miles campaign
5504.14,30,2059.0416666666665,0.0,0.2631578947368421,-0.06,-0.98,0.33,0,0.0028755001,Low Risk,Active Regular Customers,No immediate action
7131.73,41,2656.7083333333335,0.0,0.14893617021276592,0.32,0.0,0.92,0,0.004944888,Low Risk,Active Regular Customers,No immediate action
2943.05,38,2840.5416666666665,0.0,0.04347826086956524,-0.06,-0.97,3.0,0,0.0047411053,Low Risk,Active Regular Customers,No immediate action
16548.86,50,3139.9583333333335,0.0,0.11111111111111116,-0.23,0.0,29.67,0,0.0038509637,Low Risk,Active Regular Customers,No immediate action
6874.85,21,2427.5454545454545,1.0,2.4285714285714284,8.99,0.0,51.58,0,0.15129836,Low Risk,Occasional Flyers,No immediate action
5163.23,27,2033.2083333333333,0.0,0.3714285714285715,0.94,0.64,2.92,0,0.0024563838,Low Risk,Active Regular Customers,No immediate action
5409.96,0,0.0,0.0,0.0,0.0,0.0,0.0,0,0.61171925,Medium Risk,Occasional Flyers,Double miles campaign
20552.62,48,2766.8333333333335,1.0,-0.14285714285714285,-0.12,0.0,34.67,0,0.0061881524,Low Risk,Active Regular Customers,No immediate action
17208.06,0,0.0,0.0,0.0,0.0,0.0,0.0,1,0.5974888,Medium Risk,Occasional Flyers,Double miles campaign
12767.23,44,2849.9166666666665,1.0,0.16326530612244888,0.42,-0.98,27.33,0,0.008647338,Low Risk,Active Regular Customers,No immediate action
2453.57,37,2551.5416666666665,1.0,0.2558139534883721,0.52,2.3,38.25,0,0.0015920573,Low Risk,Active Regular Customers,No immediate action
5182.46,35,2323.125,1.0,0.022727272727272735,-0.09,0.0,14.25,0,0.0053672832,Low Risk,Active Regular Customers,No immediate action
13752.47,29,1455.5,0.0,-0.3863636363636363,-0.72,1.03,14.25,0,0.0020118917,Low Risk,Active Regular Customers,No immediate action
3954.34,0,0.0,0.0,0.0,0.0,0.0,0.0,0,0.61384726,Medium Risk,Occasional Flyers,Double miles campaign
4526.13,21,1032.2083333333333,0.0,2.4285714285714284,18.27,172.83,18.25,0,0.005505926,Low Risk,Occasional Flyers,No immediate action
7635.55,21,1585.875,16.0,-0.5384615384615384,-1.0,0.0,26.25,1,0.91674787,High Risk,Dormant Customers,30% bonus miles + reactivation email
5884.31,40,2545.9166666666665,2.0,1.0526315789473684,1.54,0.77,68.67,0,0.03885703,Low Risk,Active Regular Customers,No immediate action
4946.96,0,0.0,0.0,0.0,0.0,0.0,0.0,1,0.61171925,Medium Risk,Occasional Flyers,Double miles campaign
3484.25,0,0.0,0.0,0.0,0.0,0.0,0.0,0,0.63413346,Medium Risk,Occasional Flyers,Double miles campaign
5623.31,31,1752.875,0.0,-0.07142857142857137,-0.34,-0.97,12.25,0,0.0021094198,Low Risk,Active Regular Customers,No immediate action
8502.24,34,1761.875,0.0,0.7027027027027027,2.23,0.0,5.67,0,0.0032418624,Low Risk,Active Regular Customers,No immediate action
9120.07,33,1978.0416666666667,2.0,0.07142857142857147,0.23,1.27,10.25,0,0.009480487,Low Risk,Active Regular Customers,No immediate action
9409.14,31,1852.9583333333333,4.0,-0.24999999999999994,-0.15,-0.97,90.92,0,0.08063161,Low Risk,Active Regular Customers,No immediate action
7892.82,16,1187.2083333333333,2.0,0.13793103448275862,0.91,0.76,11.33,0,0.03653509,Low Risk,Occasional Flyers,No immediate action
6120.19,17,1005.7916666666666,1.0,0.7307692307692308,1.45,-0.98,0.25,0,0.009020501,Low Risk,Occasional Flyers,No immediate action
4490.6,39,2068.875,0.0,0.2,0.01,89.0,4.92,0,0.0022697612,Low Risk,Active Regular Customers,No immediate action
8673.59,24,1829.5833333333333,0.0,0.11428571428571434,0.72,-0.98,12.67,0,0.002548339,Low Risk,Active Regular Customers,No immediate action
5704.68,62,11532.09090909091,0.0,1.8636363636363633,2.95,-0.96,361.67,0,0.01838608,Low Risk,Champions / Premium Travelers,Exclusive loyalty rewards
4240.93,20,903.5,2.0,0.5517241379310345,0.83,0.64,4.67,0,0.015921708,Low Risk,Occasional Flyers,No immediate action
9198.69,20,1069.9583333333333,1.0,0.4,1.77,0.0,12.67,0,0.0062674014,Low Risk,Occasional Flyers,No immediate action
4803.24,28,1920.3333333333333,0.0,0.8750000000000002,2.79,-0.97,6.0,0,0.002867603,Low Risk,Active Regular Customers,No immediate action
6950.53,18,1064.9583333333333,0.0,1.04,4.56,0.0,8.33,0,0.0050487807,Low Risk,Occasional Flyers,No immediate action
9708.5,26,1669.3333333333333,0.0,-0.3414634146341463,-0.69,3.73,9.67,0,0.0019086628,Low Risk,Active Regular Customers,No immediate action
2893.81,32,1736.375,4.0,-0.09302325581395345,-0.16,-0.98,28.67,0,0.14875962,Low Risk,Active Regular Customers,No immediate action
9161.66,46,2396.9166666666665,0.0,-0.037735849056603786,-0.14,1.45,33.0,0,0.0018230989,Low Risk,Active Regular Customers,No immediate action
21205.38,51,3362.4583333333335,0.0,0.7872340425531914,1.49,0.0,30.25,0,0.0027883123,Low Risk,Active Regular Customers,No immediate action
2530.71,34,2290.9583333333335,0.0,0.4615384615384614,1.89,-0.98,12.33,0,0.001785439,Low Risk,Active Regular Customers,No immediate action
7796.0,50,3259.0,0.0,0.11111111111111116,0.32,-0.44,19.67,0,0.002405289,Low Risk,Active Regular Customers,No immediate action
4794.96,29,1870.9166666666667,0.0,0.676470588235294,0.97,0.0,14.25,0,0.002308176,Low Risk,Active Regular Customers,No immediate action
7122.27,45,2896.8333333333335,0.0,-0.23636363636363633,-0.39,201.67,24.92,0,0.0018477082,Low Risk,Active Regular Customers,No immediate action
4216.2,61,3161.4583333333335,0.0,0.2499999999999999,0.15,1.93,62.92,0,0.0022820584,Low Risk,Active Regular Customers,No immediate action
5354.37,48,3558.0833333333335,3.0,-0.3389830508474576,-0.7,0.0,24.67,0,0.06294155,Low Risk,Active Regular Customers,No immediate action
4528.5,0,0.0,0.0,0.0,0.0,0.0,0.0,1,0.61384726,Medium Risk,Occasional Flyers,Double miles campaign
7546.61,35,2542.5,0.0,-0.0666666666666667,0.08,-0.95,8.25,0,0.0018244375,Low Risk,Active Regular Customers,No immediate action
8068.62,42,2930.75,0.0,-0.46428571428571436,-0.85,-0.98,5.67,0,0.008021774,Low Risk,Active Regular Customers,No immediate action
6005.21,45,2989.9583333333335,0.0,0.31249999999999994,0.78,84.33,57.58,0,0.0042637237,Low Risk,Active Regular Customers,No immediate action
9581.28,27,1592.875,2.0,0.1351351351351351,0.82,0.0,16.25,0,0.02273716,Low Risk,Active Regular Customers,No immediate action
3985.32,45,2864.2916666666665,1.0,-0.01923076923076924,0.03,-0.99,17.58,0,0.006463159,Low Risk,Active Regular Customers,No immediate action
5246.28,37,2494.9166666666665,1.0,0.2558139534883721,1.17,-0.99,16.92,0,0.003605833,Low Risk,Active Regular Customers,No immediate action
14514.01,37,2379.5,0.0,0.575,1.78,-0.96,18.25,0,0.0013508339,Low Risk,Active Regular Customers,No immediate action
4938.89,12,957.7083333333334,16.0,-0.4,-1.0,-0.97,10.0,1,0.9436274,High Risk,Dormant Customers,30% bonus miles + reactivation email
11923.75,44,3244.4166666666665,0.0,-0.07692307692307689,-0.34,0.04,12.67,0,0.0038495318,Low Risk,Active Regular Customers,No immediate action
8267.12,9,410.7916666666667,0.0,1.5,1643.17,0.0,6.92,0,0.0028243219,Low Risk,Occasional Flyers,No immediate action
8807.49,29,2182.2916666666665,2.0,-0.3023255813953488,-0.51,-0.97,10.25,0,0.0128573,Low Risk,Active Regular Customers,No immediate action
5488.93,46,3175.125,0.0,0.1176470588235294,0.4,77.83,9.67,0,0.0040163104,Low Risk,Active Regular Customers,No immediate action
4873.44,17,864.25,0.0,2.8333333333333335,3457.0,0.0,14.25,0,0.008839047,Low Risk,Occasional Flyers,No immediate action
11084.61,16,1038.25,1.0,0.4444444444444445,0.36,-0.96,2.0,0,0.009061484,Low Risk,Occasional Flyers,No immediate action
3300.61,59,9211.09090909091,1.0,2.7297297297297303,5.79,-0.96,131.58,0,0.038435735,Low Risk,Champions / Premium Travelers,Exclusive loyalty rewards
9403.96,51,3336.0416666666665,0.0,-0.3114754098360656,-0.46,0.0,24.25,0,0.0028125285,Low Risk,Active Regular Customers,No immediate action
2921.93,23,1341.75,0.0,0.8620689655172413,4.53,1.09,10.92,0,0.0066148536,Low Risk,Occasional Flyers,No immediate action
4699.03,66,7478.727272727273,1.0,3.9411764705882355,8.66,117.83,379.67,1,0.048591454,Low Risk,Champions / Premium Travelers,Exclusive loyalty rewards
30718.81,18,1046.1666666666667,0.0,-0.18181818181818182,-0.42,0.0,3.67,0,0.022181058,Low Risk,Occasional Flyers,No immediate action
2279.75,40,4741.818181818182,1.0,2.0,5.08,0.0,162.67,0,0.039236043,Low Risk,Champions / Premium Travelers,Exclusive loyalty rewards
7126.6,32,2099.4583333333335,0.0,-0.09302325581395345,-0.3,-0.96,7.33,0,0.0033935548,Low Risk,Active Regular Customers,No immediate action
5470.06,6,327.5416666666667,0.0,1.0,1310.17,0.0,5.67,0,0.0020214415,Low Risk,Occasional Flyers,No immediate action
4669.23,41,2750.7083333333335,3.0,-0.02040816326530613,-0.06,2.09,28.25,0,0.048058547,Low Risk,Active Regular Customers,No immediate action
4384.85,15,2281.6363636363635,0.0,1.3181818181818181,6.16,0.0,14.92,0,0.03486543,Low Risk,Occasional Flyers,No immediate action
4465.34,15,886.375,17.0,-0.45454545454545453,-1.0,-0.96,14.92,1,0.95055264,High Risk,Dormant Customers,30% bonus miles + reactivation email
5638.15,10,580.0833333333334,1.0,1.368421052631579,17.72,0.0,8.33,0,0.010208461,Low Risk,Occasional Flyers,No immediate action
3508.57,37,2343.25,1.0,0.0666666666666667,-0.18,2.93,6.92,0,0.0046964283,Low Risk,Active Regular Customers,No immediate action
2434.0,39,2944.125,1.0,-0.3653846153846153,-0.52,-0.99,12.92,0,0.0039313887,Low Risk,Active Regular Customers,No immediate action
2224.56,26,1589.375,0.0,0.5454545454545453,1.22,-0.99,23.0,0,0.0011944387,Low Risk,Active Regular Customers,No immediate action
7057.46,23,4343.727272727273,0.0,3.8333333333333335,11945.25,132.5,49.58,1,0.3077923,Low Risk,Champions / Premium Travelers,Exclusive loyalty rewards
2499.47,51,3677.5416666666665,0.0,0.326923076923077,0.12,0.0,46.25,0,0.0015929565,Low Risk,Active Regular Customers,No immediate action
12476.65,38,2110.125,0.0,-0.04255319148936172,-0.35,-0.98,16.33,0,0.002065198,Low Risk,Active Regular Customers,No immediate action
2933.5,18,1329.375,0.0,1.04,2.0,-0.98,25.67,0,0.007322339,Low Risk,Occasional Flyers,No immediate action
2580.85,31,2196.5,1.0,-0.07142857142857137,-0.26,1.36,18.92,0,0.006547386,Low Risk,Active Regular Customers,No immediate action
4428.03,0,0.0,0.0,0.0,0.0,0.0,0.0,0,0.61384726,Medium Risk,Occasional Flyers,Double miles campaign
2806.7,57,3429.0833333333335,0.0,-0.08064516129032268,-0.21,-0.99,12.92,0,0.002035425,Low Risk,Active Regular Customers,No immediate action
4721.66,64,8690.727272727272,0.0,1.9999999999999996,3.0,3.21,125.33,0,0.09143816,Low Risk,Champions / Premium Travelers,Exclusive loyalty rewards
5595.39,39,2273.5416666666665,1.0,0.2,0.57,117.5,2.92,0,0.0040849084,Low Risk,Active Regular Customers,No immediate action
4929.55,46,2757.7083333333335,0.0,0.28571428571428564,0.93,-0.96,17.67,0,0.0018944948,Low Risk,Active Regular Customers,No immediate action
6933.34,33,2374.0,1.0,-0.3617021276595745,-0.65,2.44,0.25,0,0.009587639,Low Risk,Active Regular Customers,No immediate action
5824.82,0,0.0,0.0,0.0,0.0,0.0,0.0,1,0.631931,Medium Risk,Occasional Flyers,Double miles campaign
2695.35,20,1631.9166666666667,1.0,0.5517241379310345,1.54,64.33,27.33,0,0.0059707286,Low Risk,Occasional Flyers,No immediate action
3382.22,18,878.375,1.0,-0.18181818181818182,-0.56,-0.98,15.0,0,0.0497898,Low Risk,Occasional Flyers,No immediate action
5544.91,34,2236.5416666666665,0.0,0.3499999999999999,0.54,-0.98,17.67,0,0.0016725359,Low Risk,Active Regular Customers,No immediate action
9416.28,45,2690.2916666666665,0.0,-0.01923076923076924,-0.01,3.05,26.25,0,0.002189296,Low Risk,Active Regular Customers,No immediate action
2560.69,6,391.9166666666667,1.0,1.0,1567.67,0.0,3.67,0,0.0028918819,Low Risk,Occasional Flyers,No immediate action
2659.34,5,234.83333333333334,0.0,0.8333333333333334,939.33,70.5,0.92,0,0.0024794682,Low Risk,Occasional Flyers,No immediate action
2004.35,42,2967.3333333333335,0.0,-0.1176470588235294,-0.21,0.0,24.33,0,0.013797337,Low Risk,Active Regular Customers,No immediate action
4802.48,50,2682.2916666666665,0.0,0.11111111111111116,-0.21,1.45,19.67,0,0.0039727907,Low Risk,Active Regular Customers,No immediate action
12472.12,0,0.0,0.0,0.0,0.0,0.0,0.0,1,0.6085993,Medium Risk,Occasional Flyers,Double miles campaign
6961.95,41,2579.6666666666665,1.0,0.5348837209302325,0.71,-0.96,49.58,0,0.009124543,Low Risk,Active Regular Customers,No immediate action
5310.86,32,1988.6666666666667,2.0,0.0,-0.15,3.11,4.67,0,0.009300237,Low Risk,Active Regular Customers,No immediate action
25807.06,47,3387.5833333333335,0.0,-0.05555555555555558,0.18,0.0,34.92,0,0.0022660496,Low Risk,Active Regular Customers,No immediate action
6185.97,24,1254.2083333333333,0.0,-0.10810810810810811,-0.22,81.0,2.0,0,0.0010406411,Low Risk,Occasional Flyers,No immediate action
27580.55,36,2315.375,1.0,-0.25,-0.4,-0.97,17.33,0,0.0048216335,Low Risk,Active Regular Customers,No immediate action
7591.11,42,2621.375,1.0,-0.19230769230769232,-0.23,0.0,11.0,0,0.005520514,Low Risk,Active Regular Customers,No immediate action
4834.71,40,2847.9166666666665,0.0,0.08510638297872336,0.5,-0.98,18.0,0,0.002130192,Low Risk,Active Regular Customers,No immediate action
36946.06,35,1895.875,0.0,1.0571428571428572,2.19,329.67,24.92,0,0.0012458017,Low Risk,Occasional Flyers,No immediate action
10314.52,65,7005.909090909091,0.0,1.5624999999999996,4.92,0.0,273.58,0,0.05345319,Low Risk,Champions / Premium Travelers,Exclusive loyalty rewards
24337.38,10,735.1666666666666,0.0,1.6666666666666667,2940.67,128.5,3.0,0,0.011049497,Low Risk,Occasional Flyers,No immediate action
10614.64,42,2498.5416666666665,0.0,-0.19230769230769232,0.07,0.0,8.33,0,0.0069142026,Low Risk,Active Regular Customers,No immediate action
5592.16,27,1766.0,1.0,0.5,0.96,-0.96,31.58,0,0.008774484,Low Risk,Active Regular Customers,No immediate action
4076.63,51,6653.0,0.0,1.4878048780487807,3.84,-0.95,60.92,0,0.03873396,Low Risk,Active Regular Customers,No immediate action
10745.98,0,0.0,0.0,0.0,0.0,0.0,0.0,1,0.6085993,Medium Risk,Occasional Flyers,Double miles campaign
5528.21,5,442.25,1.0,0.8333333333333334,1769.0,0.0,6.25,0,0.003283456,Low Risk,Occasional Flyers,No immediate action
5246.28,24,1499.8333333333333,5.0,0.0,0.34,-0.97,36.67,1,0.124793485,Low Risk,Active Regular Customers,No immediate action
8697.88,0,0.0,0.0,0.0,0.0,0.0,0.0,0,0.5989688,Medium Risk,Occasional Flyers,Double miles campaign
22103.51,44,2658.9583333333335,3.0,0.08000000000000004,-0.11,2.5,43.33,0,0.024758022,Low Risk,Active Regular Customers,No immediate action
3605.97,45,3151.9166666666665,0.0,-0.30357142857142855,-0.68,0.46,36.25,0,0.0029593236,Low Risk,Active Regular Customers,No immediate action
7805.31,41,2993.25,1.0,-0.09999999999999996,0.24,0.0,11.58,1,0.01688013,Low Risk,Active Regular Customers,No immediate action
2414.64,15,800.25,2.0,-0.09999999999999999,-0.31,-0.97,8.92,0,0.048413567,Low Risk,Occasional Flyers,No immediate action
10477.68,24,2406.5454545454545,6.0,-0.5714285714285715,-1.0,0.0,144.0,1,0.6383435,Medium Risk,Active Regular Customers,Double miles campaign
5008.79,34,2175.0416666666665,1.0,0.046511627906976764,-0.19,-0.97,11.67,0,0.007320117,Low Risk,Active Regular Customers,No immediate action
5926.73,0,0.0,0.0,0.0,0.0,0.0,0.0,0,0.61241716,Medium Risk,Occasional Flyers,Double miles campaign
24084.54,11,937.5416666666666,5.0,0.7727272727272727,5.0,0.0,11.58,1,0.74888134,Medium Risk,Occasional Flyers,Double miles campaign
3508.57,41,2711.5833333333335,0.0,-0.02040816326530613,0.19,-0.99,34.25,0,0.001615182,Low Risk,Active Regular Customers,No immediate action
4387.31,6,367.9166666666667,0.0,1.0,1471.67,0.0,3.67,0,0.0020973624,Low Risk,Occasional Flyers,No immediate action
8079.83,45,2617.4583333333335,0.0,0.22448979591836735,-0.09,-0.96,34.92,0,0.0012655575,Low Risk,Active Regular Customers,No immediate action
13869.93,34,2161.875,0.0,-0.04545454545454547,0.2,61.67,0.33,0,0.0016033258,Low Risk,Active Regular Customers,No immediate action
2004.35,42,2858.1666666666665,1.0,-0.46428571428571436,-0.59,-0.98,5.67,0,0.038691733,Low Risk,Active Regular Customers,No immediate action
5452.17,24,1484.5416666666667,0.0,-0.10810810810810811,-0.51,-0.97,8.0,0,0.0028980605,Low Risk,Active Regular Customers,No immediate action
12421.86,4,218.0,0.0,0.6666666666666666,872.0,119.0,4.0,0,0.003323658,Low Risk,Occasional Flyers,No immediate action
4929.55,51,3206.3333333333335,1.0,0.017857142857142794,-0.28,-0.97,34.25,0,0.018436503,Low Risk,Active Regular Customers,No immediate action
4803.94,29,1489.2083333333333,1.0,-0.12195121951219508,-0.23,1.5,27.58,0,0.0059172506,Low Risk,Active Regular Customers,No immediate action
21886.2,0,0.0,0.0,0.0,0.0,0.0,0.0,0,0.77247554,Medium Risk,Occasional Flyers,Double miles campaign
11790.5,42,2891.9166666666665,0.0,-0.3333333333333333,-0.33,-0.99,21.67,0,0.0023806365,Low Risk,Active Regular Customers,No immediate action
5470.06,61,8663.0,2.0,2.5384615384615383,4.96,-0.97,146.25,1,0.24641299,Low Risk,Champions / Premium Travelers,Exclusive loyalty rewards
2946.0,42,2287.375,1.0,0.12499999999999996,0.29,2.65,5.67,0,0.021269865,Low Risk,Active Regular Customers,No immediate action
4127.5,10,556.125,4.0,-0.22222222222222224,-0.74,-0.98,9.67,1,0.7088688,Medium Risk,Occasional Flyers,Double miles campaign
2949.28,46,2780.0,2.0,-0.037735849056603786,-0.29,78.5,36.33,0,0.048920337,Low Risk,Active Regular Customers,No immediate action
8595.73,42,2794.8333333333335,0.0,0.12499999999999996,0.29,-0.98,9.67,0,0.0021028265,Low Risk,Active Regular Customers,No immediate action
38230.21,26,1615.2916666666667,2.0,0.054054054054054085,-0.24,0.0,53.67,0,0.02957589,Low Risk,Active Regular Customers,No immediate action
6637.23,54,8042.0,0.0,1.5714285714285718,1.6,0.0,35.67,0,0.017936032,Low Risk,Active Regular Customers,No immediate action
12515.18,0,0.0,0.0,0.0,0.0,0.0,0.0,0,0.6085993,Medium Risk,Occasional Flyers,Double miles campaign
4109.79,40,2282.125,0.0,1.1891891891891895,2.83,-0.07,51.33,0,0.006882089,Low Risk,Active Regular Customers,No immediate action
20552.62,40,2897.0416666666665,0.0,0.2666666666666666,0.54,103.83,90.67,0,0.011743294,Low Risk,Active Regular Customers,No immediate action
7433.82,37,2251.9166666666665,1.0,-0.4117647058823529,-0.58,-0.97,16.92,0,0.0070496956,Low Risk,Active Regular Customers,No immediate action
35440.14,27,1692.3333333333333,2.0,0.3714285714285715,0.54,0.0,16.92,0,0.017082963,Low Risk,Active Regular Customers,No immediate action
3123.08,33,1715.9166666666667,3.0,-0.28260869565217395,-0.26,-0.99,50.25,0,0.050997026,Low Risk,Active Regular Customers,No immediate action
7771.16,26,1453.0,0.0,1.1724137931034482,4.57,0.0,7.0,0,0.0069379844,Low Risk,Active Regular Customers,No immediate action
5048.05,22,1570.1666666666667,0.0,0.9285714285714285,3.05,0.0,7.0,0,0.0048540374,Low Risk,Occasional Flyers,No immediate action
2927.22,39,2424.5416666666665,1.0,0.2,-0.06,2.28,14.25,0,0.002727595,Low Risk,Active Regular Customers,No immediate action
7546.61,39,2684.3333333333335,3.0,0.29545454545454536,0.46,-0.98,25.58,1,0.055810627,Low Risk,Active Regular Customers,No immediate action
4458.11,40,2718.9166666666665,0.0,0.7999999999999999,1.8,0.25,2.0,0,0.0020724405,Low Risk,Active Regular Customers,No immediate action
7809.52,38,1888.7916666666667,0.0,-0.04255319148936172,0.33,0.6,7.0,0,0.0019776395,Low Risk,Active Regular Customers,No immediate action
8355.51,33,1695.5416666666667,0.0,0.4999999999999999,0.67,-0.98,8.25,0,0.0017955526,Low Risk,Active Regular Customers,No immediate action
15923.96,25,1832.7916666666667,1.0,-0.13157894736842105,-0.32,74.17,5.58,0,0.005656866,Low Risk,Active Regular Customers,No immediate action
13668.36,0,0.0,0.0,0.0,0.0,0.0,0.0,1,0.6186679,Medium Risk,Occasional Flyers,Double miles campaign
2445.84,47,3097.0833333333335,0.0,-0.3275862068965517,-0.44,-0.99,38.25,0,0.00071349234,Low Risk,Active Regular Customers,No immediate action
8382.63,31,1862.1666666666667,0.0,0.5833333333333333,1.56,2.34,20.92,0,0.001078583,Low Risk,Active Regular Customers,No immediate action
15114.4,36,2533.9583333333335,2.0,0.6153846153846153,1.44,0.12,35.33,0,0.031083602,Low Risk,Active Regular Customers,No immediate action
7193.1,41,2209.4583333333335,0.0,0.43181818181818177,1.92,-0.99,1.58,0,0.002459695,Low Risk,Active Regular Customers,No immediate action
3644.83,32,1780.3333333333333,1.0,-0.09302325581395345,-0.3,-0.95,6.0,0,0.0071495962,Low Risk,Active Regular Customers,No immediate action
4171.19,0,0.0,0.0,0.0,0.0,0.0,0.0,1,0.61384726,Medium Risk,Occasional Flyers,Double miles campaign
2429.6,39,2467.75,0.0,0.725,0.25,0.24,17.58,0,0.0005693541,Low Risk,Active Regular Customers,No immediate action
2608.79,32,2266.25,0.0,0.42105263157894735,0.85,-0.97,34.67,0,0.0034495427,Low Risk,Active Regular Customers,No immediate action
2969.59,8,626.5833333333334,20.0,-0.30769230769230765,-1.0,0.0,6.0,1,0.9538481,High Risk,Dormant Customers,30% bonus miles + reactivation email
9419.88,39,2534.6666666666665,1.0,0.02127659574468086,-0.19,1.67,6.25,0,0.0038788824,Low Risk,Active Regular Customers,No immediate action
7150.11,0,0.0,0.0,0.0,0.0,0.0,0.0,0,0.6793221,Medium Risk,Occasional Flyers,Double miles campaign
2996.14,47,2915.2916666666665,0.0,0.6304347826086957,0.25,0.48,20.25,0,0.0033883417,Low Risk,Active Regular Customers,No immediate action
16793.97,49,3191.125,1.0,0.055555555555555504,0.21,-0.96,0.92,0,0.015139947,Low Risk,Active Regular Customers,No immediate action
5339.39,42,2179.9583333333335,0.0,0.4,0.16,-0.98,76.33,0,0.0022801245,Low Risk,Active Regular Customers,No immediate action
7388.18,27,1194.0416666666667,2.0,-0.07692307692307694,-0.37,0.0,11.58,0,0.011823829,Low Risk,Active Regular Customers,No immediate action
8672.23,57,3384.0833333333335,2.0,-0.373134328358209,-0.29,-0.99,55.58,0,0.018323028,Low Risk,Active Regular Customers,No immediate action
9198.69,37,2691.7916666666665,0.0,0.4634146341463416,0.73,-0.98,6.25,0,0.0016753488,Low Risk,Active Regular Customers,No immediate action
7462.93,35,2050.5416666666665,0.0,0.022727272727272735,-0.23,0.47,4.25,0,0.0017460171,Low Risk,Active Regular Customers,No immediate action
5041.45,49,2927.0833333333335,0.0,0.055555555555555504,-0.29,-0.99,48.25,0,0.0028836792,Low Risk,Active Regular Customers,No immediate action
2722.21,41,2321.25,1.0,0.06249999999999994,-0.07,-0.99,21.58,0,0.0038631875,Low Risk,Active Regular Customers,No immediate action
5372.91,28,1608.5416666666667,2.0,0.45714285714285713,2.27,-0.97,42.0,0,0.054006413,Low Risk,Active Regular Customers,No immediate action
2643.72,40,2862.3333333333335,2.0,0.3636363636363637,1.31,1.89,11.33,0,0.016296944,Low Risk,Active Regular Customers,No immediate action
2813.51,0,0.0,0.0,0.0,0.0,0.0,0.0,1,0.58610946,Medium Risk,Occasional Flyers,Double miles campaign
5534.58,4,231.125,0.0,0.6666666666666666,924.5,0.0,1.33,0,0.002272802,Low Risk,Occasional Flyers,No immediate action
36897.8,43,2275.5,0.0,-0.20754716981132076,-0.11,-0.95,6.25,0,0.004494284,Low Risk,Active Regular Customers,No immediate action
3500.86,41,2576.0,1.0,-0.38888888888888884,-0.71,-0.98,6.92,0,0.007542203,Low Risk,Active Regular Customers,No immediate action
2716.19,77,10712.454545454546,0.0,0.8095238095238094,1.54,-0.95,132.92,0,0.032217577,Low Risk,Champions / Premium Travelers,Exclusive loyalty rewards
14195.36,43,2163.5416666666665,0.0,0.2765957446808511,0.08,0.0,14.25,0,0.002545071,Low Risk,Active Regular Customers,No immediate action
4037.5,49,3155.0,1.0,0.21153846153846156,0.2,-0.98,35.58,0,0.025749963,Low Risk,Active Regular Customers,No immediate action
2252.42,34,2452.5833333333335,1.0,0.4615384615384614,1.59,0.23,3.0,0,0.005479171,Low Risk,Active Regular Customers,No immediate action
5923.12,41,2745.0833333333335,0.0,0.14893617021276592,0.41,0.0,27.58,0,0.0024924017,Low Risk,Active Regular Customers,No immediate action
10426.09,0,0.0,0.0,0.0,0.0,0.0,0.0,1,0.6085993,Medium Risk,Occasional Flyers,Double miles campaign
5431.22,34,2251.375,0.0,0.7027027027027027,1.58,-0.99,23.0,0,0.00105991,Low Risk,Active Regular Customers,No immediate action
5011.26,38,1991.25,2.0,-0.42307692307692313,-0.72,-0.96,19.67,0,0.014903969,Low Risk,Active Regular Customers,No immediate action
7610.54,42,2794.5833333333335,0.0,-0.1176470588235294,-0.09,0.0,13.67,0,0.0023340187,Low Risk,Active Regular Customers,No immediate action
4150.84,43,2145.25,0.0,0.10204081632653057,0.09,164.0,32.92,0,0.0013820009,Low Risk,Active Regular Customers,No immediate action
32613.69,0,0.0,0.0,0.0,0.0,0.0,0.0,1,0.45386422,Medium Risk,Occasional Flyers,Double miles campaign
2717.78,0,0.0,0.0,0.0,0.0,0.0,0.0,0,0.5405712,Medium Risk,Occasional Flyers,Double miles campaign
2962.98,5,398.7916666666667,1.0,0.8333333333333334,1595.17,0.0,6.25,0,0.006590983,Low Risk,Occasional Flyers,No immediate action
5386.33,35,2222.9166666666665,0.0,0.022727272727272735,0.05,0.0,14.25,0,0.0022756888,Low Risk,Active Regular Customers,No immediate action
2580.85,27,2007.0,0.0,0.25,0.5,4.42,38.92,0,0.001655527,Low Risk,Active Regular Customers,No immediate action
5678.05,42,2920.5833333333335,0.0,-0.1176470588235294,0.14,3.39,5.67,0,0.006578553,Low Risk,Active Regular Customers,No immediate action
4260.77,0,0.0,0.0,0.0,0.0,0.0,0.0,1,0.61384726,Medium Risk,Occasional Flyers,Double miles campaign
2689.17,6,459.625,0.0,1.0,1838.5,0.0,3.0,0,0.0058143944,Low Risk,Occasional Flyers,No immediate action
5264.43,85,9678.363636363636,0.0,2.0555555555555554,4.53,123.83,458.25,0,0.0071914657,Low Risk,Champions / Premium Travelers,Exclusive loyalty rewards
2805.18,1,87.33333333333333,0.0,0.16666666666666666,349.33,81.0,0.25,0,0.0024385462,Low Risk,Occasional Flyers,No immediate action
8665.96,25,1863.5416666666667,1.0,0.45454545454545453,2.42,-0.97,16.92,0,0.0102858925,Low Risk,Active Regular Customers,No immediate action
5157.05,32,2311.625,1.0,-0.26666666666666666,-0.27,111.5,28.67,0,0.0056720404,Low Risk,Active Regular Customers,No immediate action
9657.58,25,1495.2083333333333,0.0,0.19999999999999998,0.15,2.1,6.92,0,0.0017713018,Low Risk,Active Regular Customers,No immediate action
2434.68,19,942.0833333333334,0.0,0.7777777777777778,1.36,1.0,11.58,0,0.0052389484,Low Risk,Occasional Flyers,No immediate action
6081.05,34,2011.6666666666667,1.0,0.14285714285714293,0.23,-0.97,53.67,0,0.017889358,Low Risk,Active Regular Customers,No immediate action
13057.01,31,1992.7916666666667,0.0,0.3421052631578947,1.54,3.88,12.25,0,0.0019929942,Low Risk,Active Regular Customers,No immediate action
2719.85,39,2435.5416666666665,1.0,0.725,0.68,1.52,11.58,0,0.0047867685,Low Risk,Active Regular Customers,No immediate action
2503.66,0,0.0,0.0,0.0,0.0,0.0,0.0,0,0.5546234,Medium Risk,Occasional Flyers,Double miles campaign
6275.16,56,3072.0833333333335,0.0,0.06779661016949155,0.43,101.83,64.67,0,0.008252188,Low Risk,Active Regular Customers,No immediate action
5775.52,36,2183.4583333333335,1.0,-0.08695652173913047,-0.29,-0.99,12.67,0,0.0035850226,Low Risk,Active Regular Customers,No immediate action
2927.52,31,1956.7916666666667,4.0,-0.1627906976744186,-0.59,5.02,41.58,0,0.059204053,Low Risk,Active Regular Customers,No immediate action
8622.84,14,1020.5416666666666,8.0,-0.43750000000000006,-1.0,0.0,8.33,0,0.9328331,High Risk,Dormant Customers,30% bonus miles + reactivation email
3142.74,15,985.125,0.0,1.3181818181818181,13.55,0.0,4.25,0,0.0045717265,Low Risk,Occasional Flyers,No immediate action
8304.69,50,3157.2916666666665,0.0,0.03636363636363638,0.47,0.56,25.67,0,0.00262519,Low Risk,Active Regular Customers,No immediate action
7980.3,34,2324.6666666666665,0.0,0.046511627906976764,-0.12,-0.97,17.67,0,0.0017411129,Low Risk,Active Regular Customers,No immediate action
2935.99,30,1804.8333333333333,0.0,0.1538461538461538,0.63,-0.96,3.67,0,0.0025047413,Low Risk,Active Regular Customers,No immediate action
6376.75,0,0.0,0.0,0.0,0.0,0.0,0.0,1,0.6084303,Medium Risk,Occasional Flyers,Double miles campaign
5494.87,46,2836.625,0.0,-0.25000000000000006,-0.51,-0.08,29.67,0,0.0038066509,Low Risk,Active Regular Customers,No immediate action
3671.82,30,2302.3333333333335,0.0,0.6285714285714286,2.32,127.5,13.67,0,0.0014296501,Low Risk,Active Regular Customers,No immediate action
6047.03,17,904.5,1.0,1.347826086956522,5.04,0.0,6.92,0,0.009229467,Low Risk,Occasional Flyers,No immediate action
2593.4,32,2190.75,0.0,-0.26666666666666666,-0.37,0.0,18.67,0,0.0021413013,Low Risk,Active Regular Customers,No immediate action
7942.17,33,2101.375,0.0,1.0294117647058825,2.12,1.39,3.58,0,0.0058548017,Low Risk,Active Regular Customers,No immediate action
5330.59,41,2668.375,1.0,0.06249999999999994,0.76,1.26,6.25,0,0.010546209,Low Risk,Active Regular Customers,No immediate action
4823.56,30,2136.0416666666665,0.0,-0.47826086956521746,-0.83,-0.97,11.0,0,0.0020371461,Low Risk,Active Regular Customers,No immediate action
12101.21,32,2187.125,0.0,0.5405405405405405,1.37,-0.96,18.67,0,0.0017079683,Low Risk,Active Regular Customers,No immediate action
18269.27,5,213.5,0.0,0.8333333333333334,854.0,0.0,3.58,0,0.0019520601,Low Risk,Occasional Flyers,No immediate action
10551.15,52,2976.0833333333335,1.0,-0.13559322033898305,-0.37,0.64,10.0,0,0.0058746156,Low Risk,Active Regular Customers,No immediate action
8679.84,42,2449.4166666666665,0.0,0.21276595744680843,0.54,-0.96,19.67,0,0.0015319869,Low Risk,Active Regular Customers,No immediate action
23444.9,49,3028.4583333333335,2.0,-0.01818181818181812,-0.17,-0.98,26.25,0,0.013735801,Low Risk,Active Regular Customers,No immediate action
9553.42,37,2840.2916666666665,0.0,-0.1063829787234043,-0.56,0.0,9.58,0,0.0027691398,Low Risk,Active Regular Customers,No immediate action
3508.57,0,0.0,0.0,0.0,0.0,0.0,0.0,1,0.6238004,Medium Risk,Occasional Flyers,Double miles campaign
8007.4,39,2688.25,1.0,0.2,0.26,-0.97,34.92,0,0.011913428,Low Risk,Active Regular Customers,No immediate action
6796.84,100,12460.727272727272,2.0,1.8125000000000002,5.91,0.0,732.0,0,0.17968974,Low Risk,Champions / Premium Travelers,Exclusive loyalty rewards
9129.87,22,2385.818181818182,0.0,3.263157894736842,99.79,0.0,25.0,0,0.03563656,Low Risk,Occasional Flyers,No immediate action
3223.22,52,3652.7083333333335,0.0,0.22222222222222218,1.08,-0.98,22.0,0,0.0015595084,Low Risk,Active Regular Customers,No immediate action
5568.89,15,787.375,2.0,2.5,3149.5,59.67,18.92,0,0.029147416,Low Risk,Occasional Flyers,No immediate action
10391.78,44,2539.5416666666665,0.0,-0.07692307692307689,-0.03,0.0,4.0,0,0.0058771614,Low Risk,Active Regular Customers,No immediate action
2359.42,34,4501.090909090909,4.0,3.2500000000000004,27.99,-0.95,246.33,0,0.50135064,Medium Risk,Champions / Premium Travelers,VIP upgrade and lounge voucher
5619.85,10,579.4583333333334,2.0,1.6666666666666667,2317.83,0.0,11.0,0,0.038223695,Low Risk,Occasional Flyers,No immediate action
22721.47,40,2542.9583333333335,0.0,0.17391304347826086,0.48,186.5,15.33,0,0.0011278313,Low Risk,Active Regular Customers,No immediate action
8742.06,11,912.5,1.0,1.8333333333333333,3650.0,0.0,11.58,0,0.0070952494,Low Risk,Occasional Flyers,No immediate action
5971.31,28,1810.2083333333333,0.0,0.10526315789473678,0.17,-0.98,4.67,0,0.0024446482,Low Risk,Active Regular Customers,No immediate action
5433.21,36,2364.9166666666665,0.0,0.6153846153846153,1.95,0.0,16.67,0,0.002081127,Low Risk,Active Regular Customers,No immediate action
14019.83,40,3152.5,3.0,-0.3773584905660377,-0.51,0.52,24.0,0,0.054597072,Low Risk,Active Regular Customers,No immediate action
4126.61,6,403.9583333333333,13.0,-0.25,-1.0,0.0,3.67,1,0.93234354,High Risk,Dormant Customers,30% bonus miles + reactivation email
8476.81,0,0.0,0.0,0.0,0.0,0.0,0.0,0,0.5989688,Medium Risk,Occasional Flyers,Double miles campaign
5815.26,30,2152.8333333333335,1.0,-0.3181818181818182,-0.56,0.0,20.33,0,0.0090655135,Low Risk,Active Regular Customers,No immediate action
14837.5,0,0.0,0.0,0.0,0.0,0.0,0.0,1,0.5735668,Medium Risk,Occasional Flyers,Double miles campaign
4428.03,39,2413.9583333333335,0.0,0.2,0.38,-0.99,10.92,0,0.0008004214,Low Risk,Active Regular Customers,No immediate action
7475.78,43,6132.545454545455,0.0,0.5681818181818182,1.21,0.0,80.92,0,0.014655934,Low Risk,Active Regular Customers,No immediate action
5354.61,46,2288.5,1.0,0.46808510638297873,1.19,158.17,30.33,0,0.0048603755,Low Risk,Active Regular Customers,No immediate action
2127.92,41,2135.5416666666665,0.0,0.14893617021276592,1.14,0.0,8.25,0,0.0056880424,Low Risk,Active Regular Customers,No immediate action
6098.46,43,2553.6666666666665,2.0,-0.5344827586206897,-0.67,2.6,26.25,0,0.025788566,Low Risk,Active Regular Customers,No immediate action
9357.74,34,1841.5416666666667,0.0,-0.1333333333333333,-0.0,0.0,13.67,0,0.0023845013,Low Risk,Active Regular Customers,No immediate action
4516.81,33,2678.5,0.0,0.3846153846153845,0.78,-0.96,6.25,0,0.002088331,Low Risk,Active Regular Customers,No immediate action
2606.19,37,2086.9166666666665,0.0,0.35714285714285715,1.27,-0.96,16.92,0,0.0042120065,Low Risk,Active Regular Customers,No immediate action
14854.2,32,4502.0,2.0,0.6666666666666667,2.86,0.0,72.0,1,0.3212377,Low Risk,Active Regular Customers,No immediate action
7416.2,68,4924.333333333333,0.0,0.380952380952381,0.63,3.48,26.0,0,0.007438403,Low Risk,Active Regular Customers,No immediate action
3590.69,36,1829.0833333333333,0.0,0.18604651162790697,0.53,-0.95,26.67,0,0.0015215209,Low Risk,Active Regular Customers,No immediate action
3933.81,27,1765.0416666666667,1.0,0.25,0.16,58.17,8.92,0,0.0070843464,Low Risk,Active Regular Customers,No immediate action
2855.93,45,2636.75,0.0,0.13999999999999999,0.25,-0.99,10.25,0,0.0013152856,Low Risk,Active Regular Customers,No immediate action
7060.21,37,2565.5416666666665,0.0,0.0666666666666667,0.19,0.0,2.25,0,0.004505468,Low Risk,Active Regular Customers,No immediate action
15925.06,40,2142.375,0.0,0.5714285714285715,0.46,-0.14,18.0,0,0.0014727876,Low Risk,Active Regular Customers,No immediate action
3818.47,0,0.0,0.0,0.0,0.0,0.0,0.0,1,0.61384726,Medium Risk,Occasional Flyers,Double miles campaign
7699.63,39,2438.7916666666665,0.0,-0.43396226415094336,-0.71,-0.99,4.92,0,0.0025578944,Low Risk,Active Regular Customers,No immediate action
7873.71,33,2039.9166666666667,2.0,-0.023255813953488382,-0.16,1.08,24.92,0,0.012114558,Low Risk,Active Regular Customers,No immediate action
6019.93,0,0.0,0.0,0.0,0.0,0.0,0.0,0,0.61241716,Medium Risk,Occasional Flyers,Double miles campaign
13024.13,31,1922.9583333333333,0.0,0.12499999999999994,-0.01,-0.98,24.92,0,0.001983521,Low Risk,Active Regular Customers,No immediate action
5490.78,0,0.0,0.0,0.0,0.0,0.0,0.0,0,0.61171925,Medium Risk,Occasional Flyers,Double miles campaign
2652.29,37,2403.5,0.0,-0.02173913043478262,-0.17,5.22,24.92,0,0.00095025904,Low Risk,Active Regular Customers,No immediate action
4967.04,43,2449.1666666666665,0.0,0.2765957446808511,0.6,1.6,56.25,0,0.003036198,Low Risk,Active Regular Customers,No immediate action
3097.92,42,2685.625,1.0,-0.26415094339622636,-0.28,-0.98,43.0,0,0.008962258,Low Risk,Active Regular Customers,No immediate action
9269.68,51,3677.9583333333335,0.0,0.326923076923077,0.5,0.48,8.25,0,0.003298902,Low Risk,Active Regular Customers,No immediate action
3810.24,3,303.75,1.0,0.5,1215.0,0.0,2.25,0,0.0040273047,Low Risk,Occasional Flyers,No immediate action
16702.7,17,1191.7916666666667,1.0,1.125,4.63,255.67,37.58,0,0.0063363966,Low Risk,Occasional Flyers,No immediate action
6047.03,22,1620.0416666666667,1.0,-0.05714285714285711,0.12,0.58,3.0,0,0.0054479493,Low Risk,Active Regular Customers,No immediate action
9192.59,35,1850.0833333333333,0.0,-0.3877551020408164,-0.75,-0.29,51.58,0,0.0045413193,Low Risk,Active Regular Customers,No immediate action
19927.64,33,2301.0,1.0,-0.023255813953488382,0.09,0.68,20.25,0,0.0038047002,Low Risk,Active Regular Customers,No immediate action
5332.46,51,3886.1666666666665,0.0,-0.3709677419354839,-0.62,-0.98,28.92,0,0.003630401,Low Risk,Active Regular Customers,No immediate action
23675.03,42,2297.2916666666665,0.0,0.21276595744680843,0.21,1.09,8.33,0,0.003744129,Low Risk,Active Regular Customers,No immediate action
6176.7,6,392.6666666666667,1.0,1.0,1570.67,0.0,3.67,0,0.0029937425,Low Risk,Occasional Flyers,No immediate action
5292.63,34,2164.375,0.0,0.3499999999999999,-0.14,0.0,29.67,0,0.002531069,Low Risk,Active Regular Customers,No immediate action
11533.48,29,2123.5833333333335,2.0,-0.02500000000000001,0.04,-0.98,16.92,0,0.019498115,Low Risk,Active Regular Customers,No immediate action
14741.76,0,0.0,0.0,0.0,0.0,0.0,0.0,0,0.5735668,Medium Risk,Occasional Flyers,Double miles campaign
19776.57,40,2636.7083333333335,0.0,0.0,0.17,-0.99,10.0,0,0.0007690251,Low Risk,Active Regular Customers,No immediate action
3459.23,33,1973.4583333333333,0.0,-0.5102040816326531,-0.72,-0.99,2.92,0,0.0033566293,Low Risk,Active Regular Customers,No immediate action
4267.08,43,2762.5833333333335,0.0,-0.3454545454545454,-0.66,92.17,12.92,0,0.0018998076,Low Risk,Active Regular Customers,No immediate action
8972.14,13,868.5,0.0,2.1666666666666665,3474.0,0.0,10.92,0,0.004029507,Low Risk,Occasional Flyers,No immediate action
5619.69,28,1832.2083333333333,3.0,-0.10000000000000003,-0.25,93.17,36.67,0,0.02623947,Low Risk,Active Regular Customers,No immediate action
2698.69,52,3296.8333333333335,1.0,-0.38095238095238093,-0.6,2.06,44.67,0,0.003146715,Low Risk,Active Regular Customers,No immediate action
11830.95,9,508.1666666666667,0.0,1.5,2032.67,0.0,2.92,0,0.0067917556,Low Risk,Occasional Flyers,No immediate action
7340.5,5,254.91666666666666,0.0,0.14285714285714285,5.84,188.33,3.58,0,0.0036284663,Low Risk,Occasional Flyers,No immediate action
5635.29,35,2425.9166666666665,3.0,-0.15217391304347824,-0.08,-0.98,47.58,0,0.031343564,Low Risk,Active Regular Customers,No immediate action
3884.86,42,2599.9166666666665,1.0,0.4,0.5,-0.98,14.33,0,0.0053011957,Low Risk,Active Regular Customers,No immediate action
7341.79,41,2497.0833333333335,0.0,-0.02040816326530613,-0.33,-0.98,18.92,0,0.0018539601,Low Risk,Active Regular Customers,No immediate action
7720.16,54,4823.636363636364,0.0,1.707317073170732,3.15,0.0,93.67,0,0.048936725,Low Risk,Active Regular Customers,No immediate action
13916.93,3,156.375,0.0,0.5,625.5,0.0,2.25,0,0.0021848392,Low Risk,Occasional Flyers,No immediate action
3226.85,56,3818.0,0.0,-0.06557377049180331,-0.39,-0.98,48.67,0,0.004954973,Low Risk,Active Regular Customers,No immediate action
12157.33,24,1551.0833333333333,0.0,2.2608695652173916,10.84,0.0,11.33,0,0.0055240598,Low Risk,Occasional Flyers,No immediate action
4340.09,20,908.2916666666666,3.0,-0.22857142857142856,-0.75,4.08,6.0,0,0.05771491,Low Risk,Occasional Flyers,No immediate action
10487.74,37,2504.6666666666665,3.0,-0.02173913043478262,-0.33,66.5,55.58,0,0.059335258,Low Risk,Active Regular Customers,No immediate action
15762.6,28,1541.0416666666667,2.0,-0.28571428571428575,-0.37,85.17,24.0,0,0.009646536,Low Risk,Active Regular Customers,No immediate action
5979.72,41,2701.0,8.0,-0.6949152542372882,-1.0,-0.98,40.92,0,0.6009446,Medium Risk,Active Regular Customers,Double miles campaign
9199.39,33,2324.4583333333335,0.0,0.2749999999999999,0.23,-0.98,5.58,0,0.002014906,Low Risk,Active Regular Customers,No immediate action
6751.78,44,2902.75,2.0,-0.29090909090909084,-0.23,-0.96,14.0,0,0.018393751,Low Risk,Active Regular Customers,No immediate action
10592.59,8,319.1666666666667,2.0,1.0526315789473684,24.99,-0.96,8.0,0,0.025166111,Low Risk,Occasional Flyers,No immediate action
5979.72,50,3198.5,0.0,0.35294117647058837,0.2,144.0,0.33,0,0.0020025908,Low Risk,Active Regular Customers,No immediate action
23866.16,27,1712.2916666666667,3.0,-0.07692307692307694,-0.35,0.0,36.25,0,0.03687609,Low Risk,Active Regular Customers,No immediate action
2537.81,25,1741.2916666666667,6.0,-0.5813953488372093,-1.0,-0.99,35.58,0,0.37461057,Low Risk,Active Regular Customers,No immediate action
3256.77,43,7202.181818181818,1.0,1.1538461538461537,2.34,0.0,127.58,1,0.10689983,Low Risk,Champions / Premium Travelers,Exclusive loyalty rewards
5067.64,42,2961.4166666666665,1.0,-0.1176470588235294,-0.25,2.52,43.67,0,0.017277947,Low Risk,Active Regular Customers,No immediate action
2887.74,34,4184.090909090909,0.0,0.24390243902439027,0.82,122.0,33.67,0,0.0025466622,Low Risk,Active Regular Customers,No immediate action
4369.7,41,2208.875,0.0,-0.17647058823529413,0.07,0.27,8.92,0,0.0019567665,Low Risk,Active Regular Customers,No immediate action
7286.79,0,0.0,0.0,0.0,0.0,0.0,0.0,1,0.6736356,Medium Risk,Occasional Flyers,Double miles campaign
2585.44,42,2610.0416666666665,1.0,-0.1176470588235294,-0.24,-0.98,65.67,0,0.008364159,Low Risk,Active Regular Customers,No immediate action
5389.5,36,2390.6666666666665,0.0,0.3902439024390244,0.73,-0.97,47.33,0,0.0014937645,Low Risk,Active Regular Customers,No immediate action
6645.93,28,1717.8333333333333,0.0,-0.28571428571428575,-0.69,-0.98,3.33,0,0.001932408,Low Risk,Active Regular Customers,No immediate action
2442.42,39,2481.0,0.0,0.2,0.95,-0.02,14.25,0,0.0007004971,Low Risk,Active Regular Customers,No immediate action
4311.42,35,1871.75,1.0,0.3170731707317074,1.33,0.43,2.25,0,0.0053597665,Low Risk,Active Regular Customers,No immediate action
2379.74,23,3262.181818181818,1.0,2.130434782608696,11.62,117.5,24.25,0,0.023675371,Low Risk,Occasional Flyers,No immediate action
9189.52,37,2393.3333333333335,0.0,0.15909090909090906,-0.02,4.89,10.92,0,0.0024363943,Low Risk,Active Regular Customers,No immediate action
9575.36,42,2482.75,4.0,-0.26415094339622636,-0.67,-0.95,25.67,0,0.13297388,Low Risk,Active Regular Customers,No immediate action
25464.82,1,32.208333333333336,23.0,-0.05263157894736842,-0.98,-0.96,0.25,1,0.96163464,High Risk,Dormant Customers,30% bonus miles + reactivation email
12663.6,45,2671.125,0.0,-0.01923076923076924,0.48,196.33,2.92,0,0.004030586,Low Risk,Active Regular Customers,No immediate action
14194.15,43,2546.5,1.0,-0.058823529411764656,-0.31,0.0,5.58,0,0.0075434134,Low Risk,Active Regular Customers,No immediate action
2635.15,24,1602.0,0.0,0.6451612903225806,1.31,0.0,6.67,0,0.0055097127,Low Risk,Active Regular Customers,No immediate action
3644.83,44,3034.625,1.0,0.16326530612244888,0.75,0.0,38.0,0,0.019129924,Low Risk,Active Regular Customers,No immediate action
5595.97,39,2698.25,1.0,-0.5,-0.74,-0.98,8.25,0,0.0060107736,Low Risk,Active Regular Customers,No immediate action
21561.71,41,2961.375,3.0,-0.02040816326530613,-0.08,-0.97,96.92,0,0.03682911,Low Risk,Active Regular Customers,No immediate action
6897.51,50,3741.375,1.0,0.2692307692307692,0.14,-0.98,25.67,0,0.011955667,Low Risk,Active Regular Customers,No immediate action
20294.39,8,377.4166666666667,20.0,-0.30769230769230765,-1.0,0.0,6.0,1,0.9612548,High Risk,Dormant Customers,30% bonus miles + reactivation email
6047.03,33,1881.5416666666667,1.0,-0.023255813953488382,0.34,0.8,7.58,0,0.00908423,Low Risk,Active Regular Customers,No immediate action
10719.08,26,1344.375,0.0,-0.25000000000000006,-0.21,0.28,12.33,0,0.0032779826,Low Risk,Active Regular Customers,No immediate action
8139.53,24,1583.8333333333333,4.0,0.6451612903225806,1.57,-0.97,76.67,0,0.3676597,Low Risk,Active Regular Customers,No immediate action
22103.51,4,206.5,0.0,0.6666666666666666,826.0,0.0,4.0,0,0.0019951968,Low Risk,Occasional Flyers,No immediate action
7920.28,43,2988.8333333333335,1.0,0.2765957446808511,0.96,-0.98,20.25,0,0.009459491,Low Risk,Active Regular Customers,No immediate action
9971.02,48,3028.2916666666665,0.0,0.0754716981132075,0.59,3.82,18.67,0,0.0037965975,Low Risk,Active Regular Customers,No immediate action
10552.43,47,2810.0416666666665,0.0,0.4375,0.78,111.33,50.92,0,0.0049663507,Low Risk,Active Regular Customers,No immediate action
4315.79,33,2014.1666666666667,0.0,0.6216216216216217,1.1,2.46,30.25,0,0.0014974645,Low Risk,Active Regular Customers,No immediate action
4757.24,45,2553.8333333333335,1.0,0.13999999999999999,0.48,2.63,32.92,0,0.020826513,Low Risk,Active Regular Customers,No immediate action
8229.24,30,2268.375,0.0,0.04999999999999992,-0.04,0.52,61.67,0,0.0034365603,Low Risk,Active Regular Customers,No immediate action
18939.51,32,1779.8333333333333,0.0,-0.09302325581395345,-0.28,0.41,12.67,0,0.0027591032,Low Risk,Active Regular Customers,No immediate action
2452.36,18,553.2291666666666,0.0,1.2500000000000002,7.36,-0.02,5.67,0,0.0049967696,Low Risk,Occasional Flyers,No immediate action
3199.7,28,2073.4583333333335,0.0,1.7777777777777777,6.24,0.0,18.0,0,0.005573748,Low Risk,Active Regular Customers,No immediate action
4655.61,54,3431.5,0.0,-0.2857142857142857,-0.38,-0.98,8.33,0,0.0022502858,Low Risk,Active Regular Customers,No immediate action
5989.77,38,2852.4166666666665,0.0,-0.04255319148936172,-0.21,-0.95,1.67,0,0.0027749673,Low Risk,Active Regular Customers,No immediate action
2616.61,0,0.0,0.0,0.0,0.0,0.0,0.0,0,0.7336417,Medium Risk,Occasional Flyers,Double miles campaign
2159.25,46,2799.0416666666665,0.0,-0.37931034482758624,-0.45,-0.99,20.33,0,0.0010981007,Low Risk,Active Regular Customers,No immediate action
7255.58,43,2707.0833333333335,0.0,-0.1346153846153846,-0.51,1.5,16.92,0,0.0034135315,Low Risk,Active Regular Customers,No immediate action
5112.57,34,2617.4583333333335,3.0,-0.52,-0.87,0.0,23.0,0,0.040771514,Low Risk,Active Regular Customers,No immediate action
12265.6,31,1706.0,1.0,-0.07142857142857137,-0.45,-0.98,14.92,0,0.008268403,Low Risk,Active Regular Customers,No immediate action
32306.29,24,1274.5416666666667,1.0,-0.10810810810810811,-0.54,0.0,13.33,0,0.006890734,Low Risk,Active Regular Customers,No immediate action
3857.95,38,2509.0416666666665,0.0,0.6499999999999999,0.63,-0.98,52.33,0,0.0020161269,Low Risk,Active Regular Customers,No immediate action
27789.69,41,2373.9583333333335,0.0,0.23913043478260865,0.28,-0.94,34.25,0,0.00092930434,Low Risk,Active Regular Customers,No immediate action
4932.88,3,284.75,1.0,0.5,1139.0,0.0,2.25,0,0.003991491,Low Risk,Occasional Flyers,No immediate action
10392.96,8,757.5416666666666,0.0,1.3333333333333333,3030.17,0.0,6.0,0,0.004705779,Low Risk,Occasional Flyers,No immediate action
9552.93,45,3121.875,1.0,-0.0943396226415094,0.24,-0.99,6.25,0,0.0071702832,Low Risk,Active Regular Customers,No immediate action
6842.58,39,2416.75,0.0,0.2,0.34,2.76,8.92,0,0.0027235835,Low Risk,Active Regular Customers,No immediate action
15672.7,28,1709.5,1.0,-0.10000000000000003,-0.22,-0.96,15.33,0,0.0053498517,Low Risk,Active Regular Customers,No immediate action
9087.59,55,3300.4583333333335,0.0,0.38888888888888884,0.19,0.37,48.25,0,0.0060143927,Low Risk,Active Regular Customers,No immediate action
4398.05,38,2619.0,1.0,0.04347826086956524,0.03,-0.99,25.67,0,0.0033757507,Low Risk,Active Regular Customers,No immediate action
5389.5,40,2496.2083333333335,1.0,0.5714285714285715,0.92,0.0,23.33,0,0.006422264,Low Risk,Active Regular Customers,No immediate action
3808.12,0,0.0,0.0,0.0,0.0,0.0,0.0,0,0.61384726,Medium Risk,Occasional Flyers,Double miles campaign
2761.69,4,261.2083333333333,0.0,0.6666666666666666,1044.83,0.0,2.0,0,0.003401248,Low Risk,Occasional Flyers,No immediate action
7319.58,37,2615.9166666666665,0.0,-0.02173913043478262,-0.24,-0.97,16.25,0,0.0023698672,Low Risk,Active Regular Customers,No immediate action
6582.29,24,1421.75,0.0,0.5000000000000001,1.82,94.83,36.67,0,0.0013071527,Low Risk,Occasional Flyers,No immediate action
8414.94,24,1698.7916666666667,0.0,0.11428571428571434,-0.16,0.0,24.0,0,0.002856868,Low Risk,Active Regular Customers,No immediate action
15865.17,14,1507.1818181818182,0.0,1.4285714285714284,3.96,204.67,13.67,0,0.0053682737,Low Risk,Occasional Flyers,No immediate action
7269.34,33,2084.0833333333335,0.0,-0.11363636363636359,-0.07,-0.98,3.58,0,0.003205773,Low Risk,Active Regular Customers,No immediate action
2730.2,54,3270.0416666666665,0.0,-0.10000000000000003,-0.18,-0.95,20.33,0,0.0021193065,Low Risk,Active Regular Customers,No immediate action
2813.31,28,1748.4583333333333,1.0,0.33333333333333337,0.14,0.0,24.0,0,0.01030331,Low Risk,Active Regular Customers,No immediate action
2557.09,0,0.0,0.0,0.0,0.0,0.0,0.0,0,0.52858394,Medium Risk,Occasional Flyers,Double miles campaign
2899.92,31,2983.909090909091,1.0,0.7142857142857144,0.22,-0.98,53.58,0,0.030030554,Low Risk,Active Regular Customers,No immediate action
13869.93,25,1769.8333333333333,0.0,0.5937499999999999,1.68,0.0,10.92,0,0.0023541835,Low Risk,Active Regular Customers,No immediate action
2570.24,20,1201.625,0.0,3.3333333333333335,4806.5,0.0,16.67,0,0.005217172,Low Risk,Occasional Flyers,No immediate action
4739.86,42,3185.0833333333335,0.0,0.3043478260869566,0.47,-0.97,19.67,0,0.0023227637,Low Risk,Active Regular Customers,No immediate action
4349.31,41,2987.2083333333335,1.0,-0.09999999999999996,0.06,0.34,2.92,0,0.017738834,Low Risk,Active Regular Customers,No immediate action
8788.53,13,836.3333333333334,4.0,0.44000000000000006,0.97,68.0,7.58,1,0.6892881,Medium Risk,Occasional Flyers,Double miles campaign
7334.92,23,1467.5416666666667,2.0,-0.38461538461538464,-0.87,0.0,14.25,0,0.018194802,Low Risk,Active Regular Customers,No immediate action
4436.81,45,7539.636363636364,2.0,0.6,0.55,2.28,96.92,0,0.11693612,Low Risk,Active Regular Customers,No immediate action
25807.06,12,1063.2916666666667,6.0,-0.4,-1.0,0.0,12.67,1,0.87317157,High Risk,Occasional Flyers,Weekend fare promotion
2846.25,10,646.4583333333334,1.0,0.08,-0.23,0.0,3.0,0,0.045797493,Low Risk,Occasional Flyers,No immediate action
5282.54,0,0.0,0.0,0.0,0.0,0.0,0.0,1,0.61171925,Medium Risk,Occasional Flyers,Double miles campaign
8004.21,54,3428.4166666666665,0.0,-0.033898305084745776,-0.29,-0.99,36.33,0,0.0015046033,Low Risk,Active Regular Customers,No immediate action
4770.98,15,889.5,6.0,-0.45454545454545453,-1.0,-0.97,8.25,1,0.698512,Medium Risk,Occasional Flyers,Double miles campaign
7524.74,39,2981.4583333333335,0.0,0.02127659574468086,0.25,0.0,20.92,0,0.0035777586,Low Risk,Active Regular Customers,No immediate action
7737.27,29,2101.375,1.0,0.18421052631578944,0.43,-0.99,8.92,0,0.005819656,Low Risk,Active Regular Customers,No immediate action
4514.25,29,1939.25,0.0,0.29729729729729737,1.35,3.16,10.92,0,0.0017032364,Low Risk,Active Regular Customers,No immediate action
4974.8,31,2299.5833333333335,0.0,0.23076923076923073,0.57,-0.98,8.25,0,0.0017876405,Low Risk,Active Regular Customers,No immediate action
8502.24,48,6954.0,1.0,1.6842105263157896,3.25,111.5,74.67,0,0.11197861,Low Risk,Champions / Premium Travelers,Exclusive loyalty rewards
8317.3,38,2781.375,1.0,-0.04255319148936172,0.2,-0.99,89.67,0,0.005680488,Low Risk,Active Regular Customers,No immediate action
2616.61,37,5846.818181818182,3.0,2.777777777777778,12.98,0.0,67.58,0,0.30755082,Low Risk,Champions / Premium Travelers,Exclusive loyalty rewards
4853.1,39,2248.125,2.0,0.2,0.23,-0.96,16.92,0,0.017796045,Low Risk,Active Regular Customers,No immediate action
9671.98,48,2925.875,4.0,-0.2758620689655173,-0.73,240.5,44.67,0,0.11212657,Low Risk,Active Regular Customers,No immediate action
8332.73,38,2043.7083333333333,0.0,0.4285714285714287,1.84,-0.97,41.0,0,0.0012825674,Low Risk,Active Regular Customers,No immediate action
2530.64,39,2251.375,2.0,-0.21999999999999995,-0.06,-0.98,64.92,0,0.00850895,Low Risk,Active Regular Customers,No immediate action
2772.44,32,1789.8333333333333,0.0,0.19999999999999998,0.03,1.94,18.67,0,0.00092172204,Low Risk,Active Regular Customers,No immediate action
15114.4,44,2562.4166666666665,0.0,0.08000000000000004,-0.02,-0.98,14.0,0,0.0015351702,Low Risk,Active Regular Customers,No immediate action
14435.67,35,2164.4583333333335,2.0,-0.3877551020408164,-0.67,-0.99,6.25,0,0.012201953,Low Risk,Active Regular Customers,No immediate action
2376.53,52,3294.875,0.0,0.07142857142857145,0.67,1.47,46.67,0,0.0029544537,Low Risk,Active Regular Customers,No immediate action
9035.67,32,2381.0,2.0,0.5405405405405405,0.8,-0.98,8.0,0,0.017076744,Low Risk,Active Regular Customers,No immediate action
8186.31,42,2941.4583333333335,2.0,-0.3333333333333333,-0.62,0.0,35.0,0,0.050131373,Low Risk,Active Regular Customers,No immediate action
7572.24,0,0.0,0.0,0.0,0.0,0.0,0.0,1,0.5989688,Medium Risk,Occasional Flyers,Double miles campaign
4655.61,55,3426.5833333333335,1.0,0.0862068965517241,0.21,-0.99,24.25,0,0.006217485,Low Risk,Active Regular Customers,No immediate action
4681.53,29,1638.375,0.0,0.5428571428571429,1.44,-0.98,4.92,0,0.0019164564,Low Risk,Active Regular Customers,No immediate action
4150.84,28,1841.0416666666667,1.0,0.0,-0.35,-0.96,48.67,0,0.011383759,Low Risk,Active Regular Customers,No immediate action
3286.17,37,2513.5416666666665,0.0,-0.02173913043478262,-0.5,2.76,10.25,0,0.002025026,Low Risk,Active Regular Customers,No immediate action
9971.02,38,2206.8333333333335,0.0,0.1333333333333333,0.38,-0.97,13.67,0,0.0016769327,Low Risk,Active Regular Customers,No immediate action
11014.16,28,1730.9583333333333,2.0,-0.37209302325581395,-0.64,-0.99,16.67,0,0.012617754,Low Risk,Active Regular Customers,No immediate action
4419.54,0,0.0,0.0,0.0,0.0,0.0,0.0,0,0.61384726,Medium Risk,Occasional Flyers,Double miles campaign
4770.55,32,2259.6666666666665,0.0,-0.09302325581395345,-0.29,-0.97,10.67,0,0.0020034504,Low Risk,Active Regular Customers,No immediate action
2780.85,37,1952.5,2.0,-0.4807692307692308,-0.64,-0.97,20.92,0,0.016540498,Low Risk,Active Regular Customers,No immediate action
4582.16,41,2658.0833333333335,0.0,0.06249999999999994,0.1,3.46,40.92,0,0.0015151572,Low Risk,Active Regular Customers,No immediate action
4772.94,44,2747.1666666666665,0.0,0.3404255319148936,0.13,103.17,22.0,0,0.0048159193,Low Risk,Active Regular Customers,No immediate action
2569.69,33,2304.625,2.0,-0.023255813953488382,-0.46,-0.98,30.92,0,0.024653811,Low Risk,Active Regular Customers,No immediate action
5431.37,46,2769.9166666666665,0.0,-0.18181818181818177,-0.52,0.6,20.33,0,0.0018527649,Low Risk,Active Regular Customers,No immediate action
2357.5,4,361.5833333333333,5.0,0.19999999999999998,1.45,0.0,4.0,0,0.2905171,Low Risk,Occasional Flyers,No immediate action
9800.34,27,1472.6666666666667,0.0,0.1351351351351351,-0.15,104.83,12.92,0,0.0024576238,Low Risk,Active Regular Customers,No immediate action
8181.72,22,1462.4583333333333,5.0,0.05882352941176473,0.4,-0.98,40.33,0,0.15443861,Low Risk,Active Regular Customers,No immediate action
4940.51,42,2794.4583333333335,0.0,0.04081632653061218,0.29,-0.97,19.67,0,0.002339882,Low Risk,Active Regular Customers,No immediate action
7607.98,41,6041.909090909091,0.0,2.5,6.89,86.67,2.92,0,0.07358185,Low Risk,Active Regular Customers,No immediate action
9035.67,34,1731.75,0.0,0.14285714285714293,0.41,-0.98,93.67,0,0.0038048015,Low Risk,Active Regular Customers,No immediate action
6172.39,64,1934.6458333333333,0.0,-0.22857142857142856,-0.35,1.65,22.0,0,0.0014186186,Low Risk,Active Regular Customers,No immediate action
8870.67,29,2099.5416666666665,0.0,0.5428571428571429,0.68,0.0,10.25,0,0.0024066623,Low Risk,Active Regular Customers,No immediate action
5989.77,0,0.0,0.0,0.0,0.0,0.0,0.0,1,0.61241716,Medium Risk,Occasional Flyers,Double miles campaign
4873.44,49,3165.5,0.0,0.13207547169811326,-0.13,-0.97,35.58,0,0.003381912,Low Risk,Active Regular Customers,No immediate action
5872.96,20,1374.125,0.0,2.285714285714286,11.81,157.17,31.33,0,0.0057377904,Low Risk,Occasional Flyers,No immediate action
3776.32,46,2750.1666666666665,0.0,-0.18181818181818177,-0.29,4.59,17.0,0,0.0016547872,Low Risk,Active Regular Customers,No immediate action
35227.3,51,3597.2916666666665,0.0,0.09090909090909102,0.22,-0.95,5.58,0,0.0034219688,Low Risk,Active Regular Customers,No immediate action
6005.85,20,1163.7916666666667,16.0,-0.5263157894736842,-1.0,0.0,22.0,1,0.94130206,High Risk,Dormant Customers,30% bonus miles + reactivation email
8355.51,50,2776.625,1.0,-0.035714285714285726,-0.18,2.76,17.67,0,0.010517676,Low Risk,Active Regular Customers,No immediate action
3873.65,45,2890.7916666666665,0.0,0.4042553191489361,0.53,0.84,62.25,0,0.0070267213,Low Risk,Active Regular Customers,No immediate action
4650.06,21,1214.5416666666667,0.0,0.6551724137931034,0.43,0.0,26.25,0,0.0041725026,Low Risk,Occasional Flyers,No immediate action
9618.31,40,2921.9166666666665,2.0,0.4651162790697675,1.56,1.68,23.33,0,0.03365092,Low Risk,Active Regular Customers,No immediate action
7143.04,25,1658.0,0.0,0.3235294117647059,0.02,0.0,3.58,0,0.0034730993,Low Risk,Active Regular Customers,No immediate action
15739.92,45,2793.9583333333335,0.0,-0.01923076923076924,0.27,0.35,47.58,0,0.005344257,Low Risk,Active Regular Customers,No immediate action
3857.77,30,1754.875,1.0,0.6285714285714286,1.14,0.0,4.33,0,0.009602684,Low Risk,Active Regular Customers,No immediate action
2450.19,0,0.0,0.0,0.0,0.0,0.0,0.0,0,0.5885664,Medium Risk,Occasional Flyers,Double miles campaign
2514.28,37,2491.0416666666665,0.0,-0.1063829787234043,-0.05,59.67,14.25,0,0.00044571524,Low Risk,Active Regular Customers,No immediate action
7840.17,47,3212.4166666666665,1.0,-0.2631578947368421,-0.0,2.2,50.92,0,0.017431594,Low Risk,Active Regular Customers,No immediate action
4458.11,29,1914.125,1.0,-0.02500000000000001,-0.39,3.35,10.92,0,0.005456135,Low Risk,Active Regular Customers,No immediate action
13752.47,0,0.0,0.0,0.0,0.0,0.0,0.0,1,0.6186679,Medium Risk,Occasional Flyers,Double miles campaign
4067.0,0,0.0,0.0,0.0,0.0,0.0,0.0,0,0.61384726,Medium Risk,Occasional Flyers,Double miles campaign
2514.59,30,1646.625,6.0,-0.625,-1.0,-0.96,13.67,1,0.096932225,Low Risk,Active Regular Customers,No immediate action
5734.6,40,2749.9583333333335,2.0,0.0,-0.14,-0.99,18.0,0,0.015481175,Low Risk,Active Regular Customers,No immediate action
2727.68,26,1705.9583333333333,1.0,0.054054054054054085,0.14,0.0,0.33,0,0.015938647,Low Risk,Active Regular Customers,No immediate action
16007.95,38,2096.125,0.0,0.22727272727272727,-0.05,0.0,9.67,0,0.0024393583,Low Risk,Active Regular Customers,No immediate action
2141.98,12,791.2083333333334,3.0,0.0,0.11,0.0,8.67,0,0.4164072,Medium Risk,Occasional Flyers,Double miles campaign
8927.13,27,1674.875,0.0,0.5,0.93,-0.96,15.58,0,0.0018182339,Low Risk,Active Regular Customers,No immediate action
43019.01,0,0.0,0.0,0.0,0.0,0.0,0.0,1,0.47304964,Medium Risk,Occasional Flyers,Double miles campaign
2430.51,25,1422.0416666666667,0.0,0.45454545454545453,1.55,-0.95,4.25,0,0.0025603934,Low Risk,Active Regular Customers,No immediate action
2683.49,26,1552.5,2.0,-0.4285714285714286,-0.87,-0.95,3.0,1,0.007753651,Low Risk,Active Regular Customers,No immediate action
4899.23,47,3617.7916666666665,0.0,0.4375,0.46,-0.36,2.25,0,0.0037599497,Low Risk,Active Regular Customers,No immediate action
2573.72,47,2567.5833333333335,0.0,-0.1272727272727272,-0.09,0.0,16.25,0,0.0010788965,Low Risk,Active Regular Customers,No immediate action
10209.02,30,2069.0416666666665,0.0,0.7647058823529413,1.91,-0.99,16.33,0,0.0009987829,Low Risk,Active Regular Customers,No immediate action
4876.47,48,3044.875,1.0,0.0,0.21,0.01,8.0,0,0.0134390425,Low Risk,Active Regular Customers,No immediate action
2353.18,35,2538.375,0.0,-0.15217391304347824,-0.33,0.0,4.92,0,0.001877059,Low Risk,Active Regular Customers,No immediate action
9320.09,45,2984.9166666666665,0.0,-0.16666666666666666,-0.35,-0.98,4.25,0,0.004472306,Low Risk,Active Regular Customers,No immediate action
6282.08,35,2020.0833333333333,0.0,-0.0666666666666667,-0.25,0.12,30.25,0,0.0019786498,Low Risk,Active Regular Customers,No immediate action
5515.41,56,3381.0,0.0,0.06779661016949155,0.05,-0.3,18.0,0,0.00202363,Low Risk,Active Regular Customers,No immediate action
24249.34,40,2559.6666666666665,0.0,0.0,-0.21,287.0,6.0,0,0.0017530926,Low Risk,Active Regular Customers,No immediate action
5111.36,44,2741.1666666666665,0.0,0.08000000000000004,0.41,-0.61,4.67,0,0.0047412156,Low Risk,Active Regular Customers,No immediate action
8208.93,40,2636.125,1.0,-0.08163265306122452,-0.28,-0.97,35.33,0,0.00597557,Low Risk,Active Regular Customers,No immediate action
8164.31,48,3007.2916666666665,0.0,0.0754716981132075,-0.19,-0.98,29.33,0,0.0025244192,Low Risk,Active Regular Customers,No immediate action
7469.56,49,3210.0,0.0,0.4693877551020408,1.26,0.0,14.25,0,0.0034474486,Low Risk,Active Regular Customers,No immediate action
9805.83,0,0.0,0.0,0.0,0.0,0.0,0.0,1,0.6085993,Medium Risk,Occasional Flyers,Double miles campaign
3746.75,0,0.0,0.0,0.0,0.0,0.0,0.0,1,0.61384726,Medium Risk,Occasional Flyers,Double miles campaign
4408.07,0,0.0,0.0,0.0,0.0,0.0,0.0,1,0.61384726,Medium Risk,Occasional Flyers,Double miles campaign
16979.8,32,1601.7916666666667,2.0,-0.3478260869565218,-0.5,0.0,6.67,0,0.014446407,Low Risk,Active Regular Customers,No immediate action
4022.96,30,1911.5,6.0,-0.625,-1.0,-0.99,5.67,0,0.45538056,Medium Risk,Active Regular Customers,Double miles campaign
4988.58,36,2034.9166666666667,1.0,0.2857142857142858,1.17,-0.97,12.67,0,0.0050897226,Low Risk,Active Regular Customers,No immediate action
7320.99,17,907.25,2.0,0.24137931034482754,-0.31,-0.98,11.58,0,0.054389272,Low Risk,Occasional Flyers,No immediate action
5686.92,38,2811.5833333333335,2.0,-0.27999999999999997,-0.34,-0.99,17.67,0,0.01693012,Low Risk,Active Regular Customers,No immediate action
8370.4,0,0.0,0.0,0.0,0.0,0.0,0.0,1,0.5989688,Medium Risk,Occasional Flyers,Double miles campaign
5021.15,0,0.0,0.0,0.0,0.0,0.0,0.0,0,0.61171925,Medium Risk,Occasional Flyers,Double miles campaign
5704.68,65,12544.181818181818,0.0,10.052631578947368,221.24,79.67,213.58,0,0.014294412,Low Risk,Champions / Premium Travelers,Exclusive loyalty rewards
15167.04,22,1491.2083333333333,0.0,1.307692307692308,4.06,-0.98,19.67,0,0.003806714,Low Risk,Occasional Flyers,No immediate action
2563.39,46,3167.2083333333335,0.0,0.28571428571428564,0.67,1.02,56.33,0,0.0037795801,Low Risk,Active Regular Customers,No immediate action
6874.85,0,0.0,0.0,0.0,0.0,0.0,0.0,0,0.6793221,Medium Risk,Occasional Flyers,Double miles campaign
4563.87,34,2198.5416666666665,0.0,0.9714285714285715,2.87,0.85,19.67,0,0.0046677403,Low Risk,Active Regular Customers,No immediate action
3834.74,24,1520.5833333333333,0.0,0.5000000000000001,0.51,0.0,13.33,0,0.0026506758,Low Risk,Active Regular Customers,No immediate action
4633.45,51,2810.0,1.0,0.24528301886792447,0.46,-0.97,30.92,0,0.014332125,Low Risk,Active Regular Customers,No immediate action
8207.86,42,3415.3333333333335,0.0,-0.1176470588235294,-0.27,-0.98,13.67,0,0.0023836894,Low Risk,Active Regular Customers,No immediate action
4745.68,33,2260.9166666666665,0.0,-0.11363636363636359,-0.15,1.22,16.25,0,0.0016121086,Low Risk,Active Regular Customers,No immediate action
4318.09,48,2990.0,0.0,0.23529411764705888,0.22,-0.21,24.67,0,0.0022919725,Low Risk,Active Regular Customers,No immediate action
7304.16,5,110.27083333333333,0.0,0.8333333333333334,882.17,86.5,3.58,0,0.0034238978,Low Risk,Occasional Flyers,No immediate action
7231.0,28,3104.181818181818,3.0,0.8750000000000002,1.9,0.0,49.33,0,0.16094567,Low Risk,Active Regular Customers,No immediate action
7019.18,27,1338.5,3.0,0.026315789473684223,-0.08,-0.95,28.92,0,0.05033697,Low Risk,Active Regular Customers,No immediate action
2357.5,35,1942.5416666666667,1.0,-0.0666666666666667,-0.12,-0.99,14.92,0,0.0026586547,Low Risk,Active Regular Customers,No immediate action
14558.42,12,770.9166666666666,10.0,-0.4,-1.0,-0.96,12.0,1,0.97164613,High Risk,Dormant Customers,30% bonus miles + reactivation email
3123.08,34,2218.2916666666665,0.0,0.8333333333333333,1.72,5.4,8.33,0,0.002220768,Low Risk,Active Regular Customers,No immediate action
19837.31,0,0.0,0.0,0.0,0.0,0.0,0.0,1,0.493066,Medium Risk,Occasional Flyers,Double miles campaign
2744.08,39,2113.5,0.0,-0.21999999999999995,-0.53,99.67,47.58,0,0.002691983,Low Risk,Active Regular Customers,No immediate action
2619.34,24,1791.7083333333333,0.0,0.5000000000000001,1.13,4.46,12.67,0,0.0033461,Low Risk,Active Regular Customers,No immediate action
14635.45,34,2226.8333333333335,0.0,0.24390243902439027,0.29,-0.98,6.33,0,0.0018976488,Low Risk,Active Regular Customers,No immediate action
2359.42,5,239.16666666666666,0.0,0.8333333333333334,956.67,0.0,3.58,0,0.0017853011,Low Risk,Occasional Flyers,No immediate action
2824.68,0,0.0,0.0,0.0,0.0,0.0,0.0,1,0.58610946,Medium Risk,Occasional Flyers,Double miles campaign
7779.59,23,1819.875,0.0,1.64,5.57,166.0,23.58,0,0.0063642007,Low Risk,Occasional Flyers,No immediate action
6872.04,36,2040.7083333333333,0.0,-0.1702127659574468,-0.45,-0.98,18.67,0,0.0028407625,Low Risk,Active Regular Customers,No immediate action
4228.73,51,5550.181818181818,0.0,2.25,2.39,-0.97,107.58,0,0.036722444,Low Risk,Champions / Premium Travelers,Exclusive loyalty rewards
5225.03,38,2567.7916666666665,3.0,0.1333333333333333,0.3,-0.99,69.67,1,0.06333547,Low Risk,Active Regular Customers,No immediate action
5317.81,31,1861.2916666666667,0.0,0.3421052631578947,0.42,0.07,48.92,0,0.0033881743,Low Risk,Active Regular Customers,No immediate action
5318.9,29,1753.7916666666667,0.0,0.18421052631578944,1.59,124.67,11.58,0,0.0010499556,Low Risk,Active Regular Customers,No immediate action
2773.46,75,9142.0,0.0,3.4250000000000003,9.39,-0.97,626.25,0,0.020355362,Low Risk,Champions / Premium Travelers,Exclusive loyalty rewards
5373.72,0,0.0,0.0,0.0,0.0,0.0,0.0,1,0.61171925,Medium Risk,Occasional Flyers,Double miles campaign
2435.25,12,582.625,2.0,-0.14285714285714288,-0.35,0.33,4.67,0,0.088623114,Low Risk,Occasional Flyers,No immediate action
2759.98,38,2443.9166666666665,1.0,0.22727272727272727,0.35,-0.97,6.33,0,0.007162517,Low Risk,Active Regular Customers,No immediate action
7247.74,0,0.0,0.0,0.0,0.0,0.0,0.0,1,0.6736356,Medium Risk,Occasional Flyers,Double miles campaign
2580.85,47,3358.0,0.0,0.34693877551020397,0.57,-0.98,16.92,0,0.003212066,Low Risk,Active Regular Customers,No immediate action
2531.59,0,0.0,0.0,0.0,0.0,0.0,0.0,0,0.5360927,Medium Risk,Occasional Flyers,Double miles campaign
4558.5,43,2312.875,0.0,0.02000000000000001,0.41,-0.99,7.58,0,0.0013002352,Low Risk,Active Regular Customers,No immediate action
5639.94,0,0.0,0.0,0.0,0.0,0.0,0.0,1,0.5984891,Medium Risk,Occasional Flyers,Double miles campaign
3187.35,33,2263.5,0.0,-0.2,-0.19,-0.98,34.25,0,0.0025878968,Low Risk,Active Regular Customers,No immediate action
4740.2,22,1302.1666666666667,13.0,-0.55,-1.0,-0.98,25.67,1,0.9358268,High Risk,Dormant Customers,30% bonus miles + reactivation email
3450.33,40,2429.4166666666665,2.0,-0.2352941176470588,-0.4,1.82,62.0,0,0.009603768,Low Risk,Active Regular Customers,No immediate action
36632.53,0,0.0,0.0,0.0,0.0,0.0,0.0,1,0.45386422,Medium Risk,Occasional Flyers,Double miles campaign
16589.71,40,2711.1666666666665,0.0,-0.30769230769230765,-0.33,88.33,13.33,0,0.0013911738,Low Risk,Active Regular Customers,No immediate action
8065.23,25,1586.9166666666667,0.0,0.7419354838709676,0.57,-0.96,18.92,0,0.0018600357,Low Risk,Active Regular Customers,No immediate action
3238.0,42,2581.0,0.0,0.12499999999999996,0.06,197.0,12.33,0,0.0015036651,Low Risk,Active Regular Customers,No immediate action
6770.31,0,0.0,0.0,0.0,0.0,0.0,0.0,1,0.5884156,Medium Risk,Occasional Flyers,Double miles campaign
2568.84,21,1013.0833333333334,12.0,-0.5384615384615384,-1.0,0.0,15.58,1,0.9283841,High Risk,Dormant Customers,30% bonus miles + reactivation email
4729.59,7,375.1666666666667,0.0,1.1666666666666667,1500.67,0.0,4.92,0,0.0023241828,Low Risk,Occasional Flyers,No immediate action
43290.5,40,2551.75,2.0,-0.08163265306122452,-0.33,0.04,36.67,0,0.015528894,Low Risk,Active Regular Customers,No immediate action
4984.62,6,426.3333333333333,17.0,-0.25,-1.0,0.0,5.67,1,0.90924394,High Risk,Dormant Customers,30% bonus miles + reactivation email
5531.72,10,493.0833333333333,0.0,0.8571428571428571,7.12,0.0,7.0,0,0.0042626527,Low Risk,Occasional Flyers,No immediate action
12285.05,36,2233.4166666666665,0.0,0.3902439024390244,0.74,3.2,10.0,0,0.0017426519,Low Risk,Active Regular Customers,No immediate action
7482.49,40,2648.75,0.0,-0.30769230769230765,-0.49,-0.98,6.67,0,0.002291169,Low Risk,Active Regular Customers,No immediate action
7981.44,41,2453.4583333333335,2.0,-0.09999999999999996,-0.57,-0.97,24.25,0,0.015686832,Low Risk,Active Regular Customers,No immediate action
14718.12,45,2682.5833333333335,0.0,-0.01923076923076924,0.25,2.84,34.92,0,0.0022266929,Low Risk,Active Regular Customers,No immediate action
5706.96,4,314.8333333333333,1.0,0.6666666666666666,1259.33,0.0,4.0,0,0.0030151012,Low Risk,Occasional Flyers,No immediate action
6869.19,8,571.1666666666666,0.0,1.3333333333333333,2284.67,0.0,2.67,0,0.008862354,Low Risk,Occasional Flyers,No immediate action
4766.65,1,56.958333333333336,23.0,-0.05263157894736842,-0.99,0.0,0.25,1,0.9119536,High Risk,Dormant Customers,30% bonus miles + reactivation email
6758.81,7,594.5833333333334,21.0,-0.28,-1.0,0.0,5.58,1,0.86541486,High Risk,Dormant Customers,30% bonus miles + reactivation email
7627.31,45,2865.0416666666665,0.0,-0.16666666666666666,-0.07,-0.32,13.58,0,0.0023356758,Low Risk,Active Regular Customers,No immediate action
28421.57,0,0.0,0.0,0.0,0.0,0.0,0.0,0,0.7645511,Medium Risk,Occasional Flyers,Double miles campaign
7891.58,46,2444.5833333333335,0.0,0.1176470588235294,-0.16,3.6,5.67,0,0.0045901933,Low Risk,Active Regular Customers,No immediate action
3312.32,50,2967.7083333333335,0.0,0.18867924528301885,-0.2,0.33,7.0,0,0.0059731486,Low Risk,Active Regular Customers,No immediate action
2202.34,53,3387.9583333333335,0.0,0.3584905660377358,0.36,2.38,22.92,0,0.0004572418,Low Risk,Active Regular Customers,No immediate action
3588.88,44,2671.1666666666665,0.0,0.08000000000000004,0.24,2.36,22.67,0,0.0011771421,Low Risk,Active Regular Customers,No immediate action
26197.41,38,2281.9166666666665,0.0,-0.35294117647058826,-0.76,-0.98,29.67,0,0.0018325269,Low Risk,Active Regular Customers,No immediate action
7519.13,34,1533.3333333333333,2.0,-0.52,-0.76,-0.97,4.33,0,0.017400717,Low Risk,Active Regular Customers,No immediate action
6005.85,55,3694.25,0.0,0.3090909090909092,0.36,5.05,83.58,0,0.003561045,Low Risk,Active Regular Customers,No immediate action
8013.61,46,3265.2083333333335,0.0,-0.11111111111111109,-0.13,78.17,3.0,0,0.005096773,Low Risk,Active Regular Customers,No immediate action
2551.31,17,1067.7916666666667,0.0,0.9200000000000002,2.44,105.33,20.92,0,0.0020325156,Low Risk,Occasional Flyers,No immediate action
4893.29,26,1651.0833333333333,0.0,0.054054054054054085,-0.16,-0.98,27.0,0,0.0019868154,Low Risk,Active Regular Customers,No immediate action
8954.43,43,2736.3333333333335,2.0,0.02000000000000001,-0.14,-0.96,44.92,0,0.029731428,Low Risk,Active Regular Customers,No immediate action
12875.6,29,1907.125,1.0,-0.12195121951219508,0.0,1.87,16.25,0,0.0035763972,Low Risk,Active Regular Customers,No immediate action
3910.7,21,1577.0,0.0,3.5,6308.0,0.0,14.92,0,0.016945817,Low Risk,Occasional Flyers,No immediate action
12280.77,2,144.0,0.0,0.3333333333333333,576.0,0.0,1.0,0,0.002230701,Low Risk,Occasional Flyers,No immediate action
2615.3,32,1925.25,1.0,-0.3478260869565218,-0.59,-0.97,30.0,0,0.014053231,Low Risk,Active Regular Customers,No immediate action
8432.52,35,2278.25,0.0,0.3170731707317074,0.56,-0.35,46.25,0,0.0013981529,Low Risk,Active Regular Customers,No immediate action
3906.67,47,4533.545454545455,0.0,1.9166666666666665,0.54,0.0,264.25,0,0.05946389,Low Risk,Champions / Premium Travelers,Exclusive loyalty rewards
27666.3,36,2576.625,0.0,0.5,1.02,155.17,11.33,0,0.0011749117,Low Risk,Active Regular Customers,No immediate action
9635.58,34,1083.5625,2.0,0.8333333333333333,2.28,1.61,7.0,0,0.0146338325,Low Risk,Active Regular Customers,No immediate action
2886.45,16,1206.375,0.0,2.6666666666666665,4825.5,65.33,7.33,0,0.0060903416,Low Risk,Occasional Flyers,No immediate action
7630.35,25,1534.5,0.0,0.3235294117647059,0.29,0.47,8.25,0,0.0022234917,Low Risk,Active Regular Customers,No immediate action
15477.28,26,1381.5416666666667,3.0,0.28571428571428575,0.53,-0.97,9.67,0,0.047711644,Low Risk,Active Regular Customers,No immediate action
2424.42,34,2032.5,1.0,-0.04545454545454547,-0.57,-0.99,3.67,0,0.008651459,Low Risk,Active Regular Customers,No immediate action
9007.43,54,3474.5416666666665,0.0,-0.10000000000000003,0.03,0.67,36.33,0,0.0019844228,Low Risk,Active Regular Customers,No immediate action
2647.52,17,1404.4166666666667,0.0,2.8333333333333335,5617.67,0.0,14.25,0,0.013418094,Low Risk,Occasional Flyers,No immediate action
4715.47,42,2472.75,0.0,-0.03999999999999994,-0.13,0.0,5.67,0,0.004751507,Low Risk,Active Regular Customers,No immediate action
25807.06,43,2235.75,0.0,0.7857142857142858,2.33,-0.97,16.92,0,0.0016126245,Low Risk,Active Regular Customers,No immediate action
4965.49,32,2207.4166666666665,2.0,-0.5,-0.89,2.28,19.33,0,0.004901941,Low Risk,Active Regular Customers,No immediate action
5061.18,49,3053.6666666666665,0.0,-0.35000000000000003,-0.55,-0.99,2.92,0,0.0040743635,Low Risk,Active Regular Customers,No immediate action
14024.36,15,956.6666666666666,0.0,-0.22580645161290322,-0.52,-0.96,18.92,0,0.04089853,Low Risk,Occasional Flyers,No immediate action
7855.32,41,2577.9583333333335,0.0,-0.02040816326530613,-0.25,-0.96,57.58,0,0.003402564,Low Risk,Active Regular Customers,No immediate action
5886.62,28,1919.0,2.0,-0.10000000000000003,-0.16,-0.99,15.33,0,0.009961053,Low Risk,Active Regular Customers,No immediate action
2919.71,39,2243.7083333333335,4.0,-0.21999999999999995,-0.5,-0.98,14.25,1,0.090635315,Low Risk,Active Regular Customers,No immediate action
4254.62,39,2536.25,0.0,0.2,0.23,1.48,54.92,0,0.005252061,Low Risk,Active Regular Customers,No immediate action
13306.18,19,1289.4583333333333,4.0,0.16129032258064516,0.32,0.0,26.25,1,0.6503188,Medium Risk,Active Regular Customers,Double miles campaign
4068.09,33,2131.0833333333335,0.0,-0.28260869565217395,-0.48,112.67,32.25,0,0.0013227572,Low Risk,Active Regular Customers,No immediate action
25807.06,21,1095.0,1.0,0.8214285714285714,3.32,235.5,5.58,0,0.0066844746,Low Risk,Occasional Flyers,No immediate action
7269.34,6,373.5833333333333,9.0,-0.25,-1.0,0.0,5.67,1,0.9768555,High Risk,Dormant Customers,30% bonus miles + reactivation email
2439.93,0,0.0,0.0,0.0,0.0,85.17,0.0,0,0.09812942,Low Risk,Occasional Flyers,No immediate action
25464.82,58,3630.9583333333335,0.0,-0.09523809523809527,-0.0,-0.3,11.67,0,0.0025995306,Low Risk,Active Regular Customers,No immediate action
29049.71,25,1158.0,0.0,0.19999999999999998,0.5,-0.99,10.25,0,0.0016760229,Low Risk,Active Regular Customers,No immediate action
3669.83,36,2524.375,4.0,-0.08695652173913047,0.28,-0.96,2.0,0,0.1166916,Low Risk,Active Regular Customers,No immediate action
5505.06,51,3760.625,1.0,0.24528301886792447,0.91,-0.98,20.25,0,0.008392838,Low Risk,Active Regular Customers,No immediate action
7736.46,35,2325.0833333333335,0.0,-0.3125,-0.5,0.0,4.92,0,0.0022226507,Low Risk,Active Regular Customers,No immediate action
4048.72,33,2159.6666666666665,1.0,-0.023255813953488382,-0.07,0.41,14.92,0,0.009260437,Low Risk,Active Regular Customers,No immediate action
8427.17,0,0.0,0.0,0.0,0.0,0.0,0.0,0,0.5989688,Medium Risk,Occasional Flyers,Double miles campaign
15118.9,36,2827.7916666666665,2.0,-0.08695652173913047,-0.51,-0.98,0.67,0,0.029190242,Low Risk,Active Regular Customers,No immediate action
4738.99,31,1355.9583333333333,0.0,0.4594594594594595,0.76,0.52,20.25,0,0.0016666346,Low Risk,Active Regular Customers,No immediate action
24127.5,37,2201.0416666666665,1.0,0.2558139534883721,0.28,-0.98,4.92,0,0.008770552,Low Risk,Active Regular Customers,No immediate action
5745.94,40,2138.0416666666665,1.0,-0.16,-0.27,-0.95,19.33,0,0.004667222,Low Risk,Active Regular Customers,No immediate action
4118.59,16,1022.7916666666666,11.0,-0.47058823529411764,-1.0,-0.96,0.67,1,0.9275243,High Risk,Dormant Customers,30% bonus miles + reactivation email
5647.15,41,2614.3333333333335,0.0,-0.09999999999999996,-0.05,0.0,18.92,0,0.0017144962,Low Risk,Active Regular Customers,No immediate action
7573.35,35,2079.7916666666665,2.0,-0.45999999999999996,-0.63,0.55,38.92,0,0.008213593,Low Risk,Active Regular Customers,No immediate action
6371.32,39,2117.5,0.0,0.725,0.94,126.5,14.25,0,0.00113523,Low Risk,Active Regular Customers,No immediate action
7247.71,29,2010.8333333333333,3.0,-0.02500000000000001,0.03,0.58,7.58,0,0.03803936,Low Risk,Active Regular Customers,No immediate action
22445.28,41,2878.4583333333335,0.0,0.23913043478260865,0.87,75.83,40.25,0,0.0013195386,Low Risk,Active Regular Customers,No immediate action
6282.08,37,2127.4166666666665,0.0,0.15909090909090906,0.09,-0.99,2.92,0,0.0012024759,Low Risk,Active Regular Customers,No immediate action
7780.49,42,3118.75,2.0,-0.03999999999999994,0.1,-0.31,19.67,0,0.0393902,Low Risk,Active Regular Customers,No immediate action
9448.83,43,4961.909090909091,1.0,2.4838709677419355,4.26,0.0,106.25,0,0.100089364,Low Risk,Champions / Premium Travelers,Exclusive loyalty rewards
2628.17,44,2633.625,0.0,0.5333333333333334,0.12,7.36,90.67,0,0.0039620725,Low Risk,Active Regular Customers,No immediate action
3847.35,40,5083.636363636364,1.0,0.7999999999999999,1.12,0.0,93.33,0,0.035465397,Low Risk,Active Regular Customers,No immediate action
8870.67,39,2554.2083333333335,2.0,0.2,0.39,-0.96,22.92,0,0.023086086,Low Risk,Active Regular Customers,No immediate action
4250.28,25,1436.4166666666667,3.0,0.19999999999999998,1.0,0.0,6.92,0,0.04171724,Low Risk,Active Regular Customers,No immediate action
5253.49,39,2037.7916666666667,1.0,-0.06250000000000001,0.04,-0.97,23.58,0,0.005312286,Low Risk,Active Regular Customers,No immediate action
14567.27,30,1897.0833333333333,0.0,1.7857142857142856,4.45,0.0,14.33,0,0.0054428177,Low Risk,Active Regular Customers,No immediate action
4212.8,29,1796.5833333333333,4.0,-0.3863636363636363,-0.71,91.17,4.92,0,0.049521994,Low Risk,Active Regular Customers,No immediate action
24868.24,27,1814.1666666666667,0.0,0.25,1.39,0.18,4.25,0,0.0033607667,Low Risk,Active Regular Customers,No immediate action
9709.75,45,2549.6666666666665,0.0,-0.01923076923076924,0.1,-0.98,80.92,0,0.002557964,Low Risk,Active Regular Customers,No immediate action
6608.17,22,669.4791666666666,0.0,3.6666666666666665,5355.83,95.33,38.33,0,0.0073032305,Low Risk,Occasional Flyers,No immediate action
3798.32,35,1905.7083333333333,0.0,0.3170731707317074,0.57,0.0,3.58,0,0.0024581382,Low Risk,Active Regular Customers,No immediate action
4731.37,45,2970.9583333333335,0.0,0.05882352941176474,0.1,-0.99,26.25,0,0.0015753082,Low Risk,Active Regular Customers,No immediate action
15558.44,46,2736.6666666666665,0.0,0.2000000000000001,0.31,-0.98,7.0,0,0.0017089912,Low Risk,Active Regular Customers,No immediate action
8324.23,24,3286.181818181818,0.0,1.142857142857143,2.91,65.0,18.67,0,0.012414579,Low Risk,Active Regular Customers,No immediate action
2810.46,35,1972.4166666666667,0.0,1.2058823529411764,2.61,-0.96,20.92,0,0.005301646,Low Risk,Active Regular Customers,No immediate action
2538.63,3,69.625,0.0,0.5,278.5,0.0,2.25,0,0.0027657263,Low Risk,Occasional Flyers,No immediate action
13223.04,45,3075.0416666666665,1.0,-0.0943396226415094,0.08,0.51,42.92,0,0.014277591,Low Risk,Active Regular Customers,No immediate action
3624.9,42,2597.4583333333335,0.0,-0.03999999999999994,0.05,-0.97,16.33,0,0.0019761946,Low Risk,Active Regular Customers,No immediate action
2481.84,39,2562.0,2.0,-0.3653846153846153,-0.29,-0.98,8.92,0,0.0057292306,Low Risk,Active Regular Customers,No immediate action
5041.3,43,3293.3333333333335,0.0,0.10204081632653057,-0.02,-0.97,16.25,0,0.0024592807,Low Risk,Active Regular Customers,No immediate action
7613.05,36,2781.125,0.0,0.0,0.25,-0.97,30.0,0,0.00202968,Low Risk,Active Regular Customers,No immediate action
5181.62,20,634.9791666666666,0.0,3.3333333333333335,5079.83,87.33,18.0,0,0.0052116495,Low Risk,Occasional Flyers,No immediate action
9599.95,45,6207.363636363636,0.0,5.409090909090908,25.9,0.0,24.92,0,0.035282213,Low Risk,Champions / Premium Travelers,Exclusive loyalty rewards
2543.0,32,2189.625,0.0,0.42105263157894735,0.66,0.0,4.67,0,0.002331626,Low Risk,Active Regular Customers,No immediate action
2809.77,17,1262.8333333333333,0.0,0.5555555555555555,1.29,0.0,8.25,0,0.008678639,Low Risk,Occasional Flyers,No immediate action
2659.71,41,3895.181818181818,0.0,1.131578947368421,4.42,0.0,120.25,0,0.022147186,Low Risk,Active Regular Customers,No immediate action
3587.36,6,195.41666666666666,22.0,-0.25,-1.0,-0.94,9.0,1,0.946303,High Risk,Dormant Customers,30% bonus miles + reactivation email
5657.69,41,2571.2083333333335,0.0,0.06249999999999994,0.64,-0.98,9.58,0,0.0016748353,Low Risk,Active Regular Customers,No immediate action
24610.78,22,976.2083333333334,3.0,-0.05714285714285711,-0.09,2.43,15.0,0,0.0314186,Low Risk,Active Regular Customers,No immediate action
7611.21,12,953.1666666666666,3.0,0.0,0.3,-0.98,16.67,0,0.30954283,Low Risk,Occasional Flyers,No immediate action
3214.98,35,1794.625,0.0,1.0571428571428572,2.6,10.15,17.58,0,0.0030104637,Low Risk,Active Regular Customers,No immediate action
2275.4,28,1557.2083333333333,2.0,-0.10000000000000003,-0.43,3.97,4.67,0,0.0043798178,Low Risk,Active Regular Customers,No immediate action
13869.93,45,2884.4583333333335,0.0,0.13999999999999999,-0.11,1.79,16.92,0,0.0010271119,Low Risk,Active Regular Customers,No immediate action
9337.9,40,2627.9166666666665,0.0,0.3636363636363637,0.18,-0.96,19.33,0,0.0013981981,Low Risk,Active Regular Customers,No immediate action
5219.89,39,2362.5833333333335,0.0,-0.1428571428571429,-0.45,-0.98,34.25,0,0.0024386449,Low Risk,Active Regular Customers,No immediate action
4657.16,27,2058.8333333333335,0.0,0.25,0.54,-0.98,17.58,0,0.0019652122,Low Risk,Active Regular Customers,No immediate action
7385.36,35,6096.818181818182,0.0,2.103448275862069,5.36,96.17,39.58,0,0.058151215,Low Risk,Active Regular Customers,No immediate action
4594.29,3,230.79166666666666,0.0,0.5,923.17,0.0,0.92,0,0.0024866492,Low Risk,Occasional Flyers,No immediate action
8092.88,23,1433.7083333333333,1.0,1.0357142857142856,4.1,0.0,2.92,0,0.0066167368,Low Risk,Occasional Flyers,No immediate action
8200.27,21,1191.2083333333333,5.0,-0.3513513513513514,-0.8,-0.97,8.25,0,0.10809633,Low Risk,Active Regular Customers,No immediate action
5838.9,38,2757.25,1.0,-0.12500000000000003,0.03,-0.97,13.67,0,0.008529906,Low Risk,Active Regular Customers,No immediate action
6333.03,35,2422.5416666666665,1.0,0.022727272727272735,-0.09,1.83,4.92,0,0.003344596,Low Risk,Active Regular Customers,No immediate action
4810.98,25,1750.9166666666667,1.0,0.7419354838709676,1.8,-0.96,10.92,0,0.006260969,Low Risk,Active Regular Customers,No immediate action
5192.36,28,1829.375,0.0,1.3793103448275863,1.98,-0.98,26.0,0,0.003083789,Low Risk,Active Regular Customers,No immediate action
5471.83,36,3452.3636363636365,2.0,4.181818181818181,27.59,0.0,132.0,0,0.4422911,Medium Risk,Champions / Premium Travelers,VIP upgrade and lounge voucher
5768.83,28,1756.2916666666667,9.0,-0.6086956521739131,-1.0,-0.96,3.33,1,0.901109,High Risk,Dormant Customers,30% bonus miles + reactivation email
9628.7,38,2029.9166666666667,0.0,0.04347826086956524,-0.11,-0.14,15.0,0,0.0019796565,Low Risk,Active Regular Customers,No immediate action
17429.88,0,0.0,0.0,0.0,0.0,0.0,0.0,1,0.5974888,Medium Risk,Occasional Flyers,Double miles campaign
6907.55,38,2355.0416666666665,0.0,0.1333333333333333,0.2,1.15,39.0,0,0.0018053323,Low Risk,Active Regular Customers,No immediate action
6661.74,42,2604.2083333333335,0.0,0.12499999999999996,0.18,-0.97,23.0,0,0.0019108834,Low Risk,Active Regular Customers,No immediate action
5426.86,39,2089.0416666666665,2.0,-0.21999999999999995,-0.08,-0.96,32.25,0,0.024482325,Low Risk,Active Regular Customers,No immediate action
83325.38,0,0.0,0.0,0.0,0.0,0.0,0.0,1,0.47304964,Medium Risk,Occasional Flyers,Double miles campaign
15470.6,46,2888.0833333333335,0.0,0.2000000000000001,0.13,-0.98,5.67,0,0.0022223452,Low Risk,Active Regular Customers,No immediate action
32437.05,24,2481.6363636363635,0.0,2.5454545454545454,22.4,0.0,50.67,0,0.0787782,Low Risk,Occasional Flyers,No immediate action
8749.5,52,2197.2083333333335,0.0,-0.2,-0.49,0.05,28.67,0,0.002512263,Low Risk,Active Regular Customers,No immediate action
4979.08,39,2305.3333333333335,1.0,-0.29411764705882354,-0.69,-0.95,34.92,0,0.011153518,Low Risk,Active Regular Customers,No immediate action
3362.41,23,1362.1666666666667,0.0,0.27272727272727265,0.31,1.63,4.25,0,0.0037052843,Low Risk,Active Regular Customers,No immediate action
3681.25,23,1610.2916666666667,0.0,0.40625,0.97,-0.96,29.58,0,0.003796096,Low Risk,Active Regular Customers,No immediate action
4881.3,48,2883.5,0.0,0.5957446808510637,1.97,0.77,68.67,0,0.005060973,Low Risk,Active Regular Customers,No immediate action
5124.8,4,200.5,1.0,0.6666666666666666,802.0,0.0,4.0,0,0.0033066531,Low Risk,Occasional Flyers,No immediate action
13464.6,58,3615.0833333333335,0.0,0.3928571428571429,0.56,-0.1,96.33,0,0.0031175802,Low Risk,Active Regular Customers,No immediate action
5808.93,31,1944.5416666666667,1.0,-0.1627906976744186,0.19,0.0,32.25,0,0.014818244,Low Risk,Active Regular Customers,No immediate action
10004.75,1,26.416666666666668,2.0,0.16666666666666666,105.67,0.0,0.25,0,0.037126515,Low Risk,Occasional Flyers,No immediate action
4219.02,0,0.0,0.0,0.0,0.0,0.0,0.0,1,0.61384726,Medium Risk,Occasional Flyers,Double miles campaign
5838.9,30,2024.9166666666667,0.0,0.1538461538461538,0.39,-0.98,3.67,0,0.0021816315,Low Risk,Active Regular Customers,No immediate action
3136.08,32,1920.0833333333333,0.0,-0.1818181818181818,-0.42,1.41,16.67,0,0.0018922602,Low Risk,Active Regular Customers,No immediate action
13862.1,7,476.8333333333333,19.0,-0.28,-1.0,0.0,12.25,1,0.9753347,High Risk,Dormant Customers,30% bonus miles + reactivation email
2773.46,0,0.0,0.0,0.0,0.0,0.0,0.0,1,0.58610946,Medium Risk,Occasional Flyers,Double miles campaign
5310.91,44,2646.25,0.0,0.16326530612244888,0.47,-0.96,2.0,0,0.005457646,Low Risk,Active Regular Customers,No immediate action
12349.7,50,3220.4166666666665,0.0,0.03636363636363638,0.38,-0.96,69.67,0,0.003990032,Low Risk,Active Regular Customers,No immediate action
2837.16,32,2076.2916666666665,1.0,-0.09302325581395345,-0.62,102.5,10.67,0,0.004800406,Low Risk,Active Regular Customers,No immediate action
2713.37,0,0.0,0.0,0.0,0.0,0.0,0.0,0,0.5405712,Medium Risk,Occasional Flyers,Double miles campaign
4361.37,0,0.0,0.0,0.0,0.0,0.0,0.0,1,0.61384726,Medium Risk,Occasional Flyers,Double miles campaign
5363.41,36,2291.7083333333335,0.0,1.2941176470588236,2.61,2.8,6.0,0,0.00848094,Low Risk,Active Regular Customers,No immediate action
10626.81,27,1798.8333333333333,5.0,-0.35714285714285715,-0.79,-0.98,8.25,0,0.28591523,Low Risk,Active Regular Customers,No immediate action
4170.34,32,2035.375,0.0,-0.1818181818181818,-0.43,0.0,8.67,0,0.0025710221,Low Risk,Active Regular Customers,No immediate action
3776.67,64,11303.818181818182,0.0,3.9999999999999996,6.91,0.0,143.33,0,0.10176451,Low Risk,Champions / Premium Travelers,Exclusive loyalty rewards
7159.81,18,1206.875,0.0,1.2500000000000002,5.57,0.0,1.67,0,0.0064682593,Low Risk,Occasional Flyers,No immediate action
2872.67,41,2930.2916666666665,1.0,0.43181818181818177,1.0,-0.98,10.25,0,0.012498442,Low Risk,Active Regular Customers,No immediate action
7988.51,33,2198.375,2.0,-0.4375,-0.78,0.0,3.58,0,0.013525034,Low Risk,Active Regular Customers,No immediate action
6275.16,29,1815.2083333333333,1.0,0.676470588235294,1.85,2.0,12.25,0,0.0047649,Low Risk,Active Regular Customers,No immediate action
2685.18,15,1045.875,11.0,-0.45454545454545453,-1.0,-0.96,8.25,1,0.9374527,High Risk,Dormant Customers,30% bonus miles + reactivation email
3500.86,37,2235.5416666666665,0.0,0.6923076923076921,1.19,0.0,12.25,0,0.0020887922,Low Risk,Active Regular Customers,No immediate action
3693.44,0,0.0,0.0,0.0,0.0,0.0,0.0,1,0.61384726,Medium Risk,Occasional Flyers,Double miles campaign
4216.2,0,0.0,0.0,0.0,0.0,0.0,0.0,1,0.61384726,Medium Risk,Occasional Flyers,Double miles campaign
2643.72,22,1544.25,1.0,-0.368421052631579,-0.58,-0.99,3.0,0,0.010560185,Low Risk,Active Regular Customers,No immediate action
2747.43,31,2123.625,0.0,0.5833333333333333,0.99,2.75,5.58,0,0.0034201771,Low Risk,Active Regular Customers,No immediate action
9035.67,39,2287.625,3.0,-0.3653846153846153,-0.7,-0.98,10.92,0,0.0241785,Low Risk,Active Regular Customers,No immediate action
25807.06,46,2516.9166666666665,1.0,0.03846153846153848,0.36,0.48,0.33,0,0.015842805,Low Risk,Active Regular Customers,No immediate action
2772.5,39,2737.6666666666665,1.0,0.2,0.4,132.17,34.92,0,0.009664934,Low Risk,Active Regular Customers,No immediate action
7743.92,3,204.125,22.0,-0.14285714285714285,-1.0,0.0,2.25,1,0.9122996,High Risk,Dormant Customers,30% bonus miles + reactivation email
2637.94,52,3696.0416666666665,0.0,0.22222222222222218,0.53,0.0,24.67,0,0.0013359503,Low Risk,Active Regular Customers,No immediate action
5107.62,31,2265.7083333333335,0.0,0.8529411764705883,2.08,0.0,24.92,0,0.002308176,Low Risk,Active Regular Customers,No immediate action
2606.19,40,2735.6666666666665,0.0,0.3636363636363637,0.27,-0.03,12.0,0,0.0039049438,Low Risk,Active Regular Customers,No immediate action
5489.21,45,3048.3333333333335,0.0,0.22448979591836735,0.39,-0.98,10.25,0,0.0022156958,Low Risk,Active Regular Customers,No immediate action
9350.87,10,670.75,20.0,-0.35714285714285715,-1.0,0.0,9.0,1,0.88727254,High Risk,Dormant Customers,30% bonus miles + reactivation email
2582.41,8,493.2916666666667,1.0,1.3333333333333333,1973.17,0.0,8.0,0,0.021705542,Low Risk,Occasional Flyers,No immediate action
6135.08,0,0.0,0.0,0.0,0.0,0.0,0.0,1,0.6084303,Medium Risk,Occasional Flyers,Double miles campaign
9656.21,36,2605.0833333333335,0.0,0.18604651162790697,0.19,-0.17,6.0,0,0.002106099,Low Risk,Active Regular Customers,No immediate action
12689.43,35,2125.5,0.0,0.022727272727272735,0.22,-0.98,24.92,0,0.0017425506,Low Risk,Active Regular Customers,No immediate action
5326.68,46,2889.5416666666665,1.0,0.1176470588235294,0.09,-0.97,41.67,0,0.011101039,Low Risk,Active Regular Customers,No immediate action
2839.81,75,12593.09090909091,0.0,2.7499999999999996,4.45,-0.99,398.25,0,0.014851296,Low Risk,Champions / Premium Travelers,Exclusive loyalty rewards
2658.22,26,1698.0,1.0,-0.052631578947368446,0.06,73.33,3.0,0,0.008776081,Low Risk,Active Regular Customers,No immediate action
4428.03,34,2528.2916666666665,0.0,0.24390243902439027,0.45,-0.07,8.33,0,0.0020670923,Low Risk,Active Regular Customers,No immediate action
6928.6,9,721.5,0.0,1.5,2886.0,0.0,8.25,0,0.006234742,Low Risk,Occasional Flyers,No immediate action
12944.19,0,0.0,0.0,0.0,0.0,0.0,0.0,1,0.6085993,Medium Risk,Occasional Flyers,Double miles campaign
7762.59,30,1823.8333333333333,2.0,0.1538461538461538,0.14,-0.99,37.67,0,0.014204406,Low Risk,Active Regular Customers,No immediate action
5597.12,27,1655.25,1.0,-0.26829268292682923,-0.59,-0.96,2.92,0,0.0062675676,Low Risk,Active Regular Customers,No immediate action
6560.82,35,2105.375,0.0,0.5384615384615384,0.3,-0.97,4.25,0,0.0013765207,Low Risk,Active Regular Customers,No immediate action
5169.5,20,1109.625,0.0,1.28,1.83,108.17,3.33,0,0.0024413015,Low Risk,Occasional Flyers,No immediate action
6883.69,35,1836.2916666666667,0.0,0.022727272727272735,0.04,1.27,0.92,0,0.0035788687,Low Risk,Active Regular Customers,No immediate action
11610.25,39,2453.7083333333335,0.0,-0.29411764705882354,-0.71,0.0,22.92,0,0.0026326317,Low Risk,Active Regular Customers,No immediate action
21892.94,2,114.16666666666667,0.0,0.3333333333333333,456.67,0.0,1.0,0,0.002274299,Low Risk,Occasional Flyers,No immediate action
14917.33,30,1753.1666666666667,3.0,0.1538461538461538,0.17,0.0,69.67,0,0.081573844,Low Risk,Active Regular Customers,No immediate action
11606.85,51,3066.5416666666665,2.0,-0.3114754098360656,-0.09,-0.98,44.25,0,0.025316106,Low Risk,Active Regular Customers,No immediate action
5898.73,39,2414.6666666666665,1.0,0.02127659574468086,0.93,-0.99,6.92,0,0.0037375502,Low Risk,Active Regular Customers,No immediate action
4101.94,51,3440.5,0.0,-0.18644067796610164,-0.38,109.5,10.92,0,0.0013900712,Low Risk,Active Regular Customers,No immediate action
5021.69,4,207.5,1.0,0.6666666666666666,830.0,63.17,4.0,0,0.0053056837,Low Risk,Occasional Flyers,No immediate action
24337.38,40,2288.0833333333335,1.0,-0.3773584905660377,-0.67,-0.98,22.0,0,0.004504365,Low Risk,Active Regular Customers,No immediate action
3528.04,14,817.125,11.0,-0.43750000000000006,-1.0,0.0,8.33,1,0.95402616,High Risk,Dormant Customers,30% bonus miles + reactivation email
12379.57,8,500.6666666666667,0.0,1.3333333333333333,2002.67,142.5,2.67,0,0.009064635,Low Risk,Occasional Flyers,No immediate action
8906.51,42,2831.125,0.0,0.6046511627906977,1.03,0.0,11.67,0,0.0024611894,Low Risk,Active Regular Customers,No immediate action
2759.98,39,2859.7083333333335,2.0,0.02127659574468086,0.31,0.45,9.58,0,0.013439675,Low Risk,Active Regular Customers,No immediate action
10760.18,28,1768.2083333333333,5.0,-0.45454545454545453,-0.67,-0.97,30.0,1,0.39865693,Low Risk,Active Regular Customers,No immediate action
8256.3,42,2793.2916666666665,0.0,-0.03999999999999994,-0.32,-0.55,27.67,0,0.0017656274,Low Risk,Active Regular Customers,No immediate action
19237.7,47,2895.625,0.0,0.7333333333333334,0.56,5.47,25.58,0,0.0029474979,Low Risk,Active Regular Customers,No immediate action
7054.78,11,617.6666666666666,0.0,1.8333333333333333,2470.67,0.0,10.25,0,0.00780299,Low Risk,Occasional Flyers,No immediate action
19927.64,31,2275.0,1.0,-0.07142857142857137,-0.25,-0.98,8.25,0,0.00599909,Low Risk,Active Regular Customers,No immediate action
5656.2,19,1406.0416666666667,0.0,0.16129032258064516,0.06,107.33,10.25,0,0.0029975835,Low Risk,Occasional Flyers,No immediate action
4770.55,44,3087.5,0.0,0.3404255319148936,0.65,-0.98,28.67,0,0.0029571645,Low Risk,Active Regular Customers,No immediate action
3671.82,32,2034.5416666666667,0.0,-0.09302325581395345,-0.03,-0.97,52.67,0,0.0031785304,Low Risk,Active Regular Customers,No immediate action
6369.26,39,1872.2916666666667,1.0,0.2,1.0,66.67,80.25,0,0.00792123,Low Risk,Active Regular Customers,No immediate action
5389.5,49,7706.545454545455,0.0,2.441176470588235,7.15,-0.96,136.25,0,0.034124054,Low Risk,Champions / Premium Travelers,Exclusive loyalty rewards
4446.74,38,2051.375,0.0,-0.35294117647058826,-0.48,2.71,1.67,0,0.0011782674,Low Risk,Active Regular Customers,No immediate action
2795.74,32,1709.5416666666667,0.0,-0.5714285714285714,-0.89,-0.96,12.67,0,0.0019045596,Low Risk,Active Regular Customers,No immediate action
11718.42,0,0.0,0.0,0.0,0.0,0.0,0.0,0,0.6085993,Medium Risk,Occasional Flyers,Double miles campaign
8650.0,31,2074.0416666666665,4.0,-0.33333333333333337,-0.41,-0.98,0.92,0,0.08979292,Low Risk,Active Regular Customers,No immediate action
15320.37,37,2270.8333333333335,0.0,0.575,2.1,-0.99,6.25,0,0.0009335135,Low Risk,Active Regular Customers,No immediate action
9546.82,59,8768.09090909091,0.0,9.833333333333334,24112.25,95.83,238.25,0,0.029355582,Low Risk,Champions / Premium Travelers,Exclusive loyalty rewards
14191.6,42,7659.090909090909,1.0,2.6,4.84,0.0,227.67,0,0.1430203,Low Risk,Champions / Premium Travelers,Exclusive loyalty rewards
7163.8,24,1486.625,9.0,-0.5714285714285715,-1.0,-0.96,4.67,1,0.91634864,High Risk,Dormant Customers,30% bonus miles + reactivation email
2718.38,33,1699.125,4.0,-0.11363636363636359,-0.24,1.03,22.92,0,0.072834864,Low Risk,Active Regular Customers,No immediate action
14228.23,40,2616.0,0.0,0.17391304347826086,0.31,0.0,6.67,0,0.0027155718,Low Risk,Active Regular Customers,No immediate action
7651.1,62,9615.90909090909,0.0,0.8679245283018867,1.92,0.0,29.67,0,0.026679574,Low Risk,Active Regular Customers,No immediate action
2289.62,58,3391.7083333333335,0.0,-0.3283582089552239,-0.18,-0.0,30.33,0,0.0011095448,Low Risk,Active Regular Customers,No immediate action
3895.96,30,2001.75,0.0,0.2631578947368421,0.66,-0.06,15.0,0,0.0016678355,Low Risk,Active Regular Customers,No immediate action
6466.3,37,6791.0,0.0,2.1000000000000005,4.68,58.17,58.25,0,0.031556614,Low Risk,Champions / Premium Travelers,Exclusive loyalty rewards
4936.89,49,3367.1666666666665,1.0,0.055555555555555504,-0.26,-0.97,86.92,0,0.014406981,Low Risk,Active Regular Customers,No immediate action
2430.87,26,1481.75,1.0,0.8387096774193546,1.63,0.26,63.0,0,0.013291743,Low Risk,Active Regular Customers,No immediate action
9501.01,47,2842.0,0.0,0.26000000000000006,-0.06,4.01,40.92,0,0.0018962142,Low Risk,Active Regular Customers,No immediate action
4064.11,30,5037.818181818182,1.0,2.230769230769231,10.74,0.0,43.67,1,0.09990236,Low Risk,Active Regular Customers,No immediate action
12522.54,2,116.70833333333333,0.0,0.3333333333333333,466.83,0.0,0.33,0,0.002743679,Low Risk,Occasional Flyers,No immediate action
2496.14,48,2922.9583333333335,2.0,0.49999999999999994,1.01,-0.99,38.67,0,0.009229022,Low Risk,Active Regular Customers,No immediate action
14244.73,48,3514.2916666666665,1.0,-0.21052631578947364,-0.24,1.37,75.33,0,0.010177984,Low Risk,Active Regular Customers,No immediate action
19079.1,5,299.75,6.0,-0.2173913043478261,-1.0,-0.96,0.92,1,0.8249337,High Risk,Occasional Flyers,Weekend fare promotion
5500.01,44,5180.545454545455,1.0,3.8461538461538463,14.31,0.0,185.33,0,0.07483306,Low Risk,Champions / Premium Travelers,Exclusive loyalty rewards
2446.68,44,2973.4583333333335,0.0,-0.1509433962264151,-0.48,2.55,18.0,0,0.0011409286,Low Risk,Active Regular Customers,No immediate action
15641.26,46,2880.5,0.0,0.7727272727272727,1.56,0.0,28.33,0,0.0023739992,Low Risk,Active Regular Customers,No immediate action
4314.07,22,1526.8333333333333,1.0,0.31249999999999994,0.4,-0.96,24.33,0,0.005714115,Low Risk,Active Regular Customers,No immediate action
2552.91,45,3099.75,0.0,-0.0943396226415094,-0.34,3.91,10.25,0,0.0014960762,Low Risk,Active Regular Customers,No immediate action
4220.61,35,2212.2083333333335,0.0,0.3170731707317074,0.16,3.85,34.92,0,0.0019589271,Low Risk,Active Regular Customers,No immediate action
8294.97,40,2765.0416666666665,0.0,0.5714285714285715,0.27,0.0,34.0,0,0.0019637884,Low Risk,Active Regular Customers,No immediate action
6361.85,34,2402.8333333333335,1.0,0.3499999999999999,1.1,0.31,36.33,0,0.017032875,Low Risk,Active Regular Customers,No immediate action
10171.34,30,1417.2083333333333,1.0,0.37837837837837834,1.53,-0.99,49.67,0,0.0059984615,Low Risk,Active Regular Customers,No immediate action
5271.98,40,2667.875,1.0,0.08510638297872336,0.4,-0.98,30.0,0,0.012093759,Low Risk,Active Regular Customers,No immediate action
8113.96,6,302.375,0.0,1.0,1209.5,0.0,3.67,0,0.0019023193,Low Risk,Occasional Flyers,No immediate action
8453.68,38,2302.75,0.0,0.8947368421052632,2.62,0.0,11.67,0,0.0049513252,Low Risk,Active Regular Customers,No immediate action
6446.71,44,2936.6666666666665,2.0,-0.1509433962264151,0.12,-0.99,28.0,0,0.028637419,Low Risk,Active Regular Customers,No immediate action
10392.96,65,10873.818181818182,0.0,3.0263157894736845,3.98,0.0,293.58,0,0.048448663,Low Risk,Champions / Premium Travelers,Exclusive loyalty rewards
13104.15,36,2737.25,1.0,-0.4,-0.73,0.0,30.0,1,0.016124412,Low Risk,Active Regular Customers,No immediate action
4762.82,17,1197.0,0.0,0.24137931034482754,0.08,-0.98,0.25,0,0.0075860317,Low Risk,Occasional Flyers,No immediate action
6846.15,33,2210.0,1.0,-0.11363636363636359,-0.2,0.0,11.58,0,0.012942256,Low Risk,Active Regular Customers,No immediate action
6259.51,54,2915.8333333333335,1.0,-0.34375,-0.62,0.22,9.67,0,0.0047114887,Low Risk,Active Regular Customers,No immediate action
2121.31,50,3143.5833333333335,1.0,-0.360655737704918,-0.57,0.99,27.0,0,0.10486308,Low Risk,Active Regular Customers,No immediate action
2891.27,61,4040.3333333333335,1.0,-0.015624999999999944,0.26,55.67,39.58,1,0.0069764266,Low Risk,Active Regular Customers,No immediate action
22103.51,25,1405.5,0.0,0.3235294117647059,0.78,-0.96,6.92,0,0.0031449792,Low Risk,Active Regular Customers,No immediate action
6516.21,48,2895.4166666666665,1.0,0.1538461538461539,-0.1,-0.96,18.0,0,0.009250862,Low Risk,Active Regular Customers,No immediate action
11828.61,37,2527.9583333333335,0.0,0.15909090909090906,0.15,78.17,8.92,0,0.0039918707,Low Risk,Active Regular Customers,No immediate action
19643.54,43,2837.2916666666665,2.0,0.3695652173913044,0.89,0.62,40.92,0,0.008195003,Low Risk,Active Regular Customers,No immediate action
23144.13,39,2585.2916666666665,0.0,0.6097560975609756,1.23,-0.14,23.58,0,0.00077963725,Low Risk,Active Regular Customers,No immediate action
5392.5,44,2501.5,0.0,0.25,0.81,-0.99,15.33,0,0.00088931364,Low Risk,Active Regular Customers,No immediate action
15950.02,53,7075.727272727273,0.0,2.794117647058824,19.36,0.0,32.92,0,0.023870317,Low Risk,Champions / Premium Travelers,Exclusive loyalty rewards
4209.68,53,5836.090909090909,0.0,2.794117647058824,5.36,0.0,139.58,0,0.04005172,Low Risk,Champions / Premium Travelers,Exclusive loyalty rewards
2759.98,0,0.0,0.0,0.0,0.0,0.0,0.0,1,0.58610946,Medium Risk,Occasional Flyers,Double miles campaign
2840.9,0,0.0,0.0,0.0,0.0,0.0,0.0,0,0.58610946,Medium Risk,Occasional Flyers,Double miles campaign
2433.02,70,7640.545454545455,0.0,3.05,7.07,0.0,571.0,0,0.024397574,Low Risk,Champions / Premium Travelers,Exclusive loyalty rewards
5398.1,49,3675.1666666666665,0.0,-0.08928571428571433,0.06,-0.99,24.92,0,0.0014931728,Low Risk,Active Regular Customers,No immediate action
4881.39,26,1781.5416666666667,0.0,0.6875000000000001,1.48,1.28,13.67,0,0.002760031,Low Risk,Active Regular Customers,No immediate action
5705.9,0,0.0,0.0,0.0,0.0,0.0,0.0,0,0.5984891,Medium Risk,Occasional Flyers,Double miles campaign
11315.2,40,2516.125,0.0,0.6829268292682928,1.18,0.5,12.67,0,0.0017471088,Low Risk,Active Regular Customers,No immediate action
41491.74,35,1971.5833333333333,1.0,-0.3125,-0.3,-0.99,12.25,0,0.0038238552,Low Risk,Active Regular Customers,No immediate action
3358.66,41,2081.125,0.0,-0.24999999999999997,-0.2,2.89,6.25,0,0.0020051969,Low Risk,Active Regular Customers,No immediate action
23208.39,39,2572.5416666666665,0.0,-0.06250000000000001,-0.25,3.18,14.25,0,0.001571051,Low Risk,Active Regular Customers,No immediate action
4795.39,19,1605.125,0.0,0.031250000000000014,-0.07,0.0,24.25,0,0.017912537,Low Risk,Active Regular Customers,No immediate action
5504.14,41,2999.2083333333335,0.0,-0.09999999999999996,0.09,-0.97,40.92,0,0.0020104637,Low Risk,Active Regular Customers,No immediate action
11701.07,25,1835.0416666666667,0.0,0.45454545454545453,0.41,1.35,18.92,0,0.0030365342,Low Risk,Active Regular Customers,No immediate action
2393.12,9,530.2916666666666,0.0,1.5,2121.17,63.67,6.92,0,0.007867423,Low Risk,Occasional Flyers,No immediate action
3261.02,25,1512.4583333333333,1.0,-0.5,-0.79,0.0,14.92,0,0.005722311,Low Risk,Active Regular Customers,No immediate action
4825.65,57,3513.7083333333335,0.0,0.11864406779661016,0.35,4.71,12.92,0,0.0023506628,Low Risk,Active Regular Customers,No immediate action
16460.08,29,1534.5,0.0,-0.12195121951219508,-0.51,120.0,4.25,0,0.0015587305,Low Risk,Active Regular Customers,No immediate action
3096.51,10,378.9583333333333,1.0,1.6666666666666667,1515.83,118.5,8.33,0,0.012117515,Low Risk,Occasional Flyers,No immediate action
2719.85,42,2753.5,0.0,-0.1176470588235294,-0.13,-0.99,19.67,0,0.0012502719,Low Risk,Active Regular Customers,No immediate action
3980.42,24,1678.6666666666667,0.0,-0.10810810810810811,-0.08,-0.61,36.67,0,0.001843455,Low Risk,Active Regular Customers,No immediate action
2274.65,38,2689.4166666666665,1.0,0.8947368421052632,1.11,-0.98,43.67,0,0.0039114426,Low Risk,Active Regular Customers,No immediate action
3858.87,15,1153.5833333333333,1.0,1.0869565217391304,3.21,0.0,22.92,0,0.008231526,Low Risk,Occasional Flyers,No immediate action
2750.71,50,3084.875,0.0,0.5306122448979591,1.31,-0.98,29.67,0,0.00417153,Low Risk,Active Regular Customers,No immediate action
2725.19,29,1831.4583333333333,2.0,0.41666666666666663,0.19,1.65,41.58,0,0.024470935,Low Risk,Active Regular Customers,No immediate action
2951.29,51,4029.7083333333335,2.0,-0.052631578947368376,0.05,-0.97,32.92,0,0.18286256,Low Risk,Active Regular Customers,No immediate action
4860.62,33,2332.0,1.0,0.3846153846153845,0.9,0.0,29.58,0,0.015696693,Low Risk,Active Regular Customers,No immediate action
3155.91,14,639.8333333333334,0.0,1.4285714285714284,8.57,250.83,3.67,0,0.0030774449,Low Risk,Occasional Flyers,No immediate action
7188.29,55,4207.375,0.0,0.6470588235294118,1.55,3.27,42.25,0,0.0016652509,Low Risk,Active Regular Customers,No immediate action
5720.77,38,2289.3333333333335,0.0,0.3255813953488372,0.61,-0.3,16.33,0,0.0013156709,Low Risk,Active Regular Customers,No immediate action
5768.83,29,1974.5416666666667,1.0,0.5428571428571429,0.42,0.0,7.58,0,0.010528987,Low Risk,Active Regular Customers,No immediate action
3886.5,29,1598.9166666666667,0.0,-0.02500000000000001,-0.27,-0.95,15.58,0,0.0019018376,Low Risk,Active Regular Customers,No immediate action
8563.97,0,0.0,0.0,0.0,0.0,0.0,0.0,1,0.5989688,Medium Risk,Occasional Flyers,Double miles campaign
3423.82,39,2504.8333333333335,0.0,-0.1428571428571429,0.04,1.52,3.58,0,0.0033528174,Low Risk,Active Regular Customers,No immediate action
3436.13,40,2433.3333333333335,0.0,0.4651162790697675,1.03,-0.06,22.0,0,0.0015295132,Low Risk,Active Regular Customers,No immediate action
2767.59,39,1929.2083333333333,2.0,0.6097560975609756,0.42,0.0,44.92,0,0.019763397,Low Risk,Active Regular Customers,No immediate action
13778.37,38,2253.6666666666665,0.0,1.027027027027027,3.26,164.83,40.33,0,0.0034907034,Low Risk,Active Regular Customers,No immediate action
7675.87,0,0.0,0.0,0.0,0.0,0.0,0.0,0,0.5989688,Medium Risk,Occasional Flyers,Double miles campaign
14267.93,42,2656.2916666666665,0.0,0.21276595744680843,0.54,-0.96,3.0,0,0.0032022656,Low Risk,Active Regular Customers,No immediate action
2308.47,20,2818.5454545454545,0.0,1.9999999999999996,12.44,2.55,3.33,0,0.019400008,Low Risk,Occasional Flyers,No immediate action
3482.04,39,2161.9583333333335,0.0,-0.06250000000000001,0.14,1.58,38.92,0,0.0017157355,Low Risk,Active Regular Customers,No immediate action
4547.89,20,1095.3333333333333,0.0,0.4,1.66,-0.98,12.0,0,0.0029806572,Low Risk,Occasional Flyers,No immediate action
6005.21,5,411.9166666666667,2.0,0.8333333333333334,1647.67,0.0,6.25,0,0.011053745,Low Risk,Occasional Flyers,No immediate action
3105.35,50,3077.5416666666665,0.0,0.11111111111111116,0.35,4.5,53.67,0,0.0045965943,Low Risk,Active Regular Customers,No immediate action
7345.9,28,1994.875,1.0,0.10526315789473678,-0.05,67.67,27.33,0,0.0073441304,Low Risk,Active Regular Customers,No immediate action
2436.84,32,1555.125,0.0,1.4193548387096773,2.03,2.84,34.0,0,0.0040634745,Low Risk,Active Regular Customers,No immediate action
2542.85,3,74.95833333333333,20.0,-0.14285714285714285,-0.99,0.0,0.92,1,0.882232,High Risk,Dormant Customers,30% bonus miles + reactivation email
6993.38,40,2125.4583333333335,1.0,-0.16,-0.26,2.4,3.33,0,0.005027829,Low Risk,Active Regular Customers,No immediate action
4930.95,1,38.208333333333336,1.0,0.16666666666666666,152.83,62.67,0.25,0,0.003081897,Low Risk,Occasional Flyers,No immediate action
2647.52,41,2754.0416666666665,0.0,0.642857142857143,1.03,0.45,12.92,0,0.0024345603,Low Risk,Active Regular Customers,No immediate action
7215.82,27,1628.25,0.0,1.8846153846153848,14.5,2.57,4.25,0,0.005260318,Low Risk,Occasional Flyers,No immediate action
6265.34,38,1969.6666666666667,0.0,0.22727272727272727,0.25,0.29,30.33,0,0.0025474133,Low Risk,Active Regular Customers,No immediate action
4770.55,65,9876.09090909091,0.0,1.1346153846153848,3.38,0.0,118.92,0,0.06710805,Low Risk,Champions / Premium Travelers,Exclusive loyalty rewards
3208.23,3,202.91666666666666,20.0,-0.14285714285714285,-1.0,0.0,2.25,1,0.9213567,High Risk,Dormant Customers,30% bonus miles + reactivation email
3517.39,45,3364.0,0.0,0.22448979591836735,-0.03,-0.97,28.92,0,0.0030634664,Low Risk,Active Regular Customers,No immediate action
2482.92,35,2570.2916666666665,2.0,-0.23404255319148937,-0.32,2.14,54.92,0,0.014383438,Low Risk,Active Regular Customers,No immediate action
25830.91,17,981.75,0.0,1.125,2.28,0.0,44.25,0,0.0050564925,Low Risk,Occasional Flyers,No immediate action
4932.88,40,2455.8333333333335,0.0,0.08510638297872336,0.3,0.08,36.0,0,0.003147469,Low Risk,Active Regular Customers,No immediate action
10213.56,43,2146.6666666666665,0.0,0.6744186046511629,0.82,-0.99,12.25,0,0.0010056453,Low Risk,Active Regular Customers,No immediate action
31516.51,20,1492.25,3.0,-0.22857142857142856,-0.35,-0.99,2.0,0,0.19894299,Low Risk,Active Regular Customers,No immediate action
5325.72,35,2271.5,4.0,-0.0666666666666667,-0.14,2.71,40.92,0,0.06524111,Low Risk,Active Regular Customers,No immediate action
2396.19,25,1821.875,1.0,0.3235294117647059,0.65,-0.98,4.92,0,0.008184847,Low Risk,Active Regular Customers,No immediate action
8274.15,34,2101.2083333333335,1.0,0.4615384615384614,0.29,-0.95,14.33,0,0.007841949,Low Risk,Active Regular Customers,No immediate action
4638.95,5,380.625,0.0,0.8333333333333334,1522.5,0.0,6.25,0,0.0021263477,Low Risk,Occasional Flyers,No immediate action
2509.51,0,0.0,0.0,0.0,0.0,0.0,0.0,0,0.5546234,Medium Risk,Occasional Flyers,Double miles campaign
3436.13,52,2852.75,2.0,-0.13559322033898305,-0.54,-0.39,65.33,0,0.07353162,Low Risk,Active Regular Customers,No immediate action
3038.11,0,0.0,0.0,0.0,0.0,0.0,0.0,0,0.6254595,Medium Risk,Occasional Flyers,Double miles campaign
8044.51,50,3393.4166666666665,1.0,0.625,0.86,0.51,1.67,0,0.008961165,Low Risk,Active Regular Customers,No immediate action
2676.95,32,1795.2083333333333,0.0,0.0,-0.16,-0.98,3.33,0,0.0015378937,Low Risk,Active Regular Customers,No immediate action
8649.18,34,1962.2916666666667,0.0,0.14285714285714293,-0.1,-0.97,27.67,0,0.0017476319,Low Risk,Active Regular Customers,No immediate action
2697.33,24,1455.25,3.0,0.9655172413793102,3.03,3.37,8.67,0,0.0272944,Low Risk,Active Regular Customers,No immediate action
4312.87,46,9662.636363636364,0.0,1.1219512195121952,1.76,165.5,267.0,0,0.027672015,Low Risk,Champions / Premium Travelers,Exclusive loyalty rewards
28799.95,41,2503.6666666666665,0.0,0.642857142857143,1.08,-0.99,6.25,0,0.0018367114,Low Risk,Active Regular Customers,No immediate action
15641.26,38,2069.7083333333335,0.0,-0.04255319148936172,0.08,-0.99,22.33,0,0.0009982241,Low Risk,Active Regular Customers,No immediate action
3330.67,18,1070.875,0.0,3.0,4283.5,0.0,11.0,0,0.009252649,Low Risk,Occasional Flyers,No immediate action
8098.97,26,1911.0416666666667,0.0,0.6875000000000001,2.73,2.24,7.0,0,0.0028259607,Low Risk,Active Regular Customers,No immediate action
3074.11,17,1011.5833333333334,0.0,2.8333333333333335,4046.33,101.83,13.58,0,0.013153251,Low Risk,Occasional Flyers,No immediate action
5182.39,30,1771.4583333333333,0.0,-0.048780487804877974,-0.08,-0.4,5.67,0,0.002307988,Low Risk,Active Regular Customers,No immediate action
20946.19,37,2384.4583333333335,0.0,-0.1063829787234043,0.26,-0.09,4.25,0,0.0029781046,Low Risk,Active Regular Customers,No immediate action
18089.8,23,1556.4166666666667,6.0,-0.5609756097560975,-1.0,-0.97,6.92,0,0.28438157,Low Risk,Active Regular Customers,No immediate action
5934.74,6,491.9166666666667,0.0,0.28571428571428575,1.45,0.0,0.33,0,0.010213893,Low Risk,Occasional Flyers,No immediate action
8838.09,28,2031.5416666666667,0.0,0.33333333333333337,0.65,-0.96,8.67,0,0.0019566352,Low Risk,Active Regular Customers,No immediate action
5780.18,41,2417.0,2.0,0.5348837209302325,0.71,-0.97,15.58,0,0.014123543,Low Risk,Active Regular Customers,No immediate action
3208.92,0,0.0,0.0,0.0,0.0,0.0,0.0,0,0.61886096,Medium Risk,Occasional Flyers,Double miles campaign
10357.51,40,2622.7916666666665,1.0,-0.16,-0.54,-0.97,22.0,0,0.008487719,Low Risk,Active Regular Customers,No immediate action
39365.3,38,2397.7916666666665,0.0,0.6499999999999999,1.05,199.0,46.33,0,0.0012710613,Low Risk,Active Regular Customers,No immediate action
22425.26,15,855.7916666666666,0.0,2.5,3423.17,102.17,8.25,0,0.018536188,Low Risk,Occasional Flyers,No immediate action
18690.34,4,231.16666666666666,1.0,0.6666666666666666,924.67,95.5,4.0,0,0.0049767555,Low Risk,Occasional Flyers,No immediate action
2698.05,22,1216.5416666666667,2.0,0.05882352941176473,-0.13,0.0,3.67,0,0.016925344,Low Risk,Active Regular Customers,No immediate action
5519.08,0,0.0,0.0,0.0,0.0,0.0,0.0,1,0.61171925,Medium Risk,Occasional Flyers,Double miles campaign
3974.14,19,1209.5833333333333,0.0,0.16129032258064516,0.2,-0.97,3.58,0,0.004814532,Low Risk,Occasional Flyers,No immediate action
13976.52,4,342.3333333333333,2.0,0.6666666666666666,1369.33,0.0,2.0,0,0.015298401,Low Risk,Occasional Flyers,No immediate action
4650.06,32,1704.125,0.0,0.9411764705882353,1.74,-0.98,32.0,0,0.0034345635,Low Risk,Active Regular Customers,No immediate action
8458.91,43,2984.2083333333335,1.0,-0.3454545454545454,-0.35,-0.22,18.92,0,0.013967132,Low Risk,Active Regular Customers,No immediate action
3722.37,26,1509.8333333333333,0.0,0.8387096774193546,1.28,-0.95,5.67,0,0.0022515634,Low Risk,Active Regular Customers,No immediate action
17349.03,32,2038.0,0.0,0.09756097560975614,0.52,-0.98,8.0,0,0.0023283605,Low Risk,Active Regular Customers,No immediate action
5045.87,17,1314.4583333333333,1.0,0.10000000000000005,0.18,0.0,2.92,0,0.021735504,Low Risk,Occasional Flyers,No immediate action
4177.88,47,3305.7916666666665,2.0,0.09615384615384612,0.51,-0.98,18.25,0,0.032717586,Low Risk,Active Regular Customers,No immediate action
5100.09,35,1916.8333333333333,0.0,0.6578947368421052,0.46,1.94,15.58,0,0.0008820742,Low Risk,Active Regular Customers,No immediate action
5178.7,45,2778.4166666666665,0.0,0.13999999999999999,0.84,0.55,22.92,0,0.0018795996,Low Risk,Active Regular Customers,No immediate action
8024.9,25,1573.4166666666667,0.0,-0.325,-0.81,0.0,7.58,0,0.0026085542,Low Risk,Active Regular Customers,No immediate action
9707.65,50,2566.7083333333335,0.0,-0.41935483870967744,-0.77,-0.96,43.0,0,0.0023590298,Low Risk,Active Regular Customers,No immediate action
5926.73,42,2148.6666666666665,1.0,-0.03999999999999994,-0.09,5.34,9.67,0,0.004667156,Low Risk,Active Regular Customers,No immediate action
8667.09,36,2679.875,2.0,0.0,-0.53,-0.98,60.0,0,0.025247524,Low Risk,Active Regular Customers,No immediate action
13197.93,46,2502.875,0.0,0.46808510638297873,-0.06,127.67,57.67,0,0.0033697658,Low Risk,Active Regular Customers,No immediate action
12516.92,0,0.0,0.0,0.0,0.0,0.0,0.0,1,0.6085993,Medium Risk,Occasional Flyers,Double miles campaign
2837.16,32,2149.5416666666665,1.0,-0.1818181818181818,-0.28,-0.99,3.33,0,0.005765487,Low Risk,Active Regular Customers,No immediate action
5395.83,45,5949.818181818182,0.0,0.31249999999999994,1.83,170.33,84.92,0,0.006038503,Low Risk,Active Regular Customers,No immediate action
8193.75,17,1151.375,0.0,2.15,52.44,-0.96,4.25,0,0.0023294752,Low Risk,Occasional Flyers,No immediate action
12157.33,39,2779.4583333333335,1.0,0.2,-0.19,-0.99,25.58,0,0.0056091985,Low Risk,Active Regular Customers,No immediate action
8007.4,53,8090.181818181818,0.0,1.5000000000000002,3.19,0.0,274.25,1,0.06410389,Low Risk,Champions / Premium Travelers,Exclusive loyalty rewards
10357.63,37,2204.875,1.0,-0.1063829787234043,-0.28,2.87,14.92,0,0.0063255886,Low Risk,Active Regular Customers,No immediate action
2393.92,42,2553.6666666666665,3.0,-0.3333333333333333,-0.72,0.0,11.67,0,0.040309317,Low Risk,Active Regular Customers,No immediate action
15814.75,36,2841.75,0.0,0.3902439024390244,0.53,69.83,8.67,0,0.0028048921,Low Risk,Active Regular Customers,No immediate action
2452.06,29,1689.5,1.0,0.18421052631578944,0.61,174.33,30.92,0,0.0053406004,Low Risk,Active Regular Customers,No immediate action
7787.43,32,1987.8333333333333,0.0,-0.09302325581395345,-0.09,-0.97,2.0,0,0.0022361905,Low Risk,Active Regular Customers,No immediate action
9880.1,39,2456.875,0.0,-0.06250000000000001,0.06,1.58,7.58,0,0.002366016,Low Risk,Active Regular Customers,No immediate action
28799.95,42,2402.4583333333335,1.0,0.12499999999999996,0.2,1.55,49.67,0,0.009348835,Low Risk,Active Regular Customers,No immediate action
3489.28,28,2150.5416666666665,0.0,0.21621621621621623,0.21,2.79,4.67,0,0.0029357988,Low Risk,Active Regular Customers,No immediate action
2491.26,28,1627.375,0.0,0.21621621621621623,0.29,-0.99,2.0,0,0.0015967353,Low Risk,Active Regular Customers,No immediate action
9685.54,43,2639.4583333333335,0.0,0.10204081632653057,-0.21,-0.95,48.25,0,0.0029318528,Low Risk,Active Regular Customers,No immediate action
8888.89,34,2643.2916666666665,4.0,-0.37499999999999994,-0.64,-0.98,27.67,0,0.10859169,Low Risk,Active Regular Customers,No immediate action
5295.74,50,3157.875,0.0,-0.10526315789473682,0.15,-0.99,11.0,0,0.0018774058,Low Risk,Active Regular Customers,No immediate action
12362.09,33,3896.3636363636365,0.0,3.4347826086956528,16.69,121.33,28.25,0,0.014174133,Low Risk,Active Regular Customers,No immediate action
5313.29,46,2916.5,0.0,1.0,1.7,-0.97,11.67,0,0.0034111592,Low Risk,Active Regular Customers,No immediate action
13115.41,35,1964.0,4.0,-0.5294117647058824,-0.9,0.0,3.58,0,0.17452763,Low Risk,Active Regular Customers,No immediate action
5093.01,40,2470.5833333333335,0.0,0.4651162790697675,1.76,-0.98,11.33,0,0.0014337901,Low Risk,Active Regular Customers,No immediate action
2685.9,41,2677.625,2.0,-0.32075471698113206,-0.63,-0.99,6.25,0,0.012465651,Low Risk,Active Regular Customers,No immediate action
8079.83,49,2608.75,1.0,0.13207547169811326,0.24,57.17,19.58,0,0.008832344,Low Risk,Active Regular Customers,No immediate action
6921.97,13,729.2083333333334,0.0,2.1666666666666665,2916.83,87.83,8.25,0,0.0052521406,Low Risk,Occasional Flyers,No immediate action
20930.05,31,1912.4583333333333,0.0,0.024390243902439036,0.25,-0.98,9.58,0,0.0024054423,Low Risk,Active Regular Customers,No immediate action
2755.22,44,2435.4583333333335,0.0,0.16326530612244888,0.55,1.63,3.33,0,0.0056716343,Low Risk,Active Regular Customers,No immediate action
5715.79,25,1676.4166666666667,0.0,1.0689655172413794,1.84,186.83,6.92,0,0.0016687464,Low Risk,Occasional Flyers,No immediate action
4764.86,40,2637.125,0.0,0.17391304347826086,0.23,2.69,2.67,0,0.0050118063,Low Risk,Active Regular Customers,No immediate action
3323.86,31,1841.2083333333333,0.0,-0.07142857142857137,-0.14,2.82,21.58,0,0.0015255307,Low Risk,Active Regular Customers,No immediate action
7998.14,37,2091.9166666666665,1.0,-0.18749999999999997,-0.37,1.84,12.92,0,0.0023909733,Low Risk,Active Regular Customers,No immediate action
4787.47,41,2233.1666666666665,0.0,-0.5178571428571429,-0.71,2.21,22.92,0,0.00065669947,Low Risk,Active Regular Customers,No immediate action
9807.83,30,3557.6363636363635,1.0,3.363636363636363,9.04,0.0,91.67,0,0.48970172,Medium Risk,Active Regular Customers,Double miles campaign
4140.65,44,2277.9583333333335,0.0,-0.29090909090909084,-0.48,1.66,22.0,0,0.0009991227,Low Risk,Active Regular Customers,No immediate action
2451.54,42,2474.4583333333335,2.0,-0.03999999999999994,0.38,-0.96,6.33,0,0.0049820878,Low Risk,Active Regular Customers,No immediate action
6997.01,31,1962.2916666666667,1.0,-0.1627906976744186,-0.33,0.84,11.58,0,0.010548862,Low Risk,Active Regular Customers,No immediate action
8513.59,35,2313.9583333333335,0.0,1.0571428571428572,2.47,-0.95,20.25,0,0.003522804,Low Risk,Active Regular Customers,No immediate action
3433.82,0,0.0,0.0,0.0,0.0,0.0,0.0,1,0.63413346,Medium Risk,Occasional Flyers,Double miles campaign
2503.6,35,2565.1666666666665,1.0,0.11627906976744191,0.22,67.33,14.92,0,0.0061176065,Low Risk,Active Regular Customers,No immediate action
8879.79,0,0.0,0.0,0.0,0.0,0.0,0.0,1,0.5934868,Medium Risk,Occasional Flyers,Double miles campaign
2521.68,56,3183.9166666666665,1.0,0.4444444444444445,0.83,-0.96,12.67,0,0.0030490262,Low Risk,Active Regular Customers,No immediate action
10719.08,59,4037.8333333333335,0.0,0.5272727272727273,0.82,0.36,6.92,0,0.011818388,Low Risk,Active Regular Customers,No immediate action
2280.39,30,2069.2083333333335,0.0,-0.2325581395348837,-0.74,1.08,13.67,0,0.002182432,Low Risk,Active Regular Customers,No immediate action
27440.61,43,2547.875,2.0,0.10204081632653057,0.35,2.38,21.58,0,0.008917172,Low Risk,Active Regular Customers,No immediate action
2937.17,4,125.0,0.0,0.6666666666666666,500.0,0.0,4.0,0,0.0035233127,Low Risk,Occasional Flyers,No immediate action
2606.21,8,639.1666666666666,1.0,1.3333333333333333,2556.67,0.0,6.0,0,0.0121188,Low Risk,Occasional Flyers,No immediate action
4904.89,24,1630.6666666666667,1.0,-0.21052631578947373,-0.52,0.0,8.67,0,0.006738626,Low Risk,Active Regular Customers,No immediate action
4031.54,23,1526.875,2.0,-0.08333333333333331,-0.01,-0.99,2.92,0,0.013632929,Low Risk,Active Regular Customers,No immediate action
5498.94,57,3631.375,0.0,0.11864406779661016,0.73,-0.39,74.25,0,0.004876054,Low Risk,Active Regular Customers,No immediate action
3839.61,58,3228.625,0.0,-0.09523809523809527,0.13,1.17,17.0,0,0.0046860375,Low Risk,Active Regular Customers,No immediate action
7531.03,6,261.25,19.0,-0.25,-1.0,-0.98,9.0,1,0.9663109,High Risk,Dormant Customers,30% bonus miles + reactivation email
4942.63,25,1723.5,0.0,1.0689655172413794,2.16,-0.98,10.92,0,0.002148886,Low Risk,Active Regular Customers,No immediate action
3885.46,28,2220.0833333333335,0.0,0.0,0.07,-0.96,8.67,0,0.0023662986,Low Risk,Active Regular Customers,No immediate action
3985.55,40,2190.7083333333335,0.0,0.17391304347826086,0.18,72.17,18.0,0,0.0017123944,Low Risk,Active Regular Customers,No immediate action
29830.39,16,719.7916666666666,0.0,0.4444444444444445,0.69,0.0,1.33,0,0.00940463,Low Risk,Occasional Flyers,No immediate action
24238.66,29,1499.75,0.0,0.07692307692307684,0.65,175.67,8.25,0,0.0021139998,Low Risk,Occasional Flyers,No immediate action
4759.62,32,1777.1666666666667,0.0,-0.1818181818181818,-0.6,0.0,28.67,0,0.0029175095,Low Risk,Active Regular Customers,No immediate action
3386.53,47,2586.5833333333335,0.0,0.26000000000000006,0.76,2.27,14.25,0,0.0011446865,Low Risk,Active Regular Customers,No immediate action
6751.78,16,1203.0416666666667,2.0,2.6666666666666665,4812.17,0.0,24.0,0,0.026085053,Low Risk,Occasional Flyers,No immediate action
7659.72,42,2505.25,0.0,0.8292682926829268,1.84,0.67,3.67,0,0.0049747084,Low Risk,Active Regular Customers,No immediate action
5903.61,16,1013.0416666666666,6.0,-0.47058823529411764,-1.0,0.0,11.33,1,0.6882649,Medium Risk,Occasional Flyers,Double miles campaign
5935.82,33,4583.272727272727,1.0,0.17073170731707327,-0.3,-0.97,68.25,0,0.054049797,Low Risk,Active Regular Customers,No immediate action
6403.58,0,0.0,0.0,0.0,0.0,0.0,0.0,0,0.6084303,Medium Risk,Occasional Flyers,Double miles campaign
8255.76,44,6221.818181818182,1.0,2.8,10.72,0.7,68.0,0,0.06753502,Low Risk,Champions / Premium Travelers,Exclusive loyalty rewards
5394.0,48,4216.0,0.0,3.2,6.2,0.0,178.67,0,0.04294678,Low Risk,Champions / Premium Travelers,Exclusive loyalty rewards
3649.19,0,0.0,0.0,0.0,0.0,0.0,0.0,1,0.61384726,Medium Risk,Occasional Flyers,Double miles campaign
6019.96,0,0.0,0.0,0.0,0.0,0.0,0.0,1,0.61241716,Medium Risk,Occasional Flyers,Double miles campaign
2795.41,50,3281.1666666666665,0.0,0.11111111111111116,0.21,-0.97,17.0,0,0.0024787784,Low Risk,Active Regular Customers,No immediate action
2688.86,0,0.0,0.0,0.0,0.0,0.0,0.0,1,0.5405712,Medium Risk,Occasional Flyers,Double miles campaign
4898.67,36,1899.6666666666667,0.0,-0.1702127659574468,-0.26,-0.97,7.33,0,0.0017907993,Low Risk,Active Regular Customers,No immediate action
6273.91,25,1544.0833333333333,0.0,0.5937499999999999,1.95,-0.95,20.92,0,0.0019948275,Low Risk,Active Regular Customers,No immediate action
2602.21,19,1310.0416666666667,9.0,-0.5135135135135136,-1.0,-0.96,0.92,0,0.9474846,High Risk,Dormant Customers,30% bonus miles + reactivation email
8622.84,35,2020.0416666666667,1.0,0.11627906976744191,0.76,88.17,6.25,0,0.008016403,Low Risk,Active Regular Customers,No immediate action
5119.41,49,2496.6666666666665,1.0,0.055555555555555504,-0.11,2.04,16.92,0,0.003345356,Low Risk,Active Regular Customers,No immediate action
14808.06,0,0.0,0.0,0.0,0.0,0.0,0.0,1,0.5735668,Medium Risk,Occasional Flyers,Double miles campaign
7284.45,9,446.9166666666667,0.0,1.5,1787.67,0.0,2.92,0,0.010314266,Low Risk,Occasional Flyers,No immediate action
4960.55,37,2487.9166666666665,1.0,-0.2653061224489796,-0.22,-0.98,44.92,0,0.0051563103,Low Risk,Active Regular Customers,No immediate action
8689.82,44,2921.2916666666665,1.0,0.3404255319148936,0.47,0.0,44.67,0,0.013736861,Low Risk,Active Regular Customers,No immediate action
8736.5,35,2127.5416666666665,0.0,0.11627906976744191,0.1,0.0,4.25,0,0.002950588,Low Risk,Active Regular Customers,No immediate action
5037.95,13,925.9166666666666,6.0,-0.4193548387096774,-1.0,0.0,16.25,1,0.7551011,Medium Risk,Occasional Flyers,Double miles campaign
6265.34,3,174.41666666666666,22.0,-0.14285714285714285,-1.0,0.0,2.25,0,0.8918781,High Risk,Dormant Customers,30% bonus miles + reactivation email
5285.31,38,2112.625,0.0,0.7692307692307692,1.27,-0.98,5.67,0,0.0015990342,Low Risk,Active Regular Customers,No immediate action
9095.05,0,0.0,0.0,0.0,0.0,0.0,0.0,1,0.5934868,Medium Risk,Occasional Flyers,Double miles campaign
8002.31,0,0.0,0.0,0.0,0.0,0.0,0.0,0,0.5989688,Medium Risk,Occasional Flyers,Double miles campaign
2356.7,32,1779.4583333333333,3.0,-0.425531914893617,-0.82,2.59,14.67,0,0.021128697,Low Risk,Active Regular Customers,No immediate action
8131.78,37,4580.636363636364,0.0,-0.33999999999999997,-0.67,0.0,71.58,0,0.029422728,Low Risk,Active Regular Customers,No immediate action
3430.32,42,3059.9583333333335,0.0,-0.3333333333333333,-0.53,-0.97,33.67,0,0.005279643,Low Risk,Active Regular Customers,No immediate action
3915.8,28,2250.75,1.0,0.0,0.09,89.5,12.67,0,0.005396394,Low Risk,Active Regular Customers,No immediate action
2894.33,6,164.58333333333334,0.0,1.0,658.33,76.33,3.67,0,0.0033167405,Low Risk,Occasional Flyers,No immediate action
2287.92,46,2364.5833333333335,3.0,-0.31578947368421045,-0.31,-0.21,41.67,0,0.02190516,Low Risk,Active Regular Customers,No immediate action
3208.23,41,2305.4166666666665,2.0,-0.02040816326530613,0.46,0.0,8.25,0,0.010099359,Low Risk,Active Regular Customers,No immediate action
10915.36,42,2642.5416666666665,0.0,0.4999999999999999,0.87,54.83,53.67,0,0.0033235413,Low Risk,Active Regular Customers,No immediate action
4929.55,46,3125.25,0.0,0.28571428571428564,0.23,0.95,25.0,0,0.0033917509,Low Risk,Active Regular Customers,No immediate action
4531.37,36,2225.7916666666665,1.0,0.0,-0.29,-0.96,18.0,0,0.0056086266,Low Risk,Active Regular Customers,No immediate action
8032.4,37,2336.8333333333335,1.0,0.35714285714285715,0.56,0.24,22.25,0,0.004775678,Low Risk,Active Regular Customers,No immediate action
4363.2,25,1566.5833333333333,0.0,-0.4146341463414634,-0.66,-0.98,22.92,0,0.002255262,Low Risk,Active Regular Customers,No immediate action
8840.19,0,0.0,0.0,0.0,0.0,0.0,0.0,1,0.5989688,Medium Risk,Occasional Flyers,Double miles campaign
9048.98,40,2250.2916666666665,0.0,0.08510638297872336,0.18,-0.99,0.67,0,0.002626364,Low Risk,Active Regular Customers,No immediate action
2275.36,21,1170.25,2.0,-0.14285714285714288,-0.21,-0.97,8.25,0,0.00812477,Low Risk,Active Regular Customers,No immediate action
4376.36,15,740.5833333333334,4.0,-0.09999999999999999,0.28,0.95,4.92,0,0.5774051,Medium Risk,Occasional Flyers,Double miles campaign
9112.27,42,2777.75,2.0,0.04081632653061218,-0.07,-0.99,61.67,0,0.012793898,Low Risk,Active Regular Customers,No immediate action
5225.25,53,3440.9166666666665,0.0,0.052631578947368515,-0.01,78.83,98.25,0,0.0028186361,Low Risk,Active Regular Customers,No immediate action
5601.14,0,0.0,0.0,0.0,0.0,0.0,0.0,1,0.61171925,Medium Risk,Occasional Flyers,Double miles campaign
2300.69,31,2281.5416666666665,0.0,0.12499999999999994,0.09,0.0,7.58,0,0.0019578729,Low Risk,Active Regular Customers,No immediate action
4636.55,35,2098.4166666666665,1.0,0.3170731707317074,1.02,1.26,12.92,0,0.0045606275,Low Risk,Active Regular Customers,No immediate action
4927.71,41,3063.9166666666665,0.0,-0.09999999999999996,-0.28,4.47,6.92,0,0.002770515,Low Risk,Active Regular Customers,No immediate action
8458.53,41,2676.625,0.0,0.06249999999999994,-0.14,1.69,12.92,0,0.0012172781,Low Risk,Active Regular Customers,No immediate action
4016.54,0,0.0,0.0,0.0,0.0,0.0,0.0,1,0.61384726,Medium Risk,Occasional Flyers,Double miles campaign
6111.05,21,1452.2916666666667,0.0,1.8695652173913044,10.03,126.83,16.25,0,0.0029707458,Low Risk,Occasional Flyers,No immediate action
2599.04,0,0.0,0.0,0.0,0.0,0.0,0.0,0,0.7261017,Medium Risk,Occasional Flyers,Double miles campaign
2874.07,15,1076.625,2.0,0.3333333333333333,1.78,-0.96,4.25,0,0.061062217,Low Risk,Occasional Flyers,No immediate action
4372.19,20,2427.2727272727275,2.0,-0.11764705882352941,-0.75,0.0,57.33,0,0.14047968,Low Risk,Active Regular Customers,No immediate action
4951.66,51,3212.75,0.0,-0.3709677419354839,-0.28,-0.65,27.58,0,0.0027304592,Low Risk,Active Regular Customers,No immediate action
5266.42,31,2190.9583333333335,1.0,0.024390243902439036,0.27,-0.99,7.58,0,0.0051335166,Low Risk,Active Regular Customers,No immediate action
7179.23,3,230.875,0.0,0.5,923.5,0.0,2.25,0,0.002942151,Low Risk,Occasional Flyers,No immediate action
6656.71,47,3507.0833333333335,2.0,0.1764705882352942,0.25,2.61,2.92,0,0.017110271,Low Risk,Active Regular Customers,No immediate action
7739.55,39,2257.625,0.0,0.02127659574468086,0.67,0.0,6.25,0,0.0027556207,Low Risk,Active Regular Customers,No immediate action
7344.84,42,2446.75,2.0,-0.19230769230769232,-0.17,-0.97,9.67,0,0.012057136,Low Risk,Active Regular Customers,No immediate action
8428.47,27,1980.6666666666667,0.0,0.25,1.01,0.0,17.58,0,0.0028786615,Low Risk,Active Regular Customers,No immediate action
5384.53,36,2616.5833333333335,1.0,-0.25,-0.27,0.0,18.0,0,0.006634837,Low Risk,Active Regular Customers,No immediate action
5113.87,0,0.0,0.0,0.0,0.0,0.0,0.0,1,0.61171925,Medium Risk,Occasional Flyers,Double miles campaign
25585.73,36,2396.0416666666665,3.0,0.0,0.57,0.34,59.33,0,0.02158932,Low Risk,Active Regular Customers,No immediate action
3567.5,33,2180.5416666666665,0.0,0.17073170731707327,0.55,0.0,9.58,0,0.0029150029,Low Risk,Active Regular Customers,No immediate action
3919.37,34,1918.5,1.0,0.046511627906976764,-0.15,-0.99,11.0,0,0.004947488,Low Risk,Active Regular Customers,No immediate action
7809.86,38,2525.7916666666665,1.0,0.6499999999999999,0.88,-0.99,37.67,0,0.0036935566,Low Risk,Active Regular Customers,No immediate action
2836.68,53,3539.0,0.0,0.12499999999999999,0.05,-0.99,2.25,0,0.002647617,Low Risk,Active Regular Customers,No immediate action
7804.6,15,642.5833333333334,11.0,-0.45454545454545453,-1.0,0.0,6.92,1,0.9410842,High Risk,Dormant Customers,30% bonus miles + reactivation email
5112.31,38,2575.375,0.0,0.22727272727272727,0.3,0.0,5.67,0,0.0023226598,Low Risk,Active Regular Customers,No immediate action
4927.71,0,0.0,0.0,0.0,0.0,0.0,0.0,0,0.61171925,Medium Risk,Occasional Flyers,Double miles campaign
8098.97,30,1802.4166666666667,0.0,-0.2325581395348837,0.13,-0.97,14.33,0,0.0018488739,Low Risk,Active Regular Customers,No immediate action
8056.9,39,2395.7916666666665,1.0,0.3953488372093024,1.65,6.41,6.92,0,0.008717563,Low Risk,Active Regular Customers,No immediate action
7334.33,41,2838.0,0.0,0.06249999999999994,0.15,0.59,7.58,0,0.0025315569,Low Risk,Active Regular Customers,No immediate action
10575.95,33,2344.9583333333335,0.0,0.2749999999999999,-0.28,-0.27,44.92,0,0.0016026313,Low Risk,Active Regular Customers,No immediate action
13780.49,33,1788.4583333333333,0.0,-0.023255813953488382,0.29,6.59,7.58,0,0.0028005196,Low Risk,Active Regular Customers,No immediate action
4540.99,44,2419.5416666666665,1.0,0.08000000000000004,-0.31,0.71,38.67,0,0.005020814,Low Risk,Active Regular Customers,No immediate action
3728.83,13,893.9583333333334,0.0,2.1666666666666665,3575.83,0.0,6.25,0,0.0041743913,Low Risk,Occasional Flyers,No immediate action
4650.06,56,3245.090909090909,0.0,6.909090909090908,11.88,141.83,325.33,0,0.016534906,Low Risk,Champions / Premium Travelers,Exclusive loyalty rewards
5065.94,4,120.04166666666667,11.0,-0.1818181818181818,-0.99,-0.95,4.0,1,0.9563511,High Risk,Dormant Customers,30% bonus miles + reactivation email
15789.65,38,1851.1666666666667,0.0,-0.04255319148936172,-0.3,0.07,11.0,0,0.0020563907,Low Risk,Active Regular Customers,No immediate action
2729.13,43,2353.375,2.0,0.10204081632653057,0.13,-0.97,20.92,0,0.018638836,Low Risk,Active Regular Customers,No immediate action
12265.6,2,125.66666666666667,2.0,0.3333333333333333,502.67,0.0,1.0,0,0.014795503,Low Risk,Occasional Flyers,No immediate action
8661.74,0,0.0,0.0,0.0,0.0,0.0,0.0,1,0.5989688,Medium Risk,Occasional Flyers,Double miles campaign
12866.89,25,1764.7083333333333,0.0,0.7419354838709676,1.7,88.5,1.58,0,0.0012713476,Low Risk,Occasional Flyers,No immediate action
10963.96,21,1425.0416666666667,2.0,0.5000000000000001,0.5,2.28,6.92,0,0.01001556,Low Risk,Occasional Flyers,No immediate action
2495.46,0,0.0,0.0,0.0,0.0,0.0,0.0,1,0.5546234,Medium Risk,Occasional Flyers,Double miles campaign
19357.8,43,2850.0,0.0,0.3695652173913044,0.85,4.07,62.25,0,0.0034295698,Low Risk,Active Regular Customers,No immediate action
2674.73,0,0.0,0.0,0.0,0.0,0.0,0.0,1,0.5151566,Medium Risk,Occasional Flyers,Double miles campaign
5232.45,37,2792.375,2.0,-0.2653061224489796,-0.63,-0.98,18.92,0,0.023392215,Low Risk,Active Regular Customers,No immediate action
3796.55,48,3161.5416666666665,0.0,0.5957446808510637,1.17,0.0,65.33,0,0.005965981,Low Risk,Active Regular Customers,No immediate action
4416.21,0,0.0,0.0,0.0,0.0,0.0,0.0,1,0.61384726,Medium Risk,Occasional Flyers,Double miles campaign
2577.32,48,2551.9583333333335,1.0,0.1538461538461539,-0.15,-0.99,44.67,0,0.0066919983,Low Risk,Active Regular Customers,No immediate action
11638.9,51,3493.125,2.0,0.09090909090909102,0.15,-0.99,18.92,0,0.019114835,Low Risk,Active Regular Customers,No immediate action
5382.75,6,484.25,0.0,1.0,1937.0,125.33,3.0,0,0.0077324244,Low Risk,Occasional Flyers,No immediate action
10834.87,20,1284.9166666666667,1.0,0.2580645161290323,1.13,-0.98,8.67,0,0.006192447,Low Risk,Occasional Flyers,No immediate action
3509.97,44,3012.8333333333335,1.0,0.0,0.02,-0.99,35.33,0,0.012485696,Low Risk,Active Regular Customers,No immediate action
16706.12,5,276.25,0.0,0.8333333333333334,1105.0,0.0,6.25,0,0.0019790414,Low Risk,Occasional Flyers,No immediate action
25807.06,12,810.4583333333334,15.0,-0.4,-1.0,-0.98,8.67,1,0.98351777,High Risk,Dormant Customers,30% bonus miles + reactivation email
4636.55,36,2117.4166666666665,0.0,0.18604651162790697,0.58,-0.99,4.67,0,0.0011512773,Low Risk,Active Regular Customers,No immediate action
5657.81,30,1860.2083333333333,0.0,0.04999999999999992,0.33,-0.98,19.67,0,0.0018587329,Low Risk,Active Regular Customers,No immediate action
19231.77,42,2381.0,2.0,-0.3333333333333333,-0.52,0.0,33.67,0,0.02031619,Low Risk,Active Regular Customers,No immediate action
4872.77,0,0.0,0.0,0.0,0.0,0.0,0.0,1,0.61171925,Medium Risk,Occasional Flyers,Double miles campaign
7996.6,52,3057.375,0.0,0.4705882352941177,0.05,1.57,11.33,0,0.0023051437,Low Risk,Active Regular Customers,No immediate action
4820.7,24,1465.125,1.0,0.11428571428571434,0.72,0.0,8.67,0,0.0089971805,Low Risk,Active Regular Customers,No immediate action
4914.73,29,1381.7083333333333,6.0,-0.6170212765957447,-1.0,-0.98,31.58,0,0.53510296,Medium Risk,Active Regular Customers,Double miles campaign
5047.48,39,2177.1666666666665,0.0,-0.29411764705882354,-0.64,-0.98,19.58,0,0.0018334674,Low Risk,Active Regular Customers,No immediate action
8036.45,80,2711.5,0.0,-0.37209302325581395,-0.39,-0.95,128.67,0,0.009701236,Low Risk,Active Regular Customers,No immediate action
40636.67,0,0.0,0.0,0.0,0.0,0.0,0.0,0,0.47304964,Medium Risk,Occasional Flyers,Double miles campaign
3135.41,40,2527.8333333333335,1.0,0.0,0.08,2.03,14.0,0,0.0028363653,Low Risk,Active Regular Customers,No immediate action
5555.83,37,2609.7916666666665,3.0,0.575,1.37,3.87,134.25,0,0.11290652,Low Risk,Active Regular Customers,No immediate action
4354.4,30,2028.625,1.0,-0.048780487804877974,-0.2,1.65,25.67,0,0.004604622,Low Risk,Active Regular Customers,No immediate action
2823.5,30,2268.9583333333335,0.0,0.2631578947368421,1.39,-0.98,49.67,0,0.0034039435,Low Risk,Active Regular Customers,No immediate action
4636.55,40,1875.125,1.0,0.2666666666666666,-0.1,68.17,36.67,0,0.005743593,Low Risk,Active Regular Customers,No immediate action
5384.67,8,569.2916666666666,20.0,-0.30769230769230765,-1.0,0.0,8.0,1,0.88889813,High Risk,Dormant Customers,30% bonus miles + reactivation email
17253.73,29,1643.875,0.0,0.18421052631578944,0.64,0.42,10.25,0,0.0037314596,Low Risk,Active Regular Customers,No immediate action
21504.34,41,1769.375,1.0,0.642857142857143,1.04,74.17,38.92,0,0.006925839,Low Risk,Active Regular Customers,No immediate action
44856.11,37,2365.375,0.0,0.2558139534883721,0.38,0.0,8.25,0,0.0026696015,Low Risk,Active Regular Customers,No immediate action
7927.18,43,3125.5,0.0,-0.058823529411764656,-0.4,-0.99,18.92,0,0.001966172,Low Risk,Active Regular Customers,No immediate action
13265.96,42,2920.5833333333335,1.0,0.4999999999999999,1.75,-0.33,37.67,0,0.018318925,Low Risk,Active Regular Customers,No immediate action
2621.81,42,2404.75,1.0,-0.19230769230769232,-0.48,0.0,9.67,0,0.018168848,Low Risk,Active Regular Customers,No immediate action
2894.24,42,7161.363636363636,0.0,2.8275862068965516,19.86,0.0,55.0,0,0.08214594,Low Risk,Champions / Premium Travelers,Exclusive loyalty rewards
4874.22,0,0.0,0.0,0.0,0.0,0.0,0.0,0,0.61171925,Medium Risk,Occasional Flyers,Double miles campaign
5015.64,48,3282.8333333333335,0.0,-0.21052631578947364,-0.29,-0.98,11.33,0,0.0026319758,Low Risk,Active Regular Customers,No immediate action
2618.33,33,2140.9166666666665,0.0,-0.28260869565217395,-0.45,-0.98,12.92,0,0.004347917,Low Risk,Active Regular Customers,No immediate action
4872.58,38,2670.0416666666665,1.0,0.3255813953488372,1.26,9.98,27.67,0,0.008444537,Low Risk,Active Regular Customers,No immediate action
4468.22,47,3231.0416666666665,0.0,1.0714285714285716,2.25,-0.98,21.58,0,0.0032959136,Low Risk,Active Regular Customers,No immediate action
13379.81,16,939.2916666666666,2.0,0.13793103448275862,1.14,0.0,28.67,0,0.11449823,Low Risk,Occasional Flyers,No immediate action
8110.33,48,2693.875,1.0,0.0,0.42,-0.96,18.0,0,0.008184116,Low Risk,Active Regular Customers,No immediate action
4318.43,50,4878.909090909091,0.0,8.333333333333334,13417.0,77.0,193.0,0,0.04089774,Low Risk,Champions / Premium Travelers,Exclusive loyalty rewards
5548.03,48,2852.5,0.0,0.0,0.18,-0.98,28.67,0,0.0027813364,Low Risk,Active Regular Customers,No immediate action
5106.78,5,447.7083333333333,0.0,0.8333333333333334,1790.83,0.0,6.25,0,0.005661188,Low Risk,Occasional Flyers,No immediate action
7582.11,4,356.0,0.0,0.6666666666666666,1424.0,0.0,4.0,0,0.0019023193,Low Risk,Occasional Flyers,No immediate action
2581.02,21,1207.875,0.0,0.3548387096774193,1.8,0.0,10.92,0,0.0064662923,Low Risk,Occasional Flyers,No immediate action
8414.94,38,2256.9583333333335,1.0,0.1333333333333333,1.13,0.0,81.67,0,0.011597761,Low Risk,Active Regular Customers,No immediate action
5500.58,28,2085.25,0.0,-0.45454545454545453,-0.78,-0.98,3.33,0,0.0026924107,Low Risk,Active Regular Customers,No immediate action
7736.65,20,1309.625,0.0,0.8888888888888888,2.23,-0.97,3.33,0,0.003397003,Low Risk,Occasional Flyers,No immediate action
6042.62,53,3348.3333333333335,0.0,0.12499999999999999,0.43,1.05,10.92,0,0.00385973,Low Risk,Active Regular Customers,No immediate action
16350.13,38,2450.75,1.0,0.22727272727272727,0.42,-0.98,51.0,0,0.008178885,Low Risk,Active Regular Customers,No immediate action
4682.25,46,2975.625,4.0,-0.25000000000000006,-0.31,0.0,35.0,0,0.2172054,Low Risk,Active Regular Customers,No immediate action
7680.75,32,2167.6666666666665,1.0,0.0,0.07,3.83,8.0,0,0.0069752536,Low Risk,Active Regular Customers,No immediate action
11972.78,0,0.0,0.0,0.0,0.0,0.0,0.0,1,0.6085993,Medium Risk,Occasional Flyers,Double miles campaign
18544.3,33,2013.6666666666667,0.0,-0.2,-0.31,-0.97,8.25,0,0.0021883359,Low Risk,Active Regular Customers,No immediate action
3572.49,2,177.25,1.0,0.3333333333333333,709.0,0.0,1.0,0,0.004081536,Low Risk,Occasional Flyers,No immediate action
26864.2,0,0.0,0.0,0.0,0.0,0.0,0.0,0,0.7645511,Medium Risk,Occasional Flyers,Double miles campaign
5380.9,37,2007.2083333333333,0.0,0.15909090909090906,0.13,1.2,4.25,0,0.0027384704,Low Risk,Active Regular Customers,No immediate action
5598.27,36,2392.4583333333335,0.0,1.625,5.26,0.19,42.0,0,0.0031491409,Low Risk,Active Regular Customers,No immediate action
4770.55,44,2736.625,0.0,0.16326530612244888,0.07,5.74,12.67,0,0.0023963705,Low Risk,Active Regular Customers,No immediate action
7757.92,40,2605.1666666666665,0.0,0.3636363636363637,0.25,0.61,8.0,0,0.0015717916,Low Risk,Active Regular Customers,No immediate action
14663.2,36,2260.8333333333335,0.0,-0.326530612244898,-0.3,100.0,0.67,0,0.0012706878,Low Risk,Active Regular Customers,No immediate action
6104.5,2,79.25,0.0,0.3333333333333333,317.0,0.0,1.0,0,0.0026347598,Low Risk,Occasional Flyers,No immediate action
5062.37,17,880.5833333333334,3.0,-0.2727272727272727,-0.4,-0.96,2.92,0,0.12958516,Low Risk,Occasional Flyers,No immediate action
10080.37,34,2217.5416666666665,1.0,0.4615384615384614,0.51,0.0,69.67,0,0.011649524,Low Risk,Active Regular Customers,No immediate action
9927.05,2,166.91666666666666,23.0,-0.09999999999999999,-1.0,0.0,1.0,1,0.9270801,High Risk,Dormant Customers,30% bonus miles + reactivation email
2585.94,49,3424.4583333333335,0.0,-0.01818181818181812,0.05,0.0,62.25,0,0.0038584343,Low Risk,Active Regular Customers,No immediate action
17771.55,0,0.0,0.0,0.0,0.0,0.0,0.0,1,0.5974888,Medium Risk,Occasional Flyers,Double miles campaign
4250.28,38,2350.75,0.0,0.1333333333333333,0.84,0.0,23.0,0,0.0019930815,Low Risk,Active Regular Customers,No immediate action
9100.79,44,3168.5833333333335,1.0,0.3404255319148936,0.73,-0.99,18.67,0,0.0062498124,Low Risk,Active Regular Customers,No immediate action
2374.81,0,0.0,0.0,0.0,0.0,0.0,0.0,1,0.4995626,Medium Risk,Occasional Flyers,Double miles campaign
13235.54,40,2405.9166666666665,0.0,0.0,0.01,-0.95,22.67,0,0.0020276303,Low Risk,Active Regular Customers,No immediate action
5677.47,15,1108.9166666666667,0.0,2.5,4435.67,0.0,22.92,0,0.006896323,Low Risk,Occasional Flyers,No immediate action
3887.32,11,690.5,1.0,0.7727272727272727,2.11,0.0,14.25,0,0.011228911,Low Risk,Occasional Flyers,No immediate action
14827.91,4,261.4166666666667,0.0,0.6666666666666666,1045.67,0.0,2.0,0,0.0021848392,Low Risk,Occasional Flyers,No immediate action
3721.06,29,1627.875,2.0,0.29729729729729737,0.74,-0.98,30.92,0,0.039360665,Low Risk,Active Regular Customers,No immediate action
7390.9,47,2946.1666666666665,0.0,0.018867924528301893,0.45,0.0,10.25,0,0.0069359383,Low Risk,Active Regular Customers,No immediate action
5608.17,0,0.0,0.0,0.0,0.0,0.0,0.0,0,0.61171925,Medium Risk,Occasional Flyers,Double miles campaign
14713.52,27,1416.8333333333333,0.0,0.026315789473684223,0.05,0.0,14.92,0,0.0028209006,Low Risk,Active Regular Customers,No immediate action
2396.22,34,1886.875,0.0,-0.04545454545454547,0.27,-0.96,1.0,0,0.0035285417,Low Risk,Active Regular Customers,No immediate action
3528.04,37,2383.375,0.0,0.575,0.75,-0.97,2.92,0,0.0018088218,Low Risk,Active Regular Customers,No immediate action
7268.1,24,1525.375,1.0,0.23529411764705882,0.82,-0.97,13.33,0,0.0078124944,Low Risk,Active Regular Customers,No immediate action
5109.5,33,1849.375,1.0,0.17073170731707327,-0.42,-0.97,60.92,0,0.012696173,Low Risk,Active Regular Customers,No immediate action
6612.22,21,1330.5833333333333,0.0,1.625,5.64,77.67,20.25,0,0.002588676,Low Risk,Occasional Flyers,No immediate action
7779.59,32,2464.625,2.0,1.0909090909090908,3.11,2.56,42.0,1,0.08229572,Low Risk,Active Regular Customers,No immediate action
21240.94,33,2391.9583333333335,0.0,0.07142857142857147,0.32,6.02,6.25,0,0.0037191953,Low Risk,Active Regular Customers,No immediate action
3233.26,39,2318.0416666666665,0.0,0.02127659574468086,0.33,0.0,8.25,0,0.0028989082,Low Risk,Active Regular Customers,No immediate action
6459.64,34,1934.875,0.0,0.3499999999999999,0.83,0.0,1.67,0,0.0030349598,Low Risk,Active Regular Customers,No immediate action
5380.32,0,0.0,0.0,0.0,0.0,0.0,0.0,1,0.61171925,Medium Risk,Occasional Flyers,Double miles campaign
8161.94,36,2084.7083333333335,0.0,0.0,0.5,1.12,12.67,0,0.0016503556,Low Risk,Active Regular Customers,No immediate action
9555.17,30,2096.4166666666665,2.0,-0.3181818181818182,-0.5,1.17,1.67,0,0.013723804,Low Risk,Active Regular Customers,No immediate action
7851.35,51,2460.7083333333335,2.0,0.017857142857142794,-0.37,0.0,14.92,0,0.009894485,Low Risk,Active Regular Customers,No immediate action
7403.45,35,2220.9583333333335,3.0,-0.0666666666666667,0.71,1.55,30.92,0,0.024414634,Low Risk,Active Regular Customers,No immediate action
6005.85,43,2414.4166666666665,0.0,-0.058823529411764656,-0.19,2.19,20.92,0,0.00084651046,Low Risk,Active Regular Customers,No immediate action
21710.28,46,2399.625,0.0,0.28571428571428564,-0.19,-0.96,85.67,0,0.0033104618,Low Risk,Active Regular Customers,No immediate action
5424.26,0,0.0,0.0,0.0,0.0,0.0,0.0,1,0.61171925,Medium Risk,Occasional Flyers,Double miles campaign
3861.49,0,0.0,0.0,0.0,0.0,0.0,0.0,1,0.61384726,Medium Risk,Occasional Flyers,Double miles campaign
5112.1,25,1631.25,0.0,0.08333333333333337,0.21,-0.95,21.58,0,0.0023387824,Low Risk,Active Regular Customers,No immediate action
2729.13,34,2245.9583333333335,5.0,-0.2173913043478261,-0.51,0.0,15.0,1,0.21081074,Low Risk,Active Regular Customers,No immediate action
5392.5,0,0.0,0.0,0.0,0.0,0.0,0.0,1,0.61171925,Medium Risk,Occasional Flyers,Double miles campaign
5041.3,44,3221.0,0.0,0.0,0.25,0.97,22.0,0,0.0053196633,Low Risk,Active Regular Customers,No immediate action
9928.99,44,2586.75,3.0,0.08000000000000004,0.36,-0.99,102.67,0,0.033777334,Low Risk,Active Regular Customers,No immediate action
5845.43,38,2520.5,1.0,-0.27999999999999997,-0.55,-0.99,8.33,0,0.006844166,Low Risk,Active Regular Customers,No immediate action
5908.16,35,1856.7083333333333,1.0,-0.3877551020408164,-0.38,4.07,9.58,0,0.0043456755,Low Risk,Active Regular Customers,No immediate action
2736.94,31,1956.0833333333333,1.0,-0.4130434782608696,-0.62,-0.99,10.92,1,0.005826944,Low Risk,Active Regular Customers,No immediate action
2354.5,30,1979.9166666666667,2.0,0.04999999999999992,-0.17,0.0,36.33,0,0.032518487,Low Risk,Active Regular Customers,No immediate action
9460.18,21,1274.0833333333333,0.0,0.5000000000000001,2.06,0.0,8.92,0,0.0037672513,Low Risk,Occasional Flyers,No immediate action
4984.62,29,1539.125,5.0,-0.5434782608695652,-0.9,0.0,8.92,0,0.09136915,Low Risk,Active Regular Customers,No immediate action
2725.36,28,1500.875,0.0,0.33333333333333337,0.37,1.4,8.67,0,0.0027395461,Low Risk,Active Regular Customers,No immediate action
9095.05,22,1733.1666666666667,0.0,1.307692307692308,5.18,0.0,17.0,0,0.0058611133,Low Risk,Occasional Flyers,No immediate action
8528.29,41,2433.3333333333335,0.0,0.642857142857143,1.45,1.22,11.58,0,0.0017882566,Low Risk,Active Regular Customers,No immediate action
6889.62,30,2009.625,0.0,0.7647058823529413,1.3,-0.98,23.0,0,0.001968907,Low Risk,Active Regular Customers,No immediate action
8092.88,30,1380.6666666666667,3.0,-0.14285714285714285,-0.52,-0.96,5.67,1,0.029056784,Low Risk,Active Regular Customers,No immediate action
10972.07,46,2879.5,1.0,-0.18181818181818177,-0.14,1.0,7.0,0,0.005824558,Low Risk,Active Regular Customers,No immediate action
9277.23,43,3164.5833333333335,0.0,0.3695652173913044,1.27,0.34,10.25,0,0.006631927,Low Risk,Active Regular Customers,No immediate action
2769.73,10,651.4166666666666,1.0,0.6363636363636364,3.79,2.9,14.33,0,0.020606592,Low Risk,Occasional Flyers,No immediate action
5116.73,33,2124.5416666666665,7.0,-0.6470588235294118,-1.0,0.24,8.92,0,0.8012797,High Risk,Active Regular Customers,Personalized route discount
5243.83,0,0.0,0.0,0.0,0.0,0.0,0.0,1,0.61171925,Medium Risk,Occasional Flyers,Double miles campaign
6778.84,30,1830.3333333333333,0.0,0.04999999999999992,-0.09,-0.98,5.67,0,0.002140407,Low Risk,Active Regular Customers,No immediate action
6051.64,22,1108.9583333333333,1.0,0.9285714285714285,2.59,85.5,1.67,0,0.0025926891,Low Risk,Occasional Flyers,No immediate action
2471.53,34,2350.0416666666665,0.0,-0.04545454545454547,-0.17,158.67,11.0,0,0.00097151834,Low Risk,Active Regular Customers,No immediate action
4479.49,29,1655.7916666666667,0.0,-0.21428571428571427,-0.54,-0.98,78.25,0,0.010011345,Low Risk,Active Regular Customers,No immediate action
2618.81,3,228.16666666666666,22.0,-0.14285714285714285,-1.0,0.0,2.25,0,0.94090873,High Risk,Dormant Customers,30% bonus miles + reactivation email
4741.81,41,2551.7083333333335,0.0,-0.02040816326530613,0.24,-0.99,48.92,0,0.0012731713,Low Risk,Active Regular Customers,No immediate action
3980.84,11,388.0416666666667,18.0,-0.37931034482758624,-1.0,0.0,11.58,0,0.94731927,High Risk,Dormant Customers,30% bonus miles + reactivation email
5234.78,53,2572.6666666666665,0.0,-0.08474576271186438,-0.11,-0.99,48.25,0,0.0021164909,Low Risk,Active Regular Customers,No immediate action
4167.09,12,429.8333333333333,1.0,2.0,3438.67,54.67,36.0,0,0.020282263,Low Risk,Occasional Flyers,No immediate action
7477.18,41,2728.8333333333335,1.0,-0.09999999999999996,-0.57,-0.97,11.58,0,0.007727183,Low Risk,Active Regular Customers,No immediate action
6696.9,29,1722.25,1.0,0.8181818181818181,1.85,0.0,33.58,1,0.012426541,Low Risk,Active Regular Customers,No immediate action
4349.31,32,2266.8333333333335,0.0,-0.09302325581395345,-0.11,0.0,26.0,0,0.0022676382,Low Risk,Active Regular Customers,No immediate action
10014.03,44,2725.2083333333335,0.0,0.16326530612244888,0.12,1.06,12.0,0,0.002430204,Low Risk,Active Regular Customers,No immediate action
8341.93,36,2321.0,0.0,0.2857142857142858,0.56,-0.97,6.0,0,0.0017116227,Low Risk,Active Regular Customers,No immediate action
17556.99,49,2886.1666666666665,0.0,0.055555555555555504,-0.05,1.82,28.92,0,0.0014295711,Low Risk,Active Regular Customers,No immediate action
14166.2,22,1119.375,1.0,0.7586206896551723,1.7,0.0,3.67,0,0.006055375,Low Risk,Occasional Flyers,No immediate action
16388.1,6,468.8333333333333,0.0,1.0,1875.33,0.0,3.67,0,0.005245262,Low Risk,Occasional Flyers,No immediate action
5411.95,28,1562.9583333333333,0.0,1.2000000000000002,2.29,0.0,16.67,0,0.0045250086,Low Risk,Active Regular Customers,No immediate action
6314.6,43,2602.4166666666665,0.0,-0.1346153846153846,-0.16,3.01,17.58,0,0.0014544798,Low Risk,Active Regular Customers,No immediate action
6595.1,46,2745.0,1.0,-0.31578947368421045,-0.59,-0.98,33.67,0,0.009157538,Low Risk,Active Regular Customers,No immediate action
2885.33,3,154.75,1.0,0.5,619.0,0.0,2.25,0,0.004999791,Low Risk,Occasional Flyers,No immediate action
5332.46,36,2121.0833333333335,0.0,0.0,0.4,2.19,10.0,0,0.0009014235,Low Risk,Active Regular Customers,No immediate action
32654.84,37,1829.375,1.0,0.2558139534883721,0.41,-0.99,14.92,0,0.0032387176,Low Risk,Active Regular Customers,No immediate action
21923.12,30,1834.25,0.0,-0.2325581395348837,-0.42,-0.98,15.0,0,0.0013616048,Low Risk,Active Regular Customers,No immediate action
4422.62,44,2178.2916666666665,1.0,-0.29090909090909084,-0.05,-0.98,13.33,0,0.0047366656,Low Risk,Active Regular Customers,No immediate action
13220.8,35,2344.25,0.0,-0.0666666666666667,-0.35,0.0,6.92,0,0.002868851,Low Risk,Active Regular Customers,No immediate action
16793.97,12,680.1666666666666,0.0,2.0,2720.67,0.0,14.67,0,0.0068223067,Low Risk,Occasional Flyers,No immediate action
5018.89,0,0.0,0.0,0.0,0.0,0.0,0.0,1,0.61171925,Medium Risk,Occasional Flyers,Double miles campaign
5878.45,27,1853.25,1.0,0.78125,0.81,0.0,24.25,0,0.00955055,Low Risk,Active Regular Customers,No immediate action
9322.09,42,2527.0416666666665,1.0,0.12499999999999996,0.33,0.37,11.67,0,0.01567023,Low Risk,Active Regular Customers,No immediate action
5454.59,56,3123.2916666666665,0.0,0.3636363636363637,0.55,-0.98,11.33,0,0.0017117008,Low Risk,Active Regular Customers,No immediate action
33473.35,13,809.0,0.0,0.44000000000000006,1.43,0.0,8.25,0,0.0058842837,Low Risk,Occasional Flyers,No immediate action
32437.05,20,1210.125,2.0,0.5517241379310345,-0.02,0.0,18.67,0,0.027121631,Low Risk,Occasional Flyers,No immediate action
8622.84,0,0.0,0.0,0.0,0.0,0.0,0.0,1,0.5989688,Medium Risk,Occasional Flyers,Double miles campaign
6186.5,36,2638.9583333333335,1.0,0.18604651162790697,0.0,-0.98,32.67,0,0.010785122,Low Risk,Active Regular Customers,No immediate action
4865.37,40,2816.7916666666665,0.0,0.4651162790697675,1.27,2.41,11.33,0,0.001281228,Low Risk,Active Regular Customers,No immediate action
3872.22,26,1490.375,1.0,0.16666666666666663,0.59,0.11,33.0,0,0.017952679,Low Risk,Active Regular Customers,No immediate action
41075.43,32,2013.375,0.0,-0.26666666666666666,-0.4,-0.98,2.67,0,0.0022433193,Low Risk,Active Regular Customers,No immediate action
7937.06,45,2838.5,1.0,-0.16666666666666666,-0.27,0.34,6.25,0,0.010201006,Low Risk,Active Regular Customers,No immediate action
3300.68,44,2553.0416666666665,0.0,0.0,-0.2,-0.99,6.0,0,0.0018034497,Low Risk,Active Regular Customers,No immediate action
3107.57,42,2350.7916666666665,1.0,0.3043478260869566,0.24,0.77,23.0,0,0.006222053,Low Risk,Active Regular Customers,No immediate action
5001.53,24,1178.0,2.0,-0.21052631578947373,-0.69,2.69,24.67,0,0.018135067,Low Risk,Active Regular Customers,No immediate action
2438.53,57,3358.2916666666665,1.0,-0.26153846153846155,-0.34,-0.99,55.58,0,0.003745732,Low Risk,Active Regular Customers,No immediate action
3436.13,49,2979.5,0.0,-0.01818181818181812,0.31,63.67,24.25,0,0.0024256501,Low Risk,Active Regular Customers,No immediate action
4582.67,37,2475.3333333333335,0.0,-0.33999999999999997,-0.43,1.45,40.92,0,0.0011784553,Low Risk,Active Regular Customers,No immediate action
9283.74,1,36.25,0.0,0.16666666666666666,145.0,0.0,0.25,0,0.0038573842,Low Risk,Occasional Flyers,No immediate action
58753.88,28,1894.0416666666667,0.0,-0.10000000000000003,-0.32,-0.95,10.0,0,0.0017872321,Low Risk,Active Regular Customers,No immediate action
5480.7,42,2904.6666666666665,1.0,0.4999999999999999,0.66,138.83,17.67,0,0.007110426,Low Risk,Active Regular Customers,No immediate action
5564.74,10,647.0,19.0,-0.35714285714285715,-1.0,0.0,8.33,1,0.95504826,High Risk,Dormant Customers,30% bonus miles + reactivation email
6051.64,32,1781.75,0.0,-0.26666666666666666,-0.71,2.5,24.67,0,0.00199846,Low Risk,Active Regular Customers,No immediate action
9075.77,22,1443.6666666666667,1.0,0.05882352941176473,0.87,-0.97,21.67,0,0.006016902,Low Risk,Active Regular Customers,No immediate action
5960.58,48,3184.375,0.0,-0.0727272727272727,-0.36,62.17,48.67,0,0.0045467913,Low Risk,Active Regular Customers,No immediate action
14024.36,28,1635.1666666666667,0.0,0.0,-0.26,7.35,2.0,0,0.0011671064,Low Risk,Active Regular Customers,No immediate action
3848.48,57,3557.8333333333335,0.0,-0.01639344262295076,0.04,0.0,28.25,0,0.0053326227,Low Risk,Active Regular Customers,No immediate action
5678.05,45,2829.3333333333335,2.0,0.13999999999999999,0.54,-0.97,42.92,0,0.03588963,Low Risk,Active Regular Customers,No immediate action
5387.93,0,0.0,0.0,0.0,0.0,0.0,0.0,1,0.61171925,Medium Risk,Occasional Flyers,Double miles campaign
16138.42,0,0.0,0.0,0.0,0.0,0.0,0.0,1,0.5974888,Medium Risk,Occasional Flyers,Double miles campaign
12157.33,49,2679.6666666666665,0.0,-0.01818181818181812,0.0,-0.98,24.92,0,0.0020242347,Low Risk,Active Regular Customers,No immediate action
5553.76,16,999.75,14.0,-0.47058823529411764,-1.0,0.0,4.67,1,0.91723067,High Risk,Dormant Customers,30% bonus miles + reactivation email
26197.41,25,1533.7916666666667,0.0,-0.13157894736842105,0.06,-0.96,4.25,0,0.0028538555,Low Risk,Active Regular Customers,No immediate action
2580.85,70,2355.7083333333335,2.0,-0.6024096385542169,-0.68,0.0,19.0,0,0.012797185,Low Risk,Active Regular Customers,No immediate action
2364.43,31,1821.2083333333333,0.0,0.3421052631578947,0.89,-0.98,9.58,0,0.0021264835,Low Risk,Active Regular Customers,No immediate action
5510.56,21,970.0833333333334,0.0,0.6551724137931034,1.75,3.35,12.92,0,0.002555712,Low Risk,Occasional Flyers,No immediate action
9986.66,30,1835.375,1.0,-0.14285714285714285,-0.06,86.0,3.0,0,0.0059477636,Low Risk,Active Regular Customers,No immediate action
8092.88,35,2127.5,0.0,1.2058823529411764,1.5,-0.98,21.58,0,0.004011257,Low Risk,Active Regular Customers,No immediate action
7200.66,32,1995.25,1.0,0.42105263157894735,0.73,0.29,34.0,0,0.012815211,Low Risk,Active Regular Customers,No immediate action
5552.33,37,2206.8333333333335,0.0,0.575,1.18,0.44,13.58,0,0.0013588092,Low Risk,Active Regular Customers,No immediate action
11790.5,49,3361.5416666666665,2.0,0.21153846153846156,0.06,0.96,20.25,0,0.03949524,Low Risk,Active Regular Customers,No immediate action
8491.86,38,2180.7916666666665,4.0,-0.490566037735849,-0.65,0.35,41.67,0,0.0627255,Low Risk,Active Regular Customers,No immediate action
2753.31,32,2058.2916666666665,0.0,-0.09302325581395345,-0.26,60.0,10.67,0,0.0011649483,Low Risk,Active Regular Customers,No immediate action
5595.84,49,3102.625,0.0,-0.01818181818181812,-0.06,0.0,34.25,0,0.0032643836,Low Risk,Active Regular Customers,No immediate action
2518.74,48,3905.9583333333335,2.0,-0.4590163934426229,-0.58,-0.98,0.67,0,0.008986809,Low Risk,Active Regular Customers,No immediate action
8819.02,41,1934.75,0.0,-0.02040816326530613,-0.24,-0.98,22.92,0,0.0014330776,Low Risk,Active Regular Customers,No immediate action
7908.67,21,1396.5,5.0,-0.3513513513513514,-0.75,1.51,7.58,1,0.08128591,Low Risk,Active Regular Customers,No immediate action
7417.41,62,6763.636363636364,0.0,1.7333333333333332,4.3,1.26,121.67,0,0.08965942,Low Risk,Champions / Premium Travelers,Exclusive loyalty rewards
36181.03,39,2701.5833333333335,0.0,-0.1428571428571429,-0.23,116.17,38.92,0,0.000761888,Low Risk,Active Regular Customers,No immediate action
2744.08,9,431.2083333333333,2.0,-0.19230769230769232,-0.64,2.63,2.25,0,0.21614683,Low Risk,Occasional Flyers,No immediate action
7250.03,7,496.25,0.0,1.1666666666666667,1985.0,0.0,4.25,0,0.0078003993,Low Risk,Occasional Flyers,No immediate action
20266.5,7,587.0416666666666,0.0,1.1666666666666667,2348.17,90.83,4.25,0,0.0066975346,Low Risk,Occasional Flyers,No immediate action
6369.26,75,8615.181818181818,0.0,1.9400000000000002,3.74,83.67,294.25,0,0.018700344,Low Risk,Champions / Premium Travelers,Exclusive loyalty rewards
9295.41,47,2780.0,1.0,0.34693877551020397,0.39,-0.99,7.58,0,0.0034999028,Low Risk,Active Regular Customers,No immediate action
5461.55,0,0.0,0.0,0.0,0.0,0.0,0.0,0,0.61171925,Medium Risk,Occasional Flyers,Double miles campaign
4732.22,34,3771.2727272727275,1.0,2.692307692307692,7.09,0.0,75.67,1,0.38573813,Low Risk,Active Regular Customers,No immediate action
3964.53,28,1282.375,0.0,0.10526315789473678,0.03,1.34,14.67,0,0.0026236684,Low Risk,Active Regular Customers,No immediate action
5323.87,43,2704.0416666666665,1.0,-0.20754716981132076,-0.43,0.14,27.58,0,0.009357702,Low Risk,Active Regular Customers,No immediate action
5207.2,43,2375.125,2.0,-0.27777777777777773,-0.57,0.0,20.25,0,0.01560689,Low Risk,Active Regular Customers,No immediate action
4458.11,21,1589.625,0.0,1.0,3.56,-0.98,4.25,0,0.0031395005,Low Risk,Occasional Flyers,No immediate action
4475.16,8,520.0416666666666,0.0,1.3333333333333333,2080.17,0.0,8.0,0,0.006366152,Low Risk,Occasional Flyers,No immediate action
8267.12,47,2920.7083333333335,0.0,0.34693877551020397,0.25,74.5,12.92,0,0.0047084396,Low Risk,Active Regular Customers,No immediate action
12741.85,31,2287.2083333333335,0.0,0.23076923076923073,0.72,-0.96,7.58,0,0.0019684227,Low Risk,Active Regular Customers,No immediate action
10963.96,34,2063.9166666666665,0.0,0.046511627906976764,0.2,4.13,3.0,0,0.003865937,Low Risk,Active Regular Customers,No immediate action
11435.23,33,1984.5833333333333,0.0,0.17073170731707327,-0.16,-0.97,14.92,0,0.0018125251,Low Risk,Active Regular Customers,No immediate action
5800.17,25,1186.1666666666667,0.0,0.08333333333333337,0.32,0.0,8.92,0,0.004454491,Low Risk,Active Regular Customers,No immediate action
12097.91,37,2247.625,0.0,-0.18749999999999997,-0.43,-0.99,13.58,0,0.0013602258,Low Risk,Active Regular Customers,No immediate action
12807.09,32,2300.7083333333335,2.0,-0.5,-0.92,-0.96,0.67,0,0.024602203,Low Risk,Active Regular Customers,No immediate action
3673.99,14,974.5416666666666,6.0,-0.43750000000000006,-1.0,-0.99,3.0,1,0.7369003,Medium Risk,Occasional Flyers,Double miles campaign
3933.81,13,747.0,6.0,-0.4193548387096774,-1.0,-0.98,16.25,1,0.71173245,Medium Risk,Occasional Flyers,Double miles campaign
3436.45,55,3296.4166666666665,1.0,-0.23809523809523808,-0.25,-0.99,17.58,0,0.006792,Low Risk,Active Regular Customers,No immediate action
3451.1,49,3649.5416666666665,0.0,-0.1578947368421052,0.03,0.0,78.25,0,0.009730704,Low Risk,Active Regular Customers,No immediate action
7756.31,41,2909.25,0.0,-0.32075471698113206,-0.54,0.13,64.25,0,0.0126265185,Low Risk,Active Regular Customers,No immediate action
10634.84,34,2062.75,0.0,-0.04545454545454547,0.15,3.16,23.0,0,0.0026742748,Low Risk,Active Regular Customers,No immediate action
3815.32,37,1550.125,0.0,0.2558139534883721,0.34,0.0,38.25,0,0.0016893437,Low Risk,Active Regular Customers,No immediate action
5169.5,0,0.0,0.0,0.0,0.0,0.0,0.0,1,0.61171925,Medium Risk,Occasional Flyers,Double miles campaign
15122.99,39,2351.4166666666665,1.0,-0.06250000000000001,-0.35,0.0,24.25,0,0.0060596704,Low Risk,Active Regular Customers,No immediate action
10856.18,0,0.0,0.0,0.0,0.0,0.0,0.0,0,0.6085993,Medium Risk,Occasional Flyers,Double miles campaign
3873.65,40,2557.7083333333335,0.0,0.08510638297872336,0.32,-0.96,2.0,0,0.0021419984,Low Risk,Active Regular Customers,No immediate action
12375.02,51,3139.6666666666665,1.0,-0.12068965517241384,-0.28,-0.96,39.58,0,0.009414706,Low Risk,Active Regular Customers,No immediate action
4466.98,43,2475.7916666666665,0.0,0.2765957446808511,1.27,0.07,18.92,0,0.0021975166,Low Risk,Active Regular Customers,No immediate action
2656.52,21,1417.875,0.0,1.8695652173913044,7.12,7.01,5.58,0,0.006794004,Low Risk,Occasional Flyers,No immediate action
12624.96,13,726.3333333333334,1.0,1.2857142857142856,9.03,0.0,18.25,0,0.007924637,Low Risk,Occasional Flyers,No immediate action
2584.53,7,346.25,18.0,-0.28,-1.0,0.0,4.92,1,0.967833,High Risk,Dormant Customers,30% bonus miles + reactivation email
10620.49,40,1978.6666666666667,1.0,0.4651162790697675,-0.13,1.75,40.67,0,0.0044364496,Low Risk,Active Regular Customers,No immediate action
12692.67,39,2701.0416666666665,0.0,0.2,0.79,-0.99,68.25,0,0.0015551175,Low Risk,Active Regular Customers,No immediate action
3432.96,20,1352.2083333333333,1.0,-0.22857142857142856,-0.43,0.62,3.33,0,0.0075711585,Low Risk,Active Regular Customers,No immediate action
4109.31,48,2586.4166666666665,1.0,0.23529411764705888,0.2,0.19,42.0,0,0.0053744977,Low Risk,Active Regular Customers,No immediate action
3176.36,3,103.70833333333333,0.0,0.5,414.83,131.17,0.92,0,0.0020563125,Low Risk,Occasional Flyers,No immediate action
3059.06,29,1549.25,0.0,0.29729729729729737,0.58,-0.98,6.92,0,0.0027045952,Low Risk,Active Regular Customers,No immediate action
8639.09,35,2301.9583333333335,0.0,-0.3125,-0.61,-0.97,10.25,0,0.0020344956,Low Risk,Active Regular Customers,No immediate action
15797.99,47,3469.9166666666665,0.0,0.018867924528301893,0.06,-0.99,6.25,0,0.001998036,Low Risk,Active Regular Customers,No immediate action
20477.11,50,3083.2083333333335,2.0,0.18867924528301885,0.53,-0.31,47.0,0,0.045099795,Low Risk,Active Regular Customers,No immediate action
4721.66,10,663.2083333333334,0.0,1.368421052631579,44.85,5.84,5.67,0,0.0044820933,Low Risk,Occasional Flyers,No immediate action
7028.94,6,500.375,21.0,-0.25,-1.0,0.0,3.0,1,0.8531025,High Risk,Dormant Customers,30% bonus miles + reactivation email
6981.08,0,0.0,0.0,0.0,0.0,0.0,0.0,0,0.6793221,Medium Risk,Occasional Flyers,Double miles campaign
8717.56,39,2275.125,2.0,0.29545454545454536,0.99,-0.98,8.25,0,0.016110264,Low Risk,Active Regular Customers,No immediate action
5417.74,15,1056.75,2.0,0.17857142857142858,0.62,82.67,2.92,0,0.024778668,Low Risk,Occasional Flyers,No immediate action
4328.86,35,2209.9166666666665,0.0,0.5384615384615384,1.02,195.5,8.25,0,0.0012592456,Low Risk,Active Regular Customers,No immediate action
7432.3,0,0.0,0.0,0.0,0.0,0.0,0.0,0,0.5961869,Medium Risk,Occasional Flyers,Double miles campaign
3645.46,35,2227.6666666666665,0.0,0.11627906976744191,-0.19,0.0,6.25,0,0.0023737713,Low Risk,Active Regular Customers,No immediate action
11039.32,47,6742.909090909091,0.0,5.260869565217392,30.14,1.85,57.58,0,0.013272626,Low Risk,Champions / Premium Travelers,Exclusive loyalty rewards
5770.68,0,0.0,0.0,0.0,0.0,0.0,0.0,0,0.631931,Medium Risk,Occasional Flyers,Double miles campaign
8296.18,51,3335.4583333333335,1.0,0.09090909090909102,-0.18,0.82,69.58,0,0.0136106275,Low Risk,Active Regular Customers,No immediate action
10934.74,48,2876.0416666666665,0.0,0.32,-0.17,-0.98,14.0,0,0.0016902495,Low Risk,Active Regular Customers,No immediate action
2276.39,30,1844.75,1.0,-0.2325581395348837,-0.37,-0.98,15.0,0,0.004116152,Low Risk,Active Regular Customers,No immediate action
6500.41,26,1374.0416666666667,0.0,0.16666666666666663,0.61,0.0,1.67,0,0.0024518357,Low Risk,Active Regular Customers,No immediate action
4772.94,29,1614.625,0.0,0.18421052631578944,0.16,2.72,32.92,0,0.0030744781,Low Risk,Active Regular Customers,No immediate action
4863.47,0,0.0,0.0,0.0,0.0,0.0,0.0,0,0.61171925,Medium Risk,Occasional Flyers,Double miles campaign
8563.97,44,3067.0416666666665,0.0,-0.22222222222222224,-0.16,-0.97,34.67,0,0.0032311496,Low Risk,Active Regular Customers,No immediate action
8791.44,45,2897.8333333333335,1.0,0.13999999999999999,0.09,-0.49,28.92,0,0.018404476,Low Risk,Active Regular Customers,No immediate action
5179.55,43,2756.5,0.0,0.7857142857142858,2.1,-0.95,18.92,0,0.0018944948,Low Risk,Active Regular Customers,No immediate action
2513.97,44,2578.6666666666665,1.0,-0.1509433962264151,0.24,-0.99,5.33,0,0.0017159407,Low Risk,Active Regular Customers,No immediate action
5059.99,38,2531.9166666666665,0.0,-0.20408163265306123,-0.43,0.47,9.67,0,0.0018809224,Low Risk,Active Regular Customers,No immediate action
11232.98,17,1003.0,0.0,-0.032258064516129045,-0.06,-0.97,10.92,0,0.01977944,Low Risk,Occasional Flyers,No immediate action
4992.92,39,2433.9166666666665,0.0,0.6097560975609756,3.13,3.98,12.25,0,0.0037889318,Low Risk,Active Regular Customers,No immediate action
9624.94,63,7323.181818181818,2.0,0.5789473684210527,0.61,-0.98,178.92,0,0.15196025,Low Risk,Champions / Premium Travelers,Exclusive loyalty rewards
7289.3,47,2485.0416666666665,0.0,0.09615384615384612,-0.1,1.12,18.92,0,0.0017024501,Low Risk,Active Regular Customers,No immediate action
26305.42,0,0.0,0.0,0.0,0.0,0.0,0.0,1,0.75802594,Medium Risk,Occasional Flyers,Double miles campaign
7706.96,44,3132.375,0.0,0.25,0.73,0.0,8.67,0,0.005195368,Low Risk,Active Regular Customers,No immediate action
21423.64,34,2068.625,0.0,-0.4489795918367347,-0.7,-0.98,19.0,0,0.001433483,Low Risk,Active Regular Customers,No immediate action
3514.21,44,1835.8958333333333,0.0,0.7441860465116279,1.11,0.69,6.0,0,0.0039857854,Low Risk,Active Regular Customers,No immediate action
11618.56,46,3315.9583333333335,0.0,-0.25000000000000006,-0.34,103.83,29.67,0,0.004894787,Low Risk,Active Regular Customers,No immediate action
6928.6,63,8479.727272727272,1.0,0.9245283018867925,0.8,-0.98,305.58,0,0.028632663,Low Risk,Champions / Premium Travelers,Exclusive loyalty rewards
7635.42,40,2465.7916666666665,0.0,-0.16,-0.62,-0.97,6.67,0,0.002302889,Low Risk,Active Regular Customers,No immediate action
9472.96,4,99.0,13.0,-0.1818181818181818,-0.99,0.0,4.0,1,0.9447197,High Risk,Dormant Customers,30% bonus miles + reactivation email
3924.42,15,689.5,17.0,-0.45454545454545453,-1.0,0.0,12.25,1,0.9233972,High Risk,Dormant Customers,30% bonus miles + reactivation email
3211.07,0,0.0,0.0,0.0,0.0,0.0,0.0,1,0.61886096,Medium Risk,Occasional Flyers,Double miles campaign
4881.75,34,2424.9166666666665,0.0,0.3499999999999999,-0.04,-0.99,9.67,0,0.0010893714,Low Risk,Active Regular Customers,No immediate action
9402.73,21,3101.5454545454545,1.0,1.0,3.42,0.0,32.92,1,0.055541247,Low Risk,Active Regular Customers,No immediate action
3184.36,36,2106.2083333333335,0.0,0.0,0.6,-0.98,1.33,0,0.0019131893,Low Risk,Active Regular Customers,No immediate action
5897.56,23,1483.6666666666667,5.0,0.028571428571428584,-0.35,-0.97,18.92,1,0.11940021,Low Risk,Active Regular Customers,No immediate action
6185.34,60,3508.875,0.0,0.19999999999999996,0.47,-0.99,40.67,0,0.001770127,Low Risk,Active Regular Customers,No immediate action
2937.42,27,1580.125,2.0,0.25,0.72,-0.97,4.25,0,0.018853456,Low Risk,Active Regular Customers,No immediate action
6243.09,37,2420.0416666666665,0.0,0.2558139534883721,0.39,-0.98,14.92,0,0.0013478062,Low Risk,Active Regular Customers,No immediate action
5534.57,29,1797.25,0.0,-0.02500000000000001,0.12,-0.96,20.92,0,0.001920534,Low Risk,Active Regular Customers,No immediate action
7981.44,48,3006.4583333333335,0.0,-0.2758620689655173,0.0,0.0,5.33,0,0.008147601,Low Risk,Active Regular Customers,No immediate action
4592.15,39,2562.5,0.0,0.3953488372093024,1.97,0.0,4.25,0,0.0026512898,Low Risk,Active Regular Customers,No immediate action
3164.38,29,2133.125,2.0,-0.5434782608695652,-0.95,4.61,4.92,0,0.011837158,Low Risk,Active Regular Customers,No immediate action
6273.91,89,15330.90909090909,0.0,2.6470588235294126,4.03,200.17,297.58,1,0.013187442,Low Risk,Champions / Premium Travelers,Exclusive loyalty rewards
13883.33,31,2056.0833333333335,2.0,-0.1627906976744186,-0.3,-0.99,6.92,0,0.0101993205,Low Risk,Active Regular Customers,No immediate action
8438.46,48,8124.363636363636,3.0,2.3529411764705883,3.98,-0.98,458.67,1,0.39896703,Low Risk,Champions / Premium Travelers,Exclusive loyalty rewards
12902.09,34,2191.0,0.0,0.3499999999999999,0.27,0.3,4.33,0,0.004428279,Low Risk,Active Regular Customers,No immediate action
5106.11,52,3053.3333333333335,0.0,0.22222222222222218,0.31,0.0,8.67,0,0.0033437298,Low Risk,Active Regular Customers,No immediate action
10700.5,9,625.9583333333334,0.0,1.5,2503.83,96.17,2.92,0,0.0059330096,Low Risk,Occasional Flyers,No immediate action
2695.18,47,2414.9583333333335,0.0,-0.1272727272727272,-0.4,-0.98,34.92,0,0.0016536838,Low Risk,Active Regular Customers,No immediate action
5107.16,39,2518.7083333333335,0.0,0.5000000000000001,1.37,2.31,11.58,0,0.0011819843,Low Risk,Active Regular Customers,No immediate action
5889.51,19,1082.375,0.0,0.7777777777777778,2.21,0.0,8.25,0,0.004929593,Low Risk,Occasional Flyers,No immediate action
4836.89,15,985.5,8.0,-0.45454545454545453,-1.0,-0.97,12.25,1,0.900446,High Risk,Dormant Customers,30% bonus miles + reactivation email
7373.23,0,0.0,0.0,0.0,0.0,0.0,0.0,1,0.5557773,Medium Risk,Occasional Flyers,Double miles campaign
9927.88,35,2167.7916666666665,0.0,0.5384615384615384,2.47,-0.97,40.92,0,0.0018177832,Low Risk,Active Regular Customers,No immediate action
8112.32,37,2093.375,0.0,0.945945945945946,1.96,-0.99,14.25,0,0.002177958,Low Risk,Active Regular Customers,No immediate action
9587.33,19,1118.5416666666667,6.0,-0.5135135135135136,-1.0,-0.97,0.92,0,0.5584152,Medium Risk,Active Regular Customers,Double miles campaign
5581.76,50,3682.125,1.0,0.11111111111111116,0.56,-0.95,16.33,0,0.008488534,Low Risk,Active Regular Customers,No immediate action
11692.01,16,1012.5833333333334,0.0,0.2857142857142857,0.87,-0.96,2.0,0,0.005925893,Low Risk,Occasional Flyers,No immediate action
4298.38,0,0.0,0.0,0.0,0.0,0.0,0.0,1,0.61384726,Medium Risk,Occasional Flyers,Double miles campaign
5230.09,42,2556.1666666666665,0.0,-0.03999999999999994,0.13,0.0,1.67,0,0.0055143917,Low Risk,Active Regular Customers,No immediate action
8013.61,37,2254.2083333333335,3.0,-0.33999999999999997,-0.37,-0.99,9.58,0,0.022807524,Low Risk,Active Regular Customers,No immediate action
8840.19,39,2122.6666666666665,0.0,0.6097560975609756,1.32,105.5,4.25,0,0.0020604255,Low Risk,Active Regular Customers,No immediate action
14585.38,48,2940.375,1.0,-0.21052631578947364,-0.32,-0.98,24.67,0,0.010530993,Low Risk,Active Regular Customers,No immediate action
2402.17,19,1591.5,0.0,0.6071428571428571,1.1,76.83,10.92,0,0.0028025976,Low Risk,Occasional Flyers,No immediate action
10963.96,8,480.6666666666667,0.0,1.3333333333333333,1922.67,0.0,3.33,0,0.00751222,Low Risk,Occasional Flyers,No immediate action
2810.96,47,3240.8333333333335,0.0,-0.1272727272727272,-0.23,-0.99,42.25,0,0.001207636,Low Risk,Active Regular Customers,No immediate action
4386.28,45,2554.625,0.0,-0.23636363636363633,-0.44,-0.99,2.25,0,0.003628604,Low Risk,Active Regular Customers,No immediate action
3857.95,40,2541.9583333333335,0.0,0.08510638297872336,0.39,-0.99,4.67,0,0.0013543514,Low Risk,Active Regular Customers,No immediate action
3459.04,34,2133.7916666666665,0.0,0.046511627906976764,-0.16,1.16,3.0,0,0.0029831566,Low Risk,Active Regular Customers,No immediate action
10346.32,14,859.125,10.0,-0.43750000000000006,-1.0,0.0,11.0,1,0.93759245,High Risk,Dormant Customers,30% bonus miles + reactivation email
3700.68,51,3039.5833333333335,0.0,-0.18644067796610164,-0.24,2.08,16.92,0,0.0012398242,Low Risk,Active Regular Customers,No immediate action
6189.99,30,1980.4583333333333,0.0,0.5,0.66,0.0,1.67,0,0.0029998757,Low Risk,Active Regular Customers,No immediate action
12941.89,28,1345.375,3.0,-0.19512195121951215,-0.49,-0.97,16.67,1,0.0682012,Low Risk,Active Regular Customers,No immediate action
6473.33,41,2572.2916666666665,2.0,0.23913043478260865,0.85,-0.98,52.25,0,0.022303961,Low Risk,Active Regular Customers,No immediate action
2311.12,0,0.0,0.0,0.0,0.0,0.0,0.0,1,0.45779398,Medium Risk,Occasional Flyers,Double miles campaign
5365.98,0,0.0,0.0,0.0,0.0,0.0,0.0,1,0.61171925,Medium Risk,Occasional Flyers,Double miles campaign
8617.55,53,7155.545454545455,1.0,3.9655172413793105,7.52,0.0,132.92,1,0.06164678,Low Risk,Champions / Premium Travelers,Exclusive loyalty rewards
5200.08,8,598.875,2.0,1.3333333333333333,2395.5,90.5,5.33,0,0.049145162,Low Risk,Occasional Flyers,No immediate action
2482.39,48,3153.7916666666665,0.0,-0.0727272727272727,-0.09,0.0,11.33,0,0.0011127474,Low Risk,Active Regular Customers,No immediate action
2434.09,33,1520.2083333333333,0.0,0.17073170731707327,1.01,-0.96,4.25,0,0.0024095548,Low Risk,Active Regular Customers,No immediate action
8104.43,47,2871.8333333333335,1.0,-0.1272727272727272,-0.35,-0.98,28.25,0,0.010829701,Low Risk,Active Regular Customers,No immediate action
11269.23,28,1824.125,1.0,0.7272727272727271,0.79,-0.97,31.33,0,0.009533083,Low Risk,Active Regular Customers,No immediate action
13891.68,42,2151.7083333333335,0.0,0.21276595744680843,0.27,0.0,87.0,0,0.0033194085,Low Risk,Active Regular Customers,No immediate action
2453.57,33,2329.125,1.0,-0.2,-0.22,2.53,28.25,0,0.015543254,Low Risk,Active Regular Customers,No immediate action
8543.33,0,0.0,0.0,0.0,0.0,0.0,0.0,1,0.5989688,Medium Risk,Occasional Flyers,Double miles campaign
6140.24,15,980.5416666666666,0.0,2.5,3922.17,0.0,8.92,0,0.0070594116,Low Risk,Occasional Flyers,No immediate action
2541.52,28,1623.7916666666667,1.0,1.5714285714285716,3.1,1.36,35.33,0,0.04049608,Low Risk,Active Regular Customers,No immediate action
4334.06,41,2185.7083333333335,1.0,0.06249999999999994,-0.05,1.32,16.92,0,0.004282718,Low Risk,Active Regular Customers,No immediate action
2290.68,10,620.9166666666666,17.0,-0.35714285714285715,-1.0,0.0,19.0,1,0.98112524,High Risk,Dormant Customers,30% bonus miles + reactivation email
4299.84,42,2265.125,0.0,0.4999999999999999,0.84,86.33,25.67,0,0.0015889164,Low Risk,Active Regular Customers,No immediate action
18708.76,40,2429.75,0.0,0.08510638297872336,-0.27,12.54,18.0,0,0.001673024,Low Risk,Active Regular Customers,No immediate action
9801.29,48,2812.125,4.0,-0.4,-0.32,-0.99,16.67,0,0.06994978,Low Risk,Active Regular Customers,No immediate action
8051.57,5,262.9166666666667,0.0,0.8333333333333334,1051.67,0.0,6.25,0,0.0019286145,Low Risk,Occasional Flyers,No immediate action
13561.2,50,3010.0416666666665,0.0,0.2692307692307692,0.08,0.0,19.0,0,0.0029825042,Low Risk,Active Regular Customers,No immediate action
5441.42,30,2038.2916666666667,3.0,-0.14285714285714285,-0.07,-0.97,5.67,0,0.037764203,Low Risk,Active Regular Customers,No immediate action
8819.02,36,2752.375,0.0,-0.4,-0.64,-0.05,16.67,0,0.0017241808,Low Risk,Active Regular Customers,No immediate action
2786.66,52,2994.0833333333335,0.0,0.14545454545454553,0.23,3.5,50.67,0,0.005762992,Low Risk,Active Regular Customers,No immediate action
8960.28,26,1772.75,1.0,0.16666666666666663,0.25,-0.98,33.67,0,0.010762111,Low Risk,Active Regular Customers,No immediate action
6846.15,41,2309.7916666666665,1.0,0.06249999999999994,-0.04,-0.99,20.92,0,0.0071274294,Low Risk,Active Regular Customers,No immediate action
5528.21,19,978.1666666666666,1.0,0.6071428571428571,0.15,0.0,38.92,0,0.017910324,Low Risk,Occasional Flyers,No immediate action
13466.92,32,1935.5,7.0,-0.64,-1.0,-0.97,55.33,1,0.89616853,High Risk,Active Regular Customers,Personalized route discount
4890.11,53,3676.4583333333335,0.0,0.6200000000000001,0.72,0.75,47.58,0,0.0027663196,Low Risk,Active Regular Customers,No immediate action
7019.18,37,2829.0,0.0,-0.02173913043478262,-0.03,-0.97,30.92,0,0.002262849,Low Risk,Active Regular Customers,No immediate action
6112.76,45,2864.0,0.0,0.05882352941176474,0.39,-0.96,22.92,0,0.0027350541,Low Risk,Active Regular Customers,No immediate action
2705.99,37,2498.0833333333335,0.0,1.0833333333333333,2.89,3.63,8.92,0,0.004578132,Low Risk,Active Regular Customers,No immediate action
4841.06,44,3038.125,0.0,0.3404255319148936,0.1,5.97,48.67,0,0.0064605875,Low Risk,Active Regular Customers,No immediate action
2467.98,36,2069.1666666666665,5.0,-0.4,-0.68,-0.96,20.67,0,0.3194973,Low Risk,Active Regular Customers,No immediate action
5155.53,0,0.0,0.0,0.0,0.0,0.0,0.0,1,0.61171925,Medium Risk,Occasional Flyers,Double miles campaign
6513.61,35,2647.0416666666665,0.0,0.022727272727272735,-0.04,-0.99,34.25,0,0.0009044136,Low Risk,Active Regular Customers,No immediate action
5133.64,45,2630.9166666666665,0.0,0.7045454545454545,1.3,-0.98,39.58,0,0.0014579257,Low Risk,Active Regular Customers,No immediate action
4526.95,3,207.0,0.0,0.5,828.0,0.0,2.25,0,0.0025210225,Low Risk,Occasional Flyers,No immediate action
4050.51,32,1808.375,0.0,0.19999999999999998,0.19,1.85,30.0,0,0.0014941421,Low Risk,Active Regular Customers,No immediate action
8312.68,29,1739.2916666666667,4.0,-0.12195121951219508,-0.28,-0.99,28.25,0,0.097601004,Low Risk,Active Regular Customers,No immediate action
20604.02,0,0.0,0.0,0.0,0.0,0.0,0.0,0,0.75893193,Medium Risk,Occasional Flyers,Double miles campaign
10970.13,49,6625.181818181818,1.0,4.76,18.97,93.5,110.92,1,0.12104536,Low Risk,Champions / Premium Travelers,Exclusive loyalty rewards
7377.23,43,2882.8333333333335,0.0,0.1874999999999999,0.34,1.34,18.25,0,0.0035257866,Low Risk,Active Regular Customers,No immediate action
13061.52,52,2804.9583333333335,0.0,0.22222222222222218,0.48,-0.99,60.0,0,0.0021040847,Low Risk,Active Regular Customers,No immediate action
19160.99,25,1580.5,7.0,-0.5813953488372093,-1.0,0.0,12.92,1,0.56134534,Medium Risk,Active Regular Customers,Double miles campaign
2641.45,34,2332.1666666666665,0.0,0.4615384615384614,0.49,2.0,17.67,0,0.0018202298,Low Risk,Active Regular Customers,No immediate action
4082.17,9,596.4166666666666,0.0,1.2105263157894737,45.33,76.17,6.92,0,0.0041474923,Low Risk,Occasional Flyers,No immediate action
12324.27,18,1035.7083333333333,2.0,0.20000000000000004,0.63,-0.98,17.0,0,0.04572814,Low Risk,Occasional Flyers,No immediate action
4118.59,33,2278.5833333333335,3.0,0.07142857142857147,0.11,2.55,14.25,0,0.027386507,Low Risk,Active Regular Customers,No immediate action
13881.04,0,0.0,0.0,0.0,0.0,0.0,0.0,0,0.5735668,Medium Risk,Occasional Flyers,Double miles campaign
22185.88,16,932.375,1.0,0.8,2.83,0.0,4.67,0,0.008568695,Low Risk,Occasional Flyers,No immediate action
23554.39,42,2756.1666666666665,0.0,-0.1176470588235294,0.09,-0.95,7.0,0,0.0028621203,Low Risk,Active Regular Customers,No immediate action
8937.12,49,2905.5833333333335,0.0,-0.01818181818181812,0.82,0.1,54.92,0,0.006438636,Low Risk,Active Regular Customers,No immediate action
3141.33,19,673.25,1.0,0.6071428571428571,0.73,58.5,7.58,0,0.008684315,Low Risk,Occasional Flyers,No immediate action
5345.2,22,1682.7916666666667,0.0,0.9285714285714285,1.61,79.5,20.33,0,0.0028915077,Low Risk,Occasional Flyers,No immediate action
7923.14,35,2108.25,0.0,-0.0666666666666667,-0.24,0.2,2.92,0,0.001800441,Low Risk,Active Regular Customers,No immediate action
6974.92,26,1440.0,0.0,0.054054054054054085,0.04,7.11,11.0,0,0.0023074502,Low Risk,Active Regular Customers,No immediate action
10232.85,39,2673.9166666666665,1.0,0.02127659574468086,-0.41,6.4,98.25,0,0.009643362,Low Risk,Active Regular Customers,No immediate action
7218.38,42,2777.7083333333335,1.0,-0.19230769230769232,-0.2,-0.99,5.67,0,0.010121221,Low Risk,Active Regular Customers,No immediate action
2847.97,23,1622.4166666666667,4.0,0.40625,1.23,107.17,34.92,1,0.39369267,Low Risk,Occasional Flyers,No immediate action
7700.62,42,2489.9583333333335,2.0,-0.03999999999999994,-0.31,55.67,14.33,0,0.00884254,Low Risk,Active Regular Customers,No immediate action
9095.05,26,1478.8333333333333,0.0,1.1724137931034482,4.31,0.0,4.33,0,0.005403506,Low Risk,Active Regular Customers,No immediate action
10208.93,39,3017.25,1.0,-0.1428571428571429,-0.11,0.0,0.92,0,0.01918422,Low Risk,Active Regular Customers,No immediate action
25807.06,23,1489.2083333333333,0.0,0.27272727272727265,0.0,-0.96,24.25,0,0.0027380784,Low Risk,Active Regular Customers,No immediate action
4636.55,37,2308.8333333333335,0.0,0.2558139534883721,0.28,-0.96,16.92,0,0.0013720217,Low Risk,Active Regular Customers,No immediate action
2442.22,29,1611.7916666666667,1.0,0.29729729729729737,0.24,-0.96,10.92,0,0.0063669905,Low Risk,Active Regular Customers,No immediate action
15306.22,0,0.0,0.0,0.0,0.0,0.0,0.0,1,0.5653012,Medium Risk,Occasional Flyers,Double miles campaign
10899.3,38,2474.4166666666665,0.0,-0.12500000000000003,-0.33,1.17,30.33,0,0.0019674215,Low Risk,Active Regular Customers,No immediate action
4984.62,38,2579.5833333333335,0.0,-0.35294117647058826,-0.36,-0.95,8.33,0,0.0022478066,Low Risk,Active Regular Customers,No immediate action
10103.65,33,1857.2083333333333,0.0,0.3846153846153845,0.28,0.0,37.58,0,0.00219716,Low Risk,Active Regular Customers,No immediate action
2009.77,40,3114.0416666666665,3.0,0.3636363636363637,1.35,1.8,45.33,1,0.20860793,Low Risk,Active Regular Customers,No immediate action
10552.17,38,3014.25,0.0,0.4285714285714287,1.28,1.38,36.33,0,0.002565079,Low Risk,Active Regular Customers,No immediate action
3659.18,39,2389.0416666666665,1.0,-0.21999999999999995,0.05,103.5,18.25,0,0.006070679,Low Risk,Active Regular Customers,No immediate action
12010.94,49,2860.4166666666665,0.0,-0.01818181818181812,0.45,4.18,12.25,0,0.0029489063,Low Risk,Active Regular Customers,No immediate action
8495.16,28,1403.7916666666667,4.0,-0.28571428571428575,0.13,-0.96,6.67,1,0.055584446,Low Risk,Active Regular Customers,No immediate action
2263.28,34,2047.7083333333333,0.0,-0.37499999999999994,-0.48,-0.99,43.0,0,0.0012373102,Low Risk,Active Regular Customers,No immediate action
6991.25,54,7473.727272727273,0.0,1.441860465116279,2.52,-0.95,73.0,0,0.02088367,Low Risk,Active Regular Customers,No immediate action
4305.81,23,1162.5,1.0,1.64,8.25,0.0,21.58,0,0.010430689,Low Risk,Occasional Flyers,No immediate action
5498.94,6,336.4166666666667,0.0,1.0,1345.67,68.67,3.0,0,0.0021423989,Low Risk,Occasional Flyers,No immediate action
5189.29,18,1181.4583333333333,8.0,-0.5,-1.0,-0.98,3.67,1,0.8673804,High Risk,Dormant Customers,30% bonus miles + reactivation email
11124.21,84,12332.454545454546,0.0,4.3076923076923075,7.03,0.0,114.0,0,0.012686851,Low Risk,Champions / Premium Travelers,Exclusive loyalty rewards
6793.77,28,2073.4583333333335,2.0,0.21621621621621623,0.79,-0.99,12.0,0,0.011834576,Low Risk,Active Regular Customers,No immediate action
9988.79,40,2685.7916666666665,0.0,1.3333333333333333,3.74,-0.96,36.67,0,0.0028827924,Low Risk,Active Regular Customers,No immediate action
9774.61,48,3034.625,0.0,0.6956521739130436,1.8,2.12,2.67,0,0.0065415297,Low Risk,Active Regular Customers,No immediate action
2907.9,0,0.0,0.0,0.0,0.0,0.0,0.0,0,0.6048543,Medium Risk,Occasional Flyers,Double miles campaign
6274.45,40,2546.2083333333335,0.0,0.17391304347826086,0.35,0.0,8.67,0,0.0031011088,Low Risk,Active Regular Customers,No immediate action
16681.33,0,0.0,0.0,0.0,0.0,0.0,0.0,1,0.5974888,Medium Risk,Occasional Flyers,Double miles campaign
14040.96,0,0.0,0.0,0.0,0.0,0.0,0.0,1,0.5735668,Medium Risk,Occasional Flyers,Double miles campaign
2771.05,43,2724.4166666666665,0.0,-0.058823529411764656,-0.21,-0.96,30.92,0,0.0027113252,Low Risk,Active Regular Customers,No immediate action
7482.64,0,0.0,0.0,0.0,0.0,0.0,0.0,0,0.5961869,Medium Risk,Occasional Flyers,Double miles campaign
10013.78,43,3701.0,2.0,2.4838709677419355,4.16,105.83,220.92,1,0.18251267,Low Risk,Champions / Premium Travelers,Exclusive loyalty rewards
8662.05,13,731.875,1.0,0.44000000000000006,0.55,1.47,1.58,0,0.011384141,Low Risk,Occasional Flyers,No immediate action
7780.49,0,0.0,0.0,0.0,0.0,0.0,0.0,1,0.5989688,Medium Risk,Occasional Flyers,Double miles campaign
5285.27,38,2593.7083333333335,2.0,0.04347826086956524,0.05,7.08,51.0,0,0.024323065,Low Risk,Active Regular Customers,No immediate action
4428.03,27,1940.0833333333333,0.0,0.026315789473684223,-0.02,-0.97,6.25,0,0.0028062765,Low Risk,Active Regular Customers,No immediate action
2685.74,39,2671.375,0.0,0.29545454545454536,1.11,-0.99,14.25,0,0.0011514665,Low Risk,Active Regular Customers,No immediate action
4767.69,45,2746.5,1.0,0.22448979591836735,0.5,-0.99,14.25,0,0.0043865102,Low Risk,Active Regular Customers,No immediate action
5681.31,32,2019.25,0.0,0.09756097560975614,0.31,-0.97,16.67,0,0.0019217884,Low Risk,Active Regular Customers,No immediate action
4177.67,30,1983.6666666666667,0.0,0.5,1.29,0.04,3.67,0,0.0028733802,Low Risk,Active Regular Customers,No immediate action
7851.58,0,0.0,0.0,0.0,0.0,0.0,0.0,1,0.5989688,Medium Risk,Occasional Flyers,Double miles campaign
6325.03,7,384.75,1.0,1.1666666666666667,1539.0,84.33,5.58,0,0.006354541,Low Risk,Occasional Flyers,No immediate action
2859.41,21,1303.5833333333333,2.0,0.6551724137931034,1.87,0.0,20.92,0,0.055364136,Low Risk,Occasional Flyers,No immediate action
38887.9,36,2242.625,2.0,-0.4705882352941177,-0.81,-0.95,33.33,0,0.013796759,Low Risk,Active Regular Customers,No immediate action
8002.31,38,2131.5416666666665,0.0,0.1333333333333333,0.05,0.65,9.0,0,0.0016630857,Low Risk,Active Regular Customers,No immediate action
8417.1,40,2394.625,0.0,0.2666666666666666,0.01,-0.96,8.67,0,0.0015741694,Low Risk,Active Regular Customers,No immediate action
4520.34,45,3007.8333333333335,0.0,-0.01923076923076924,-0.25,-0.96,3.58,0,0.005118646,Low Risk,Active Regular Customers,No immediate action
6087.3,39,2838.9583333333335,0.0,0.10869565217391301,0.18,0.0,4.92,0,0.004210795,Low Risk,Active Regular Customers,No immediate action
9655.44,29,2108.9166666666665,0.0,0.29729729729729737,0.52,123.17,2.92,0,0.0019053473,Low Risk,Active Regular Customers,No immediate action
10926.69,2,74.66666666666667,0.0,0.3333333333333333,298.67,0.0,1.0,0,0.0026218772,Low Risk,Occasional Flyers,No immediate action
10581.28,37,2423.5833333333335,4.0,-0.33999999999999997,-0.71,-0.98,38.92,0,0.06509513,Low Risk,Active Regular Customers,No immediate action
5670.44,39,2201.625,1.0,0.725,1.36,-0.97,8.25,0,0.0055726566,Low Risk,Active Regular Customers,No immediate action
22217.97,49,3070.5416666666665,1.0,-0.288135593220339,-0.41,0.0,6.25,0,0.00971955,Low Risk,Active Regular Customers,No immediate action
12682.25,13,824.0833333333334,0.0,2.1666666666666665,3296.33,98.67,7.58,0,0.012171862,Low Risk,Occasional Flyers,No immediate action
5332.46,36,2509.875,1.0,0.5,0.86,-0.95,32.67,0,0.008821852,Low Risk,Active Regular Customers,No immediate action
27789.69,37,2611.625,0.0,-0.02173913043478262,0.02,-0.95,28.25,0,0.0011568399,Low Risk,Active Regular Customers,No immediate action
2647.52,40,2100.0833333333335,0.0,0.3636363636363637,0.34,98.33,18.0,0,0.0035978206,Low Risk,Active Regular Customers,No immediate action
8610.67,29,1843.9166666666667,1.0,0.29729729729729737,1.71,58.33,10.92,0,0.010419164,Low Risk,Active Regular Customers,No immediate action
4657.16,40,2424.875,2.0,-0.2352941176470588,-0.52,-0.98,32.67,0,0.02894227,Low Risk,Active Regular Customers,No immediate action
5791.01,39,2149.9166666666665,1.0,0.02127659574468086,-0.18,5.51,4.92,0,0.00518704,Low Risk,Active Regular Customers,No immediate action
2538.63,23,3412.7272727272725,0.0,0.7,1.45,0.0,6.92,0,0.007782933,Low Risk,Active Regular Customers,No immediate action
13917.38,48,2719.9166666666665,0.0,0.23529411764705888,0.44,1.56,22.0,0,0.0015980159,Low Risk,Active Regular Customers,No immediate action
5625.91,54,3271.5,0.0,-0.10000000000000003,0.04,-0.99,33.67,0,0.001689334,Low Risk,Active Regular Customers,No immediate action
3961.59,0,0.0,0.0,0.0,0.0,0.0,0.0,0,0.61384726,Medium Risk,Occasional Flyers,Double miles campaign
20003.14,0,0.0,0.0,0.0,0.0,0.0,0.0,1,0.493066,Medium Risk,Occasional Flyers,Double miles campaign
5639.94,47,3302.5833333333335,0.0,0.34693877551020397,0.21,0.6,20.25,0,0.0021823198,Low Risk,Active Regular Customers,No immediate action
12269.42,6,515.4583333333334,18.0,-0.25,-1.0,0.0,5.67,1,0.9613863,High Risk,Dormant Customers,30% bonus miles + reactivation email
5714.17,26,1339.2916666666667,1.0,-0.5116279069767441,-0.92,-0.98,8.33,0,0.0045626974,Low Risk,Active Regular Customers,No immediate action
6393.87,55,3711.4545454545455,1.0,7.285714285714286,83.07,334.0,225.58,0,0.047440976,Low Risk,Champions / Premium Travelers,Exclusive loyalty rewards
4715.29,7,289.375,21.0,-0.28,-1.0,0.0,5.58,1,0.9378896,High Risk,Dormant Customers,30% bonus miles + reactivation email
21295.51,34,1875.0416666666667,3.0,-0.1333333333333333,-0.54,0.6,33.0,0,0.055304285,Low Risk,Active Regular Customers,No immediate action
3979.72,0,0.0,0.0,0.0,0.0,0.0,0.0,0,0.61384726,Medium Risk,Occasional Flyers,Double miles campaign
3102.79,38,2431.9583333333335,5.0,-0.42307692307692313,-0.4,1.04,31.0,1,0.5725497,Medium Risk,Active Regular Customers,Double miles campaign
4611.25,54,3537.5,1.0,-0.1639344262295082,-0.38,-0.96,57.0,0,0.009230692,Low Risk,Active Regular Customers,No immediate action
8509.45,0,0.0,0.0,0.0,0.0,0.0,0.0,0,0.5989688,Medium Risk,Occasional Flyers,Double miles campaign
5375.82,37,2327.6666666666665,0.0,0.8157894736842105,1.36,-0.99,24.25,0,0.00090853387,Low Risk,Active Regular Customers,No immediate action
13786.7,30,1945.0833333333333,0.0,0.6285714285714286,1.08,-0.96,12.33,0,0.0018555304,Low Risk,Active Regular Customers,No immediate action
8478.3,8,427.125,0.0,0.7999999999999999,6.26,0.0,0.67,0,0.0044507496,Low Risk,Occasional Flyers,No immediate action
29194.37,44,2717.7083333333335,0.0,0.43478260869565216,-0.14,0.1,27.33,0,0.0011686372,Low Risk,Active Regular Customers,No immediate action
10484.92,50,2794.5416666666665,0.0,0.2692307692307692,-0.04,-0.95,23.0,0,0.0016924185,Low Risk,Active Regular Customers,No immediate action
3136.43,30,2270.1666666666665,0.0,0.7647058823529413,1.36,2.38,3.0,0,0.0015644893,Low Risk,Active Regular Customers,No immediate action
3909.64,38,2546.75,1.0,-0.12500000000000003,-0.41,-0.18,9.67,0,0.007224852,Low Risk,Active Regular Customers,No immediate action
8273.11,3,237.125,3.0,0.5,948.5,0.0,0.92,0,0.072899245,Low Risk,Occasional Flyers,No immediate action
8509.85,31,2128.5833333333335,1.0,1.1562500000000002,1.75,-0.98,58.25,0,0.010745189,Low Risk,Active Regular Customers,No immediate action
17651.96,28,1793.0,0.0,0.8750000000000002,2.5,0.0,17.33,0,0.003202634,Low Risk,Active Regular Customers,No immediate action
6412.37,42,2597.8333333333335,2.0,0.21276595744680843,0.59,-0.96,39.0,0,0.017061103,Low Risk,Active Regular Customers,No immediate action
2574.02,45,2928.375,3.0,0.05882352941176474,0.05,-0.99,54.25,0,0.04720947,Low Risk,Active Regular Customers,No immediate action
3520.7,26,1634.2916666666667,0.0,0.41176470588235303,1.06,77.0,9.0,0,0.0018207376,Low Risk,Active Regular Customers,No immediate action
28421.57,11,1333.7272727272727,7.0,-0.37931034482758624,-1.0,0.0,18.25,1,0.94090134,High Risk,Occasional Flyers,Weekend fare promotion
21528.57,39,2288.75,1.0,0.02127659574468086,0.07,2.61,0.25,0,0.016767722,Low Risk,Active Regular Customers,No immediate action
7855.32,35,1921.5833333333333,0.0,-0.15217391304347824,0.0,0.0,14.25,0,0.0021905464,Low Risk,Active Regular Customers,No immediate action
11160.08,35,2300.1666666666665,3.0,-0.23404255319148937,-0.5,2.3,36.92,0,0.022726677,Low Risk,Active Regular Customers,No immediate action
3554.85,31,1623.7916666666667,0.0,0.12499999999999994,-0.03,0.29,10.92,0,0.0033022384,Low Risk,Active Regular Customers,No immediate action
7920.11,0,0.0,0.0,0.0,0.0,0.0,0.0,0,0.5989688,Medium Risk,Occasional Flyers,Double miles campaign
3808.12,0,0.0,0.0,0.0,0.0,0.0,0.0,0,0.61384726,Medium Risk,Occasional Flyers,Double miles campaign
3644.83,39,2330.0,1.0,-0.21999999999999995,-0.41,0.94,34.92,0,0.009483894,Low Risk,Active Regular Customers,No immediate action
4526.61,38,2498.9166666666665,0.0,-0.27999999999999997,-0.18,-0.96,44.33,0,0.001342413,Low Risk,Active Regular Customers,No immediate action
5535.96,44,2740.0,0.0,-0.07692307692307689,-0.02,105.67,6.67,0,0.0042501227,Low Risk,Active Regular Customers,No immediate action
8004.21,24,1724.875,2.0,1.3333333333333333,2.55,0.0,24.67,0,0.0711558,Low Risk,Active Regular Customers,No immediate action
2680.9,65,10546.545454545454,4.0,0.5254237288135594,0.98,1.16,373.58,0,0.18733938,Low Risk,Champions / Premium Travelers,Exclusive loyalty rewards
10014.06,37,2377.4583333333335,0.0,0.2558139534883721,0.2,0.0,1.58,0,0.0029242616,Low Risk,Active Regular Customers,No immediate action
4547.16,5,376.25,0.0,0.8333333333333334,1505.0,0.0,6.25,0,0.0021263477,Low Risk,Occasional Flyers,No immediate action
5383.67,30,2279.5416666666665,0.0,0.6285714285714286,1.28,0.91,7.0,0,0.0029942137,Low Risk,Active Regular Customers,No immediate action
6057.07,6,177.375,0.0,1.0,709.5,0.0,3.0,0,0.0019997414,Low Risk,Occasional Flyers,No immediate action
2549.08,48,3045.5416666666665,3.0,-0.14285714285714285,-0.23,0.62,18.0,0,0.030960068,Low Risk,Active Regular Customers,No immediate action
2551.23,33,1811.2083333333333,2.0,-0.2,-0.54,0.0,20.92,0,0.012791765,Low Risk,Active Regular Customers,No immediate action
4554.56,11,909.0416666666666,20.0,-0.37931034482758624,-1.0,0.0,10.25,1,0.94532907,High Risk,Dormant Customers,30% bonus miles + reactivation email
8319.53,3,218.0,0.0,0.5,872.0,0.0,0.92,0,0.0022554863,Low Risk,Occasional Flyers,No immediate action
4826.83,31,2022.3333333333333,2.0,-0.4130434782608696,-0.73,-0.96,18.92,0,0.016178567,Low Risk,Active Regular Customers,No immediate action
5155.53,42,2640.5416666666665,2.0,-0.03999999999999994,0.41,-0.96,0.33,0,0.02221962,Low Risk,Active Regular Customers,No immediate action
2507.41,3,132.0,0.0,0.5,528.0,0.0,2.25,0,0.0025353066,Low Risk,Occasional Flyers,No immediate action
4144.87,0,0.0,0.0,0.0,0.0,0.0,0.0,0,0.61384726,Medium Risk,Occasional Flyers,Double miles campaign
4376.36,31,1783.9166666666667,0.0,0.5833333333333333,0.84,298.0,62.25,0,0.0020119825,Low Risk,Occasional Flyers,No immediate action
6701.77,8,662.625,21.0,-0.30769230769230765,-1.0,0.0,6.0,1,0.8733136,High Risk,Dormant Customers,30% bonus miles + reactivation email
21920.81,16,1023.75,1.0,0.13793103448275862,1.15,0.0,6.0,0,0.039504796,Low Risk,Occasional Flyers,No immediate action
2544.97,59,11108.272727272728,2.0,2.384615384615384,4.73,2.8,138.25,0,0.21811809,Low Risk,Champions / Premium Travelers,Exclusive loyalty rewards
2523.07,0,0.0,0.0,0.0,0.0,0.0,0.0,0,0.5360927,Medium Risk,Occasional Flyers,Double miles campaign
5533.23,36,2302.4166666666665,1.0,0.0,-0.33,-0.99,12.67,0,0.0032906812,Low Risk,Active Regular Customers,No immediate action
4837.93,54,7285.454545454545,2.0,1.5714285714285718,1.45,0.0,323.67,0,0.164899,Low Risk,Champions / Premium Travelers,Exclusive loyalty rewards
9029.94,34,2515.7083333333335,0.0,0.4615384615384614,0.77,0.0,5.67,0,0.003607567,Low Risk,Active Regular Customers,No immediate action
8106.22,17,2418.4545454545455,0.0,1.5909090909090906,9.06,175.33,1.58,0,0.031980462,Low Risk,Occasional Flyers,No immediate action
2718.38,39,2621.5833333333335,3.0,-0.21999999999999995,-0.45,0.41,4.25,0,0.046256736,Low Risk,Active Regular Customers,No immediate action
21768.7,24,1612.2916666666667,0.0,0.0,0.47,106.0,5.33,0,0.0024982484,Low Risk,Occasional Flyers,No immediate action
4217.86,0,0.0,0.0,0.0,0.0,0.0,0.0,1,0.61384726,Medium Risk,Occasional Flyers,Double miles campaign
21283.64,42,2126.2916666666665,0.0,0.3043478260869566,0.52,7.03,5.67,0,0.007405208,Low Risk,Active Regular Customers,No immediate action
5332.62,29,1900.9166666666667,0.0,0.07692307692307684,0.17,0.0,8.25,0,0.0034184225,Low Risk,Active Regular Customers,No immediate action
6047.03,13,662.7916666666666,0.0,2.1666666666666665,2651.17,0.0,5.58,0,0.004487816,Low Risk,Occasional Flyers,No immediate action
6042.91,33,2146.3333333333335,0.0,-0.28260869565217395,-0.56,4.4,20.92,0,0.0014023848,Low Risk,Active Regular Customers,No immediate action
8255.06,2,202.75,0.0,0.3333333333333333,811.0,0.0,1.0,0,0.0021684575,Low Risk,Occasional Flyers,No immediate action
2388.35,3,203.75,1.0,0.5,815.0,85.83,2.25,0,0.010437159,Low Risk,Occasional Flyers,No immediate action
7185.67,37,1605.3333333333333,0.0,0.4634146341463416,1.4,0.0,24.92,0,0.00257624,Low Risk,Active Regular Customers,No immediate action
5595.39,40,2226.6666666666665,0.0,0.17391304347826086,-0.24,0.0,35.33,0,0.0022410727,Low Risk,Active Regular Customers,No immediate action
7896.71,51,2628.5,0.0,0.017857142857142794,0.5,-0.98,9.58,0,0.0020765055,Low Risk,Active Regular Customers,No immediate action
3954.34,41,2517.2083333333335,1.0,0.23913043478260865,0.28,5.01,18.92,0,0.006272422,Low Risk,Active Regular Customers,No immediate action
2624.9,34,2259.5,0.0,-0.37499999999999994,-0.68,0.0,9.67,0,0.004575584,Low Risk,Active Regular Customers,No immediate action
2414.77,42,2785.0416666666665,0.0,-0.1176470588235294,-0.13,-0.99,3.0,0,0.0010169457,Low Risk,Active Regular Customers,No immediate action
8286.96,20,1503.625,15.0,-0.5263157894736842,-1.0,-0.98,2.0,0,0.5765649,Medium Risk,Dormant Customers,Double miles campaign
2523.65,41,2573.125,0.0,-0.24999999999999997,-0.27,0.0,12.25,0,0.00075633515,Low Risk,Active Regular Customers,No immediate action
19160.99,33,1912.3333333333333,0.0,0.75,0.85,0.61,4.25,0,0.0019198421,Low Risk,Active Regular Customers,No immediate action
7434.68,0,0.0,0.0,0.0,0.0,0.0,0.0,1,0.5961869,Medium Risk,Occasional Flyers,Double miles campaign
6545.8,53,3419.2083333333335,0.0,0.12499999999999999,0.29,0.0,8.92,0,0.0034121561,Low Risk,Active Regular Customers,No immediate action
15394.87,26,1470.3333333333333,0.0,0.5454545454545453,1.0,1.14,3.67,0,0.0028659143,Low Risk,Active Regular Customers,No immediate action
2434.85,31,1671.25,0.0,0.23076923076923073,0.35,6.37,16.25,0,0.0012604882,Low Risk,Active Regular Customers,No immediate action
7094.16,0,0.0,0.0,0.0,0.0,0.0,0.0,0,0.6793221,Medium Risk,Occasional Flyers,Double miles campaign
3362.67,0,0.0,0.0,0.0,0.0,0.0,0.0,0,0.61886096,Medium Risk,Occasional Flyers,Double miles campaign
14917.33,33,2048.875,0.0,-0.2,-0.4,-0.97,46.92,0,0.0020616876,Low Risk,Active Regular Customers,No immediate action
4087.51,37,2143.4583333333335,0.0,0.575,0.73,0.0,10.25,0,0.0020806706,Low Risk,Active Regular Customers,No immediate action
4838.21,43,2557.7916666666665,0.0,-0.3454545454545454,-0.32,0.25,38.92,0,0.0012552626,Low Risk,Active Regular Customers,No immediate action
9407.45,26,1491.5833333333333,1.0,-0.4285714285714286,-0.62,-0.97,7.0,0,0.006228992,Low Risk,Active Regular Customers,No immediate action
6282.08,0,0.0,0.0,0.0,0.0,0.0,0.0,1,0.6084303,Medium Risk,Occasional Flyers,Double miles campaign
4834.71,32,2125.5416666666665,0.0,0.0,-0.03,-0.97,16.67,0,0.0018848897,Low Risk,Active Regular Customers,No immediate action
8876.67,42,2967.4166666666665,1.0,-0.19230769230769232,0.09,-0.99,17.0,0,0.009970693,Low Risk,Active Regular Customers,No immediate action
10515.97,33,2424.2916666666665,0.0,0.4999999999999999,0.89,3.33,18.25,0,0.002128417,Low Risk,Active Regular Customers,No immediate action
8491.02,41,2639.75,0.0,0.43181818181818177,0.58,-0.97,10.25,0,0.0013949402,Low Risk,Active Regular Customers,No immediate action
4563.02,9,761.5416666666666,17.0,-0.3333333333333333,-1.0,0.0,2.92,1,0.9274952,High Risk,Dormant Customers,30% bonus miles + reactivation email
8906.99,0,0.0,0.0,0.0,0.0,0.0,0.0,0,0.5934868,Medium Risk,Occasional Flyers,Double miles campaign
8609.16,30,1901.5833333333333,1.0,-0.14285714285714285,-0.17,0.01,7.0,0,0.007230408,Low Risk,Active Regular Customers,No immediate action
9035.67,20,1190.2083333333333,7.0,-0.5263157894736842,-1.0,0.0,22.0,1,0.81726587,High Risk,Active Regular Customers,Personalized route discount
2514.59,14,993.0,0.0,0.75,3.42,7.76,7.0,0,0.0059203478,Low Risk,Occasional Flyers,No immediate action
8622.84,0,0.0,0.0,0.0,0.0,0.0,0.0,0,0.5989688,Medium Risk,Occasional Flyers,Double miles campaign
3697.04,37,1646.9583333333333,0.0,0.15909090909090906,0.4,0.0,55.58,0,0.0047022114,Low Risk,Active Regular Customers,No immediate action
5181.05,37,2260.7083333333335,0.0,0.15909090909090906,0.47,0.0,0.92,0,0.0023903672,Low Risk,Active Regular Customers,No immediate action
3508.57,50,3062.4166666666665,1.0,-0.23728813559322032,-0.27,168.83,15.0,0,0.004904093,Low Risk,Active Regular Customers,No immediate action
6599.08,0,0.0,0.0,0.0,0.0,0.0,0.0,1,0.53108716,Medium Risk,Occasional Flyers,Double miles campaign
7516.83,43,2207.2083333333335,2.0,-0.27777777777777773,-0.42,-0.98,52.25,0,0.016078604,Low Risk,Active Regular Customers,No immediate action
4579.61,0,0.0,0.0,0.0,0.0,0.0,0.0,0,0.61384726,Medium Risk,Occasional Flyers,Double miles campaign
5039.39,0,0.0,0.0,0.0,0.0,0.0,0.0,0,0.61171925,Medium Risk,Occasional Flyers,Double miles campaign
4566.38,32,1967.9166666666667,0.0,0.5405405405405405,0.18,-0.96,16.67,0,0.001705457,Low Risk,Active Regular Customers,No immediate action
2879.63,42,2463.1666666666665,0.0,0.7142857142857144,1.02,-0.98,13.67,0,0.001941681,Low Risk,Active Regular Customers,No immediate action
18522.29,54,3805.4166666666665,0.0,0.8749999999999998,1.69,0.46,69.67,0,0.0024881815,Low Risk,Active Regular Customers,No immediate action
4504.16,0,0.0,0.0,0.0,0.0,0.0,0.0,1,0.61384726,Medium Risk,Occasional Flyers,Double miles campaign
3238.0,36,2563.5,0.0,0.5,0.6,-0.17,2.0,0,0.0017713095,Low Risk,Active Regular Customers,No immediate action
8489.84,0,0.0,0.0,0.0,0.0,0.0,0.0,1,0.5989688,Medium Risk,Occasional Flyers,Double miles campaign
5639.94,38,2029.0416666666667,0.0,0.04347826086956524,0.32,91.5,48.33,0,0.0016254305,Low Risk,Active Regular Customers,No immediate action
